symbol,found,security_name,security_type,structure,parent_ticker,cusip,exchange,currency,cumulative,qdi_eligible,coupon_type,coupon_pct,par,annual_amount,call_date,call_price,maturity_date,reference_rate,float_spread_bps,float_floor_pct,reset_date,ratings,distribution_dates,qol_as_of,previous_ticker,previous_ticker_changed,redeemed,qol_table_raw,parse_flags,fetched_at
AAIN,True,Ellington Financial Inc.. 6.00% Senior Notes due 8/01/2026,Exchange-Traded Debt Security,BABY_BOND,EFC,041356809,NYSE,USD,,False,FIXED,6.0,25.0,1.5,8/01/2023,25.0,8/01/2026,,,,,NF NF,"2/1, 5/1, 8/1 & 11/1",4/09/2023,,,True,"Delisted | 6.00% | $1.5 | $25.00 | $25.00 | 8/01/2023 | 8/01/2026 | NF NF | 4/09/2023 | 2/1, 5/1, 8/1 & 11/1 | No",,2026-08-21T19:01:33Z
ABR-D,True,Arbor Realty Trust 6.375% Series D Cumulative Redeemable Preferred Stock,Traditional Preferred Stock,PREFERRED,ABR,038923876,NYSE,USD,True,False,FIXED,6.375,25.0,1.59375,6/02/2026,25.0,,,,,,NF NF,"1/30, 4/30, 7/30 & 10/30",3/19/2024,ABRRP,6/07/2021,False,"NYSE | 6.38% | $1.59375 | $25.00 | $25.00 | 6/02/2026 | None | NF NF | 3/19/2024 | 1/30, 4/30, 7/30 & 10/30 | No",,2026-08-21T19:01:35Z
ABR-E,True,"Arbor Realty Trust, 6.25% Series E Cumulative Redeemable Preferred Stock",Traditional Preferred Stock,PREFERRED,ABR,038923868,NYSE,USD,True,False,FIXED,6.25,25.0,1.5625,8/11/2026,25.0,,,,,,NF NF,"1/30, 4/30, 7/30 & 10/30",3/19/2024,ABREP,8/16/2021,False,"NYSE | 6.25% | $1.5625 | $25.00 | $25.00 | 8/11/2026 | None | NF NF | 3/19/2024 | 1/30, 4/30, 7/30 & 10/30 | No",,2026-08-21T19:01:36Z
ABR-F,True,"Arbor Realty Trust, 6.25% Series F Cumulative Redeemable Preferred Stock",Traditional Preferred Stock,PREFERRED,ABR,038923850,NYSE,USD,True,False,FIX_TO_FLOAT,6.25,25.0,1.5625,10/12/2026,25.0,,3M_SOFR,544.2,6.125,10/30/2026,NR NR,"1/30, 4/30, 7/30 & 10/30",3/19/2024,ABRFP,10/18/2021,False,"NYSE | FixFloat | $1.5625 | $25.00 | $25.00 | 10/12/2026 | None | NR NR | 3/19/2024 | 1/30, 4/30, 7/30 & 10/30 | No",,2026-08-21T19:01:38Z
ABXL,True,"Abacus Life, Inc. 9.875% Fixed Rate Senior Notes",Exchange-Traded Debt Security,BABY_BOND,ABX,00258Y203,NYSE,USD,,False,FIXED,9.875,25.0,2.46875,2/15/2027,25.0,11/15/2028,,,,,NR NF,"2/15, 5/15, 8/15 & 11/15",4/30/2024,ABLLL,12/30/2025,False,"NYSE | 9.88% | $2.46875 | $25.00 | $25.00 | 2/15/2027 | 11/15/2028 | NR NF | 4/30/2024 | 2/15, 5/15, 8/15 & 11/15 | No",,2026-08-21T19:01:39Z
ACGLN,True,"Arch Capital Group Ltd, 4.55% Dep Shares Non-Cumul Preferred Shares Series G",Traditional Preferred Stock,PREFERRED,ACGL,03939A404,NGS,USD,False,True,FIXED,4.55,25.0,1.1375,6/11/2026,25.0,,,,,,NR BBB,"3/31, 6/30, 9/30 & 12/31",3/19/2024,,,False,"NGS | 4.55% | $1.1375 | $25.00 | $25.00 | 6/11/2026 | None | NR | BBB | 3/19/2024 | 3/31, 6/30, 9/30 & 12/31 | YES",,2026-08-21T19:01:41Z
ACGLO,True,"Arch Capital Group Ltd, 5.45% Dep Shares Non-Cumul Preferred Shares Series F",Traditional Preferred Stock,PREFERRED,ACGL,03939A107,NGS,USD,False,True,FIXED,5.45,25.0,1.36,8/17/2022,25.0,,,,,,Baa2 BBB,"3/31, 6/30, 9/30 & 12/31",6/15/2025,AHCCF,8/21/2017,False,"NGS | 5.45% | $1.36 | $25.00 | $25.00 | 8/17/2022 | None | Baa2 | BBB | 6/15/2025 | 3/31, 6/30, 9/30 & 12/31 | YES",,2026-08-21T19:01:42Z
ACP-A,True,Aberdeen Income Credit Strategies Fund 5.250% Series A Preferred Shares,Traditional Preferred Stock,PREFERRED,ACP,003057205,NYSE,USD,True,,FIXED,5.25,25.0,1.3125,6/30/2026,25.0,,,,,,A2 NF 3/19/2024 Variable,"3/31, 6/30, 9/30 & 12/31",,ACPPP,5/17/2021,False,"NYSE | 5.25% | $1.3125 | $25.00 | $25.00 | 6/30/2026 | None | A2 | NF | 3/19/2024 | 3/31, 6/30, 9/30 & 12/31 | Variable",qdi_eligible,2026-08-21T19:01:44Z
ACR-C,True,ACRES Commercial Realty Corp 8.625% Fixed/Float Ser C Cumul Redeem Prfd Stock,Traditional Preferred Stock,PREFERRED,ACR,00489Q201,NYSE,USD,True,False,FIX_TO_FLOAT,8.625,25.0,2.16,7/30/2024,25.0,,3M_LIBOR,592.7,,7/30/2024,NR NF,"1/30, 4/30, 7/30 & 10/30",12/31/2023,XAN-C,2/17/2021,False,"NYSE | FixFloat | $2.16 | $25.00 | $25.00 | 7/30/2024 | None | NR NF | 12/31/2023 | 1/30, 4/30, 7/30 & 10/30 | No",,2026-08-21T19:01:45Z
ACR-D,True,"ACRES Commercial Realty Corp., 7.875% Series D Cumulative Preferred Stock",Traditional Preferred Stock,PREFERRED,ACR,00489Q300,NYSE,USD,True,False,FIXED,7.875,25.0,1.96875,5/21/2026,25.0,,,,,,NF NF,"1/30, 4/30, 7/30 & 10/30",12/31/2023,ACRDP,6/01/2021,False,"NYSE | 7.88% | $1.96875 | $25.00 | $25.00 | 5/21/2026 | None | NF NF | 12/31/2023 | 1/30, 4/30, 7/30 & 10/30 | No",,2026-08-21T19:01:47Z
ADAMG,True,"Adamas Trust, Inc 9.125% Senior Notes due 04/01/2030",Exchange-Traded Debt Security,BABY_BOND,ADAM,649604824,NGS,USD,,False,FIXED,9.125,25.0,2.28125,4/01/2027,25.0,4/01/2030,,,,,NR NR,"1/1, 4/1, 7/1 & 10/1",1/10/2025,NYMTG,9/03/2025,False,"NGS | 9.13% | $2.28125 | $25.00 | $25.00 | 4/01/2027 | 4/01/2030 | NR NR | 1/10/2025 | 1/1, 4/1, 7/1 & 10/1 | No",,2026-08-21T19:01:48Z
ADAMH,True,"Adamas Trust, Inc 9.875% Senior Notes due 10/01/2030",Exchange-Traded Debt Security,BABY_BOND,ADAM,649604816,NGS,USD,,False,FIXED,9.875,25.0,2.46875,10/01/2027,25.0,10/01/2030,,,,,NR NR,"1/1, 4/1, 7/1 & 10/1",6/30/2025,NYMTH,9/03/2025,False,"NGS | 9.88% | $2.46875 | $25.00 | $25.00 | 10/01/2027 | 10/01/2030 | NR NR | 6/30/2025 | 1/1, 4/1, 7/1 & 10/1 | No",,2026-08-21T19:01:50Z
ADAMI,True,"Adamas Trust, Inc. 9.125% Senior Notes due 07/01/2029",Exchange-Traded Debt Security,BABY_BOND,ADAM,649604832,NGS,USD,,False,FIXED,9.125,25.0,2.28125,7/01/2026,25.0,7/01/2029,,,,,NR NR,"1/1, 4/1, 7/1 & 10/1",6/26/2024,NYMTI,9/03/2025,False,"NGS | 9.13% | $2.28125 | $25.00 | $25.00 | 7/01/2026 | 7/01/2029 | NR NR | 6/26/2024 | 1/1, 4/1, 7/1 & 10/1 | No",,2026-08-21T19:01:51Z
ADAMK,True,"Adamas Trust, Inc. 9.60% Senior Notes due 10/01/2031",Exchange-Traded Debt Security,BABY_BOND,ADAM,00547J207,NGS,USD,,False,FIXED,9.6,25.0,2.4,10/01/2028,25.0,10/01/2031,,,,,NR Nr,"1/1, 4/1, 7/1 & 10/1",8/11/2026,,,False,"NGS | 9.60% | $2.4 | $25.00 | $25.00 | 10/01/2028 | 10/01/2031 | NR Nr | 8/11/2026 | 1/1, 4/1, 7/1 & 10/1 | No",,2026-08-21T19:01:53Z
ADAML,True,"Adamas Trust, 6.875% Ser F Fix/Float Cumulative Red Preferred Stock",Traditional Preferred Stock,PREFERRED,ADAM,649604865,NCM,USD,True,False,FIX_TO_FLOAT,6.875,25.0,1.71875,10/15/2026,25.0,,3M_SOFR,613.0,,10/15/2026,NF NF,"1/15, 4/15, 7/15 & 10/15",4/21/2024,NYMTL,9/03/2025,False,"NCM | FixFloat | $1.71875 | $25.00 | $25.00 | 10/15/2026 | None | NF NF | 4/21/2024 | 1/15, 4/15, 7/15 & 10/15 | No",,2026-08-21T19:01:54Z
ADAMM,True,"Adamas Trust, 7.875% Ser E Fix/Float Cumulative Red Preferred Stock",Traditional Preferred Stock,PREFERRED,ADAM,649604873,NGS,USD,True,False,FIX_TO_FLOAT,7.875,25.0,1.97,1/15/2025,25.0,,3M_LIBOR,642.9,,01/15/2025,NF NF,"1/15, 4/15, 7/15 & 10/15",6/15/2025,NYMTM,9/03/2025,False,"NGS | FixFloat | $1.97 | $25.00 | $25.00 | 1/15/2025 | None | NF NF | 6/15/2025 | 1/15, 4/15, 7/15 & 10/15 | No",,2026-08-21T19:45:11Z
ADAMN,True,"Adamas Trust, 8.00% Series D Fix/Float Cumulative Red Preferred Stock",Traditional Preferred Stock,PREFERRED,ADAM,649604881,NGS,USD,True,False,FIX_TO_FLOAT,8.0,25.0,2.0,10/15/2027,25.0,,3M_LIBOR,569.5,,10/15/2027,NF NF,"1/15, 4/15, 7/15 & 10/15",6/15/2025,NYMTN,9/03/2025,False,"NGS | FixFloat | $2.00 | $25.00 | $25.00 | 10/15/2027 | None | NF NF | 6/15/2025 | 1/15, 4/15, 7/15 & 10/15 | No",,2026-08-21T19:45:13Z
ADAMO,True,"Adamas Trust, Inc. 9.250% Senior Notes due 2031",Exchange-Traded Debt Security,BABY_BOND,ADAM,00547J108,NGS,USD,,False,FIXED,9.25,25.0,2.3125,4/01/2028,25.0,4/01/2031,,,,,NR NR,"1/1, 4/1, 7/1 & 10/1",1/07/2026,,,False,"NGS | 9.25% | $2.3125 | $25.00 | $25.00 | 4/01/2028 | 4/01/2031 | NR NR | 1/07/2026 | 1/1, 4/1, 7/1 & 10/1 | No",,2026-08-21T19:45:14Z
ADAMZ,True,Adamas Trust Inc 7.00% Series G Cumulative Redeemable Preferred Stock,Traditional Preferred Stock,PREFERRED,ADAM,649604857,NGS,USD,True,False,FIXED,7.0,25.0,1.75,1/15/2027,25.0,,,,,,NR NR,"1/15, 4/15, 7/15 & 10/15",4/18/2025,NYMTZ,9/03/2025,False,"NGS | 7.00% | $1.75 | $25.00 | $25.00 | 1/15/2027 | None | NR NR | 4/18/2025 | 1/15, 4/15, 7/15 & 10/15 | No",,2026-08-21T19:45:15Z
ADC-A,True,Agree Realty Corp 4.250% Depositary Shares Series A Cumulative Preferred Stock,Traditional Preferred Stock,PREFERRED,ADC,008492209,NYSE,USD,True,False,FIXED,4.25,25.0,1.0625,9/17/2026,25.0,,,,,,Baa2 BBB-,First Day of the Month,4/15/2025,ADCDL,9/21/2021,False,NYSE | 4.25% | $1.0625 | $25.00 | $25.00 | 9/17/2026 | None | Baa2 | BBB- | 4/15/2025 | First Day of the Month | No,,2026-08-21T19:45:17Z
AEFC,True,AEGON Funding Company LLC. 5.10% Subordinated Notes due 12/15/2049,Exchange-Traded Debt Security,BABY_BOND,AEG,00775V104,NYSE,USD,,False,FIXED,5.1,25.0,1.28,12/15/2024,25.0,12/15/2049,,,,,Baa1 BBB-,"3/15, 6/15, 9/15 & 12/15",12/31/2023,,,False,"NYSE | 5.10% | $1.28 | $25.00 | $25.00 | 12/15/2024 | 12/15/2049 | Baa1 | BBB- | 12/31/2023 | 3/15, 6/15, 9/15 & 12/15 | No",,2026-08-21T19:45:19Z
AEL-A,True,American National Group Inc. 5.95% Ser A Dep Shr Reset Rate Pref Stock,Traditional Preferred Stock,PREFERRED,BN,025676503,NYSE,USD,False,True,RESET,5.95,25.0,1.49,12/01/2024,25.0,,,432.2,,12/01/2024,Called for 2/24/2025 None NF BB,"3/1, 6/1, 9/1 & 12/1",2/20/2024,AEL-A,5/07/2024,False,"NYSE | Reset Rate | $1.49 | $25.00 | $25.00 | Called for | 2/24/2025 | None | NF | BB | 2/20/2024 | 3/1, 6/1, 9/1 & 12/1 | YES",reference_rate,2026-08-21T19:45:20Z
AERGP,True,"Applied Energetics Inc., 6.50% Series A Redeemable Convertible Preferred Stock",Traditional Convertible Preferred Stock,PREFERRED,AERG,462070202,OTCBB,USD,,False,CONVERTIBLE,6.5,25.0,,11/01/2010,,,,,,,6.50% $1.63 $25.00 $25.00 11/01/2010 None NF NF 6/15/2025 2.08333 $12.00,"2/1, 5/1, 8/1 & 11/1",,IOTNP,,False,"OTCBBn | OTCBBps | 6.50% | $1.63 | $25.00 | $25.00 | 11/01/2010 | None | NF NF | 6/15/2025 | 2.08333 | $12.00 | 2/1, 5/1, 8/1 & 11/1 | No",cumulative,2026-08-21T19:45:22Z
AESC,True,AES Corp. (The) 6.875% Equity Units Due 02/15/2024,Mandatory Convertible Security,PREFERRED,AES,00130H204,NYSE,USD,True,False,FIXED,6.875,100.0,6.875,03/22/2024,100.0,2/15/2024,,,,,Ba2 NR 12/31/2023 3.8640@25.88- N/A,"2/15, 5/15, 8/15 & 11/15",,AESUU,3/15/2021,True,"NYSE | 6.88% | $6.875 | $100.00 | $100.00 | None | 2/15/2024 | Ba2 | NR | 12/31/2023 | 3.8640@25.88- | N/A | 2/15, 5/15, 8/15 & 11/15 | No",,2026-08-21T19:45:23Z
AFFS,True,"AmTrust Financial Services, 7.25% Subordinated Notes due 6/15/2055",Exchange-Traded Debt Security,BABY_BOND,AFSI*,032359861,OTOTC,USD,,False,FIXED,7.25,25.0,,6/18/2020,,,,,,,7.25% $1.81 $25.00 $25.00 6/18/2020 6/15/2055 NR NF,"3/15, 6/15, 9/15 & 12/15",12/31/2023,AFSS,1/18/2019,False,"OTOTCn | OTOTCps | 7.25% | $1.81 | $25.00 | $25.00 | 6/18/2020 | 6/15/2055 | NR NF | 12/31/2023 | 3/15, 6/15, 9/15 & 12/15 | No",,2026-08-21T19:45:25Z
AFFT,True,"AmTrust Financial Services, 7.50% Subordinated Notes due 9/15/2055",Exchange-Traded Debt Security,BABY_BOND,AFSI*,032359853,OTOTC,USD,,False,FIXED,7.5,25.0,,9/16/2020,,,,,,,7.50% $1.88 $25.00 $25.00 9/16/2020 9/15/2055 NR NF,"3/15, 6/15, 9/15 & 12/15",12/31/2023,AFST,1/18/2019,False,"OTOTCn | OTOTCps | 7.50% | $1.88 | $25.00 | $25.00 | 9/16/2020 | 9/15/2055 | NR NF | 12/31/2023 | 3/15, 6/15, 9/15 & 12/15 | No",,2026-08-21T19:45:26Z
AFGB,True,"American Financial Group, 5.875% Subordinated Debentures due 3/30/2059",Exchange-Traded Debt Security,BABY_BOND,AFG,025932807,NYSE,USD,,False,FIXED,5.875,25.0,1.47,3/30/2024,25.0,3/30/2059,,,,,Baa2 BBB-,"3/30, 6/30, 9/30 & 12/30",12/31/2023,,,False,"NYSE | 5.88% | $1.47 | $25.00 | $25.00 | 3/30/2024 | 3/30/2059 | Baa2 | BBB- | 12/31/2023 | 3/30, 6/30, 9/30 & 12/30 | No",,2026-08-21T19:45:28Z
AFGC,True,"American Financial Group, 5.125% Subordinated Debentures due 12/15/2059",Exchange-Traded Debt Security,BABY_BOND,AFG,025932880,NYSE,USD,,False,FIXED,5.125,25.0,1.28,12/15/2024,25.0,12/15/2059,,,,,Baa2 BBB-,"3/15, 6/15, 9/15 & 12/15",12/31/2023,,,False,"NYSE | 5.13% | $1.28 | $25.00 | $25.00 | 12/15/2024 | 12/15/2059 | Baa2 | BBB- | 12/31/2023 | 3/15, 6/15, 9/15 & 12/15 | No",,2026-08-21T19:45:29Z
AFGD,True,"American Financial Group, Inc. 5.625% Subordinated Debentures due 6/1/2060",Exchange-Traded Debt Security,BABY_BOND,AFG,025932872,NYSE,USD,,False,FIXED,5.625,25.0,1.40625,6/01/2025,25.0,6/01/2060,,,,,Baa2 BBB-,"3/1, 6/1, 9/1 & 12/1",12/31/2023,,,False,"NYSE | 5.63% | $1.40625 | $25.00 | $25.00 | 6/01/2025 | 6/01/2060 | Baa2 | BBB- | 12/31/2023 | 3/1, 6/1, 9/1 & 12/1 | No",,2026-08-21T19:45:31Z
AFGE,True,"American Financial Group, Inc. 4.50% Subordinated Debentures due 09/15/2060",Exchange-Traded Debt Security,BABY_BOND,AFG,025932864,NYSE,USD,,False,FIXED,4.5,25.0,1.125,9/15/2025,25.0,9/15/2060,,,,,Baa2 BBB-,"3/15, 6/15, 9/15 & 12/15",12/31/2023,,,False,"NYSE | 4.50% | $1.125 | $25.00 | $25.00 | 9/15/2025 | 9/15/2060 | Baa2 | BBB- | 12/31/2023 | 3/15, 6/15, 9/15 & 12/15 | No",,2026-08-21T19:45:32Z
AFSIA,True,"AmTrust Financial Services, 6.75% Non-Cumulative Preferred Stock Series A",Traditional Preferred Stock,PREFERRED,AFSI*,032359408,OTOTC,USD,False,True,FIXED,6.75,25.0,,6/10/2018,,,,,,,6.75% $1.69 $25.00 $25.00 6/10/2018 None NR NF,"3/15, 6/15, 9/15 & 12/15",6/15/2025,AFSI-A,2/08/2019,False,"OTOTCn | OTOTCps | 6.75% | $1.69 | $25.00 | $25.00 | 6/10/2018 | None | NR NF | 6/15/2025 | 3/15, 6/15, 9/15 & 12/15 | YES",,2026-08-21T19:45:33Z
AFSIB,True,"AmTrust Financial Services, 7.25% Dep Shares Non-Cumul Preferred Stock Series B",Traditional Preferred Stock,PREFERRED,AFSI*,032359507,OTOTC,USD,False,True,FIXED,7.25,25.0,,7/1/2019,,,,,,,7.25% $1.81 $25.00 $25.00 7/01/2019 None NR NF,"3/15, 6/15, 9/15 & 12/15",6/15/2025,AFSI-B,2/08/2019,False,"OTOTCn | OTOTCps | 7.25% | $1.81 | $25.00 | $25.00 | 7/01/2019 | None | NR NF | 6/15/2025 | 3/15, 6/15, 9/15 & 12/15 | YES",,2026-08-21T19:45:35Z
AFSIC,True,"AmTrust Financial Services, 7.625% Dep Shares Non-Cumul Preferred Stock Series C",Traditional Preferred Stock,PREFERRED,AFSI*,032359705,OTOTC,USD,False,True,FIXED,7.625,25.0,,9/16/2019,,,,,,,7.63% $1.91 $25.00 $25.00 9/16/2019 None NR NF,"3/15, 6/15, 9/15 & 12/15",6/15/2025,AFSI-C,2/08/2019,False,"OTOTCn | OTOTCps | 7.63% | $1.91 | $25.00 | $25.00 | 9/16/2019 | None | NR NF | 6/15/2025 | 3/15, 6/15, 9/15 & 12/15 | YES",,2026-08-21T19:45:36Z
AFSIM,True,"AmTrust Financial Services, 7.75% Dep Shares Non-Cumul Preferred Stock Series E",Traditional Preferred Stock,PREFERRED,AFSI*,032359846,OTOTC,USD,False,True,FIXED,7.75,25.0,,3/15/2021,,,,,,,7.75% $1.94 $25.00 $25.00 3/15/2021 None NR NF,"3/15, 6/15, 9/15 & 12/15",6/15/2025,AFSI-E,2/08/2019,False,"OTOTCn | OTOTCps | 7.75% | $1.94 | $25.00 | $25.00 | 3/15/2021 | None | NR NF | 6/15/2025 | 3/15, 6/15, 9/15 & 12/15 | YES",,2026-08-21T19:45:38Z
AFSIN,True,"AmTrust Financial Services, 6.95% Dep Shares Non-Cumul Preferred Stock Series F",Traditional Preferred Stock,PREFERRED,AFSI*,032359820,OTOTC,USD,False,True,FIXED,6.95,25.0,,9/27/2021,,,,,,,6.95% $1.74 $25.00 $25.00 9/27/2021 None NR NF,"3/15, 6/15, 9/15 & 12/15",6/15/2025,AFSI-F,2/08/2019,False,"OTOTCn | OTOTCps | 6.95% | $1.74 | $25.00 | $25.00 | 9/27/2021 | None | NR NF | 6/15/2025 | 3/15, 6/15, 9/15 & 12/15 | YES",,2026-08-21T19:45:39Z
AFSIP,True,"AmTrust Financial Services, 7.50% Dep Shares Non-Cumul Preferred Stock Series D",Traditional Preferred Stock,PREFERRED,AFSI*,032359887,OTOTC,USD,False,True,FIXED,7.5,25.0,,3/19/2020,,,,,,,7.50% $1.88 $25.00 $25.00 3/19/2020 None NR NF,"3/15, 6/15, 9/15 & 12/15",6/15/2025,AFSI-D,2/08/2019,False,"OTOTCn | OTOTCps | 7.50% | $1.88 | $25.00 | $25.00 | 3/19/2020 | None | NR NF | 6/15/2025 | 3/15, 6/15, 9/15 & 12/15 | YES",,2026-08-21T19:45:41Z
AGASF,True,AltaGas Ltd. Cumulative Redeemable 5-Year Reset Rate Preferred Shares Series G,Traditional Preferred Stock,PREFERRED,,Unknown,OTOTC,CAD,True,False,FIXED,4.75,25.0,,09/30/2019,,,,,,,"Reset Rate $1.50425 $25.00 $25.00 9/30/2019 None NR BB 2/20/2024 Notes: Holders of Series G Shares after the Series H Conversion Date shall be entitled to receive, as and when declared by the Board of Directors of AltaGas, fixed cumulative preferential cash dividends, payable quarterly. The annual dividend rate applicable to the Series G Shares for the five-year period commencing on and including September 30, 2024 to, but excluding September 30, 2029, is 6.017 percent. All pricing listed is in Canadian Dollars.","3/31, 6/30, 9/30 & 12/31",,,,False,"OTOTCn | OTOTCps | Reset Rate | $1.50425 | $25.00 | $25.00 | 9/30/2019 | None | NR | BB | 2/20/2024 | 3/31, 6/30, 9/30 & 12/31 | No | Notes: Holders of Series G Shares after the Series H Conversion Date shall be entitled to receive, as and when declared by the Board of Directors of AltaGas, fixed cumulative preferential cash dividends, payable quarterly. The annual dividend rate applicable to the Series G Shares for the five-year period commencing on and including September 30, 2024 to, but excluding September 30, 2029, is 6.017 percent. All pricing listed is in Canadian Dollars.",,2026-08-21T19:45:42Z
AGM-C,True,"Federal Agricultural Mortgage Corp., 6.00% Fixed/Float Non-Cumul Pfd Stock Ser C",Traditional Preferred Stock,PREFERRED,AGM,313148876,NYSE,USD,False,True,FIX_TO_FLOAT,6.0,25.0,1.5,7/18/2024,25.0,,3M_LIBOR,326.0,,,Called for 7/18/2024 None NF NF,"1/17, 4/17, 7/17 & 10/17",1/24/2023,FAMLP,6/27/2014,True,"NYSE | FixFloat | $1.50 | $25.00 | $25.00 | Called for | 7/18/2024 | None | NF NF | 1/24/2023 | 1/17, 4/17, 7/17 & 10/17 | YES",,2026-08-21T19:45:44Z
AGM-D,True,"Federal Agricultural Mortgage Corp., 5.70% Non-Cumul Preferred Stock, Series D",Traditional Preferred Stock,PREFERRED,AGM,313148868,NYSE,USD,False,True,FIXED,5.7,25.0,1.43,7/17/2024,25.0,,,,,,NR NF,"1/17, 4/17, 7/17 & 10/17",4/18/2025,FMTPP,5/17/2019,False,"NYSE | 5.70% | $1.43 | $25.00 | $25.00 | 7/17/2024 | None | NR NF | 4/18/2025 | 1/17, 4/17, 7/17 & 10/17 | YES",,2026-08-21T19:45:45Z
AGM-E,True,"Federal Agricultural Mortgage Corp., 5.75% Non-Cumul Preferred Stock, Series E",Traditional Preferred Stock,PREFERRED,AGM,313148850,NYSE,USD,False,True,FIXED,5.75,25.0,1.4375,7/17/2025,25.0,,,,,,NF NF,"1/17, 4/17, 7/17 & 10/17",4/18/2025,FAMCP,5/27/2020,False,"NYSE | 5.75% | $1.4375 | $25.00 | $25.00 | 7/17/2025 | None | NF NF | 4/18/2025 | 1/17, 4/17, 7/17 & 10/17 | YES",,2026-08-21T19:45:47Z
AGM-F,True,"Federal Agricultural Mortgage Corp., 5.25% Non-Cumul Preferred Stock, Series F",Traditional Preferred Stock,PREFERRED,AGM,313148843,NYSE,USD,False,True,FIXED,5.25,25.0,1.3125,10/17/2025,25.0,,,,,,NR NR,"1/17, 4/17, 7/17 & 10/17",4/18/2025,AGMFP,8/26/2020,False,"NYSE | 5.25% | $1.3125 | $25.00 | $25.00 | 10/17/2025 | None | NR NR | 4/18/2025 | 1/17, 4/17, 7/17 & 10/17 | YES",,2026-08-21T19:45:48Z
AGM-G,True,Federal Agricultural Mortgage Corp. 4.875% Non-Cumul Preferred Stock Series G,Traditional Preferred Stock,PREFERRED,AGM,313148835,NYSE,USD,False,True,FIXED,4.875,25.0,1.21875,7/17/2026,25.0,,,,,,NF NF,"1/17, 4/16, 7/17 & 10/17",4/18/2025,AGMGP,6/03/2021,False,"NYSE | 4.88% | $1.21875 | $25.00 | $25.00 | 7/17/2026 | None | NF NF | 4/18/2025 | 1/17, 4/16, 7/17 & 10/17 | YES",,2026-08-21T19:45:50Z
AGM-H,True,Federal Agricultural Mortgage Corp 6.50% Series H Non-Cumulative Preferred Stock,Traditional Preferred Stock,PREFERRED,AGM,313148827,NYSE,USD,False,False,FIXED,6.5,25.0,1.625,10/17/2030,25.0,,,,,,NR NR 8/21/2025,,n.a.,AGMPP,8/29/2025,False,NYSE | 6.50% | $1.625 | $25.00 | $25.00 | 10/17/2030 | None | NR NR | 8/21/2025 | n.a. | No,,2026-08-21T19:45:52Z
AGM-I,True,Federal Agricultural Mortgage Corp 6.875% Non-Cumul Series I Preferred Stock,Traditional Preferred Stock,PREFERRED,AGM,313148819,NYSE,USD,False,False,FIXED,6.875,25.0,1.71875,7/17/2031,25.0,,,,,,NR NR 5/22/2026,,n.a.,,,False,NYSE | 6.88% | $1.71875 | $25.00 | $25.00 | 7/17/2031 | None | NR NR | 5/22/2026 | n.a. | No,,2026-08-21T19:45:53Z
AGNCL,True,AGNC Investment Corp. Dep Shares Ser G Reset Rate Cumul Preferred Stock,Traditional Preferred Stock,PREFERRED,AGNC,00123Q856,NGS,USD,True,False,RESET,7.75,25.0,1.9375,10/15/2027,25.0,,,439.0,,,NF NF,"1/15, 4/15, 7/15 & 10/15",6/15/2025,AGCGL,9/15/2022,False,"NGS | Reset Rate | $1.9375 | $25.00 | $25.00 | 10/15/2027 | None | NF NF | 6/15/2025 | 1/15, 4/15, 7/15 & 10/15 | No",reference_rate,2026-08-21T19:45:54Z
AGNCM,True,"AGNC Investment Corp., 6.875% Dep Shares Ser D Fix/Float Cumul Red Preferred Stk",Traditional Preferred Stock,PREFERRED,AGNC,00123Q609,NGS,USD,True,False,FIX_TO_FLOAT,6.875,25.0,,4/15/2024,,,3M_TERM_SOFR,433.2,,4/15/2024,$25.00 $25.00 4/15/2024 None NF NF,"1/15, 4/15, 7/15 & 10/15",6/15/2025,AGNCO,3/06/2019,False,"NGS | FixFloat | n.a. | $25.00 | $25.00 | 4/15/2024 | None | NF NF | 6/15/2025 | 1/15, 4/15, 7/15 & 10/15 | No",,2026-08-21T19:45:56Z
AGNCN,True,"AGNC Investment Corp., 7.00% Dep Shares Ser C Fix/Float Cumul Red Preferred Stk",Traditional Preferred Stock,PREFERRED,AGNC,00123Q500,NGS,USD,True,False,FIX_TO_FLOAT,7.0,25.0,1.75,10/15/2022,25.0,,3M_TERM_SOFR,511.1,,,NF NF,"1/15, 4/15, 7/15 & 10/15",6/15/2025,AGNNP,8/28/2017,False,"NGS | FixFloat | $1.75 | $25.00 | $25.00 | 10/15/2022 | None | NF NF | 6/15/2025 | 1/15, 4/15, 7/15 & 10/15 | No",,2026-08-21T19:45:57Z
AGNCO,True,"AGNC Investment Corp., 6.50% Dep Shares Ser E Fix/Float Cumul Red Preferred Stk",Traditional Preferred Stock,PREFERRED,AGNC,00123Q807,NGS,USD,True,False,FIX_TO_FLOAT,6.5,25.0,1.63,10/15/2024,25.0,,3M_TERM_SOFR,499.3,,10/15/2024,NF NF,"1/15, 4/15, 7/15 & 10/15",6/15/2025,AGNIP,10/04/2019,False,"NGS | FixFloat | $1.63 | $25.00 | $25.00 | 10/15/2024 | None | NF NF | 6/15/2025 | 1/15, 4/15, 7/15 & 10/15 | No",,2026-08-21T19:45:59Z
AGNCP,True,AGNC Investment Corp. 6.125% Dep Shares Ser F Fix/Float Cumul Red Preferred Stk,Traditional Preferred Stock,PREFERRED,AGNC,00123Q872,NGS,USD,True,False,FIX_TO_FLOAT,6.125,25.0,1.53125,4/15/2025,25.0,,3M_TERM_SOFR,469.7,,,NF NF,"1/15, 4/15, 7/15 & 10/15",6/15/2025,AINGZ,2/12/2020,False,"NGS | 6.13% | $1.53125 | $25.00 | $25.00 | 4/15/2025 | None | NF NF | 6/15/2025 | 1/15, 4/15, 7/15 & 10/15 | No",,2026-08-21T19:46:00Z
AGNCZ,True,AGNC Investment Corp 8.75% Series H Cumulative Preferred Stock,Traditional Preferred Stock,PREFERRED,AGNC,00123Q831,NGS,USD,True,False,FIXED,8.75,25.0,2.1875,10/15/2030,26.0,,,,,,NR NR,"1/15, 4/15, 7/15 & 10/15",9/10/2025,,,False,"NGS | 8.75% | $2.1875 | $25.00 | $26.00 | 10/15/2030 | None | NR NR | 9/10/2025 | 1/15, 4/15, 7/15 & 10/15 | No",,2026-08-21T19:46:02Z
AHH-A,True,"Accredited Mortgage Loan REIT Trust, 9.75% Cumul Preferred Shares A",Traditional Preferred Stock,PREFERRED,LEND,00438G205,OTOTC,USD,True,False,FIXED,9.75,25.0,,9/30/2009,,,,,,,9.75% $2.4375 $25.00 $25.00 Called for 10/31/2016 None NF NF,"3/31, 6/30, 9/30 & 12/31",11/18/2015,AHH-A,11/08/2007,True,"OTOTCn | OTOTCps | 9.75% | $2.4375 | $25.00 | $25.00 | Called for | 10/31/2016 | None | NF NF | 11/18/2015 | 3/31, 6/30, 9/30 & 12/31 | No",,2026-08-21T19:46:03Z
AHL-C,True,"Aspen Insurance Holdings Ltd, Fixed/Float Perp Non-Cumul Preference Shares",Traditional Preferred Stock,PREFERRED,APO,G05384154,NYSE,USD,False,True,FIXED,5.95,25.0,2.3983575,7/1/2023,25.0,,,,,,Called for 1/01/2025 None Ba1 BB+,"1/1, 4/1, 7/1 & 10/1",1/24/2023,,,True,"NYSE | 9.59% | $2.3983575 | $25.00 | $25.00 | Called for | 1/01/2025 | None | Ba1 | BB+ | 1/24/2023 | 1/1, 4/1, 7/1 & 10/1 | YES",,2026-08-21T19:46:04Z
AHL-D,True,"Aspen Insurance Holdings Ltd, 5.625% Perpetual Non-Cumulative Preference Shares",Traditional Preferred Stock,PREFERRED,AHL*,G05384162,NYSE,USD,False,True,FIXED,5.625,25.0,1.41,1/01/2027,25.0,,,,,,Baa2 BBB+,"1/1, 4/1, 7/1 & 10/1",6/19/2026,ASPIF,9/14/2016,False,"NYSE | 5.63% | $1.41 | $25.00 | $25.00 | 1/01/2027 | None | Baa2 | BBB+ | 6/19/2026 | 1/1, 4/1, 7/1 & 10/1 | YES",,2026-08-21T19:46:06Z
AHL-E,True,"Aspen Insurance Holdings Ltd, 5.625% Dep Shares Perp Non-Cumul Preference Shares",Traditional Preferred Stock,PREFERRED,AHL*,G05384204,NYSE,USD,False,True,FIXED,5.625,25.0,1.41,10/01/2024,25.0,,,,,,Baa1 BBB+,"1/1, 4/1, 7/1 & 10/1",6/19/2026,,,False,"NYSE | 5.63% | $1.41 | $25.00 | $25.00 | 10/01/2024 | None | Baa1 | BBB+ | 6/19/2026 | 1/1, 4/1, 7/1 & 10/1 | YES",,2026-08-21T19:46:07Z
AHL-F,True,Aspen Insurance Holdings Ltd. 7.00% Dep Shares Perp Non-Cumul Preference Shares,Traditional Preferred Stock,PREFERRED,AHL*,G05384170,NYSE,USD,False,True,FIXED,7.0,25.0,1.75,11/30/2029,25.0,,,,,,Baa2 BBB+,"1/1, 4/1, 7/1 & 10/1",6/19/2026,ASIHF,12/03/2024,False,"NYSE | 7.00% | $1.75 | $25.00 | $25.00 | 11/30/2029 | None | Baa2 | BBB+ | 6/19/2026 | 1/1, 4/1, 7/1 & 10/1 | YES",,2026-08-21T19:46:09Z
AHRT-A,True,"AH Realty Trust Inc, 6.75% Series A Cumul Redeem Perp Preferred Stock",Traditional Preferred Stock,PREFERRED,AHRT,04208T207,NYSE,USD,True,False,FIXED,6.75,25.0,1.69,6/18/2024,25.0,,,,,,NF NF,"1/15, 4/15, 7/15 & 10/15",4/15/2025,AHH-A,3/02/2026,False,"NYSE | 6.75% | $1.69 | $25.00 | $25.00 | 6/18/2024 | None | NF NF | 4/15/2025 | 1/15, 4/15, 7/15 & 10/15 | No",,2026-08-21T19:46:10Z
AHT-D,True,"Ashford Hospitality Trust, 8.45% Series D Cumulative Preferred Stock",Traditional Preferred Stock,PREFERRED,AHT,044103406,NYSE,USD,True,False,FIXED,8.45,25.0,2.11,7/18/2012,25.0,,,,,,NF NF,"1/15, 4/15, 7/15 & 10/15",4/21/2024,,,False,"NYSE | 8.45% | $2.11 | $25.00 | $25.00 | 7/18/2012 | None | NF NF | 4/21/2024 | 1/15, 4/15, 7/15 & 10/15 | No",,2026-08-21T19:46:11Z
AHT-F,True,"Ashford Hospitality Trust, 7.375% Series F Cumulative Preferred Stock",Traditional Preferred Stock,PREFERRED,AHT,044103604,NYSE,USD,True,False,FIXED,7.375,25.0,1.84,7/15/2021,25.0,,,,,,NF NF,"1/15, 4/15, 7/15 & 10/15",4/21/2024,AHFFP,7/19/2016,False,"NYSE | 7.38% | $1.84 | $25.00 | $25.00 | 7/15/2021 | None | NF NF | 4/21/2024 | 1/15, 4/15, 7/15 & 10/15 | No",,2026-08-21T19:46:13Z
AHT-G,True,"Ashford Hospitality Trust, 7.375% Series G Cumulative Preferred Stock",Traditional Preferred Stock,PREFERRED,AHT,044103703,NYSE,USD,True,False,FIXED,7.375,25.0,1.84,10/18/2021,25.0,,,,,,NF NF,"1/15, 4/15, 7/15 & 10/15",4/21/2024,AHFH,10/21/2016,False,"NYSE | 7.38% | $1.84 | $25.00 | $25.00 | 10/18/2021 | None | NF NF | 4/21/2024 | 1/15, 4/15, 7/15 & 10/15 | No",,2026-08-21T19:46:14Z
AHT-H,True,"Ashford Hospitality Trust, 7.50% Series H Cumulative Preferred Stock",Traditional Preferred Stock,PREFERRED,AHT,044103802,NYSE,USD,True,False,FIXED,7.5,25.0,1.88,8/25/2022,25.0,,,,,,NF NF,"1/15, 4/15, 7/15 & 10/15",4/21/2024,AHHSP,8/29/2017,False,"NYSE | 7.50% | $1.88 | $25.00 | $25.00 | 8/25/2022 | None | NF NF | 4/21/2024 | 1/15, 4/15, 7/15 & 10/15 | No",,2026-08-21T19:46:16Z
AHT-I,True,"Ashford Hospitality Trust, 7.50% Series I Cumulative Preferred Stock",Traditional Preferred Stock,PREFERRED,AHT,044103885,NYSE,USD,True,False,FIXED,7.5,25.0,1.88,11/17/2022,25.0,,,,,,NF NF,"1/15, 4/15, 7/15 & 10/15",4/21/2024,ASHFP,11/22/2017,False,"NYSE | 7.50% | $1.88 | $25.00 | $25.00 | 11/17/2022 | None | NF NF | 4/21/2024 | 1/15, 4/15, 7/15 & 10/15 | No",,2026-08-21T19:46:17Z
AIG-A,True,"American International Group, 5.85% Dep Shares Ser A Non-Cumu Perp Preferred Stk",Traditional Preferred Stock,PREFERRED,AIG,026874768,NYSE,USD,False,True,FIXED,5.85,25.0,1.46,3/15/2024,25.0,,,,,,Called for 3/15/2024 None Ba1 BBB-,"3/15, 6/15, 9/15 & 12/15",1/24/2023,AIGGZ,3/15/2019,True,"NYSE | 5.85% | $1.46 | $25.00 | $25.00 | Called for | 3/15/2024 | None | Ba1 | BBB- | 1/24/2023 | 3/15, 6/15, 9/15 & 12/15 | YES",,2026-08-21T19:46:19Z
AILIH,True,"Ameren Illinois Co., 4.08% Series Cumul Serial Preferred Stock",Traditional Preferred Stock,PREFERRED,AEE,452092208,OTOTC,USD,True,True,FIXED,4.08,100.0,,,,,,,,,4.08% $4.08 $100.00 $103.00 any time None Baa2 BBB-,"2/1, 5/1, 8/1 & 11/1",4/20/2025,IPCHP,9/30/2010,False,"OTOTCn | OTOTCps | 4.08% | $4.08 | $100.00 | $103.00 | any time | None | Baa2 | BBB- | 4/20/2025 | 2/1, 5/1, 8/1 & 11/1 | YES",,2026-08-21T19:46:20Z
AILIM,True,"Ameren Illinois Co., 4.70% Series Cumul Serial Preferred Stock",Traditional Preferred Stock,PREFERRED,AEE,452092604,OTOTC,USD,True,True,FIXED,4.7,100.0,,,,,,,,,4.70% $4.70 $100.00 $103.00 any time None Baa2 BBB-,"2/1, 5/1, 8/1 & 11/1",4/20/2025,IPCHL,9/30/2010,False,"OTOTCn | OTOTCps | 4.70% | $4.70 | $100.00 | $103.00 | any time | None | Baa2 | BBB- | 4/20/2025 | 2/1, 5/1, 8/1 & 11/1 | YES",,2026-08-21T19:46:22Z
AILIN,True,"Ameren Illinois Co., 4.42% Series Cumul Serial Preferred Stock",Traditional Preferred Stock,PREFERRED,AEE,452092505,OTOTC,USD,True,True,FIXED,4.42,100.0,,,,,,,,,4.42% $4.42 $100.00 $103.00 any time None Baa2 BBB-,"2/1, 5/1, 8/1 & 11/1",4/20/2025,IPCHM,9/30/2010,False,"OTOTCn | OTOTCps | 4.42% | $4.42 | $100.00 | $103.00 | any time | None | Baa2 | BBB- | 4/20/2025 | 2/1, 5/1, 8/1 & 11/1 | YES",,2026-08-21T19:46:23Z
AILIO,True,"Ameren Illinois Co., 4.26% Series Cumul Serial Preferred Stock",Traditional Preferred Stock,PREFERRED,AEE,452092406,OTOTC,USD,True,True,FIXED,4.26,100.0,,,,,,,,,4.26% $4.26 $100.00 $103.00 any time None Baa2 BBB-,"2/1, 5/1, 8/1 & 11/1",4/20/2025,IPCHN,9/30/2010,False,"OTOTCn | OTOTCps | 4.26% | $4.26 | $100.00 | $103.00 | any time | None | Baa2 | BBB- | 4/20/2025 | 2/1, 5/1, 8/1 & 11/1 | YES",,2026-08-21T19:46:25Z
AILIP,True,"Ameren Illinois Co., 4.20% Series Cumul Serial Preferred Stock",Traditional Preferred Stock,PREFERRED,AEE,452092307,OTOTC,USD,True,True,FIXED,4.2,100.0,,,,,,,,,4.20% $4.20 $100.00 $104.00 any time None Baa2 BBB-,"2/1, 5/1, 8/1 & 11/1",4/20/2025,IPCHO,9/30/2010,False,"OTOTCn | OTOTCps | 4.20% | $4.20 | $100.00 | $104.00 | any time | None | Baa2 | BBB- | 4/20/2025 | 2/1, 5/1, 8/1 & 11/1 | YES",,2026-08-21T19:46:26Z
AILLI,True,"Ameren Illinois Co., 5.16% Series Cumul Preferred Stock",Traditional Preferred Stock,PREFERRED,AEE,153663851,OTOTC,USD,True,True,FIXED,5.16,100.0,,,,,,,,,5.16% $5.16 $100.00 $102.00 any time None Baa2 BBB-,"3/31, 6/30, 9/30 & 12/31",4/20/2025,CIPSK,10/01/2010,False,"OTOTCn | OTOTCps | 5.16% | $5.16 | $100.00 | $102.00 | any time | None | Baa2 | BBB- | 4/20/2025 | 3/31, 6/30, 9/30 & 12/31 | YES",,2026-08-21T19:46:27Z
AILLM,True,"Ameren Illinois Co., 4.92% Series Cumulative Preferred Stock",Traditional Preferred Stock,PREFERRED,AEE,153663307,OTOTC,USD,True,True,FIXED,4.92,100.0,,,,,,,,,4.92% $4.92 $100.00 $103.50 any time None Baa2 BBB-,"3/31, 6/30, 9/30 & 12/31",4/20/2025,CIPSM,10/01/2010,False,"OTOTCn | OTOTCps | 4.92% | $4.92 | $100.00 | $103.50 | any time | None | Baa2 | BBB- | 4/20/2025 | 3/31, 6/30, 9/30 & 12/31 | YES",,2026-08-21T19:46:29Z
AILLN,True,"Ameren Illinois Co., 4.90% Series Cumul Preferred Stock",Traditional Preferred Stock,PREFERRED,AEE,153663406,OTOTC,USD,True,True,FIXED,4.9,100.0,,,,,,,,,4.90% $4.90 $100.00 $102.00 any time None Baa2 BBB-,"3/31, 6/30, 9/30 & 12/31",4/20/2025,CIPSO,10/01/2010,False,"OTOTCn | OTOTCps | 4.90% | $4.90 | $100.00 | $102.00 | any time | None | Baa2 | BBB- | 4/20/2025 | 3/31, 6/30, 9/30 & 12/31 | YES",,2026-08-21T19:46:30Z
AILLO,True,"Ameren Illinois Co., 4.25% Series Cumul Preferred Stock",Traditional Preferred Stock,PREFERRED,AEE,153663802,OTOTC,USD,True,True,FIXED,4.25,100.0,,,,,,,,,4.25% $4.25 $100.00 $102.00 any time None Baa2 BBB-,"3/31, 6/30, 9/30 & 12/31",4/20/2025,CIPSL,10/01/2010,False,"OTOTCn | OTOTCps | 4.25% | $4.25 | $100.00 | $102.00 | any time | None | Baa2 | BBB- | 4/20/2025 | 3/31, 6/30, 9/30 & 12/31 | YES",,2026-08-21T19:46:32Z
AILLP,True,"Ameren Illinois Co., 4.00% Series Cumul Preferred Stock",Traditional Preferred Stock,PREFERRED,AEE,153663208,OTOTC,USD,True,True,FIXED,4.0,100.0,,,,,,,,,4.00% $4.00 $100.00 $101.00 any time None Baa2 BBB-,"3/31, 6/30, 9/30 & 12/31",4/20/2025,CIPSN,10/01/2010,False,"OTOTCn | OTOTCps | 4.00% | $4.00 | $100.00 | $101.00 | any time | None | Baa2 | BBB- | 4/20/2025 | 3/31, 6/30, 9/30 & 12/31 | YES",,2026-08-21T19:46:33Z
AIRTP,True,"Air T Funding, 8.00% Alpha Income Trust Preferred Securities Due 6/7/2049",Trust Preferred Security,TRUPS,AIRT,00919P120,NGM,USD,True,False,FIXED,8.0,25.0,2.0,6/07/2024,25.0,6/07/2049,,,,,NF NF,"2/15, 5/15, 8/15, & 11/15",2/20/2024,,,False,"NGM | 8.00% | $2 | $25.00 | $25.00 | 6/07/2024 | 6/07/2049 | NF NF | 2/20/2024 | 2/15, 5/15, 8/15, & 11/15 | No",,2026-08-21T19:46:35Z
AIZN,True,"Assurant, Inc. 5.25% Subordinated Notes due 1/15/2061",Exchange-Traded Debt Security,BABY_BOND,AIZ,04621X306,NYSE,USD,,False,FIXED,5.25,25.0,1.3125,1/15/2026,25.0,1/15/2061,,,,,Ba1 BB+,"1/15, 4/15, 7/15 & 10/15",5/26/2025,,,False,"NYSE | 5.25% | $1.3125 | $25.00 | $25.00 | 1/15/2026 | 1/15/2061 | Ba1 | BB+ | 5/26/2025 | 1/15, 4/15, 7/15 & 10/15 | No",,2026-08-21T19:46:36Z
AJXA,True,Great Ajax Corp. 7.25% Convertible Senior Notes due 4/30/2024,Convertible Exchange-Traded Debt Security,BABY_BOND,RPT,38983D409,NYSE,USD,,False,CONVERTIBLE,7.25,25.0,1.81,4/30/2022,25.0,4/30/2024,,,,,NF NF 4/16/2023 1.6267 $$15.37,"1/15, 4/15, 7/15 & 10/15",,,,True,"NYSE | 7.25% | $1.81 | $25.00 | $25.00 | 4/30/2022 | 4/30/2024 | NF NF | 4/16/2023 | 1.6267 | $$15.37 | 1/15, 4/15, 7/15 & 10/15 | No",,2026-08-21T19:46:38Z
AL-A,True,"Air Lease Corp., 6.15% Fix/Float Non Cumulative Perp Preferred Stock Series A",Traditional Preferred Stock,PREFERRED,AL,00912X500,NYSE,USD,False,True,FIX_TO_FLOAT,6.15,25.0,1.54,3/15/2024,25.0,,3M_LIBOR,365.0,,3/15/2024,Called for 10/17/2024 None NF BB+,"3/15, 6/15, 9/15 & 12/15",1/24/2023,ALSCP,3/07/2019,True,"NYSE | FixFloat | $1.54 | $25.00 | $25.00 | Called for | 10/17/2024 | None | NF | BB+ | 1/24/2023 | 3/15, 6/15, 9/15 & 12/15 | YES",,2026-08-21T19:46:39Z
ALB-A,True,Albemarle Corp 7.25% Dep Shares Ser A Mandatory Convertible Prfd Due 03/01/2027,Mandatory Convertible Security,PREFERRED,ALB,012653200,NYSE,USD,True,False,MAND_CONVERT,7.25,50.0,3.625,,,,,,,,N/A Not Redeemable 3/01/2027 NR NR 3/07/2024 0.3809@$131.268+ 0.4570@$109.4092-,"3/1, 6/1, 9/1 & 12/1",,ALBCL,3/13/2024,False,"NYSE | 7.25% | $3.625 | $50.00 | N/A | Not Redeemable | 3/01/2027 | NR NR | 3/07/2024 | 0.3809@$131.268+ | 0.4570@$109.4092- | 3/1, 6/1, 9/1 & 12/1 | No",,2026-08-21T19:46:40Z
ALL-B,True,"Allstate Corp., 5.10% Fixed-To-Floating Rate Sub Debentures due 1/15/2053",Exchange-Traded Debt Security,BABY_BOND,ALL,020002309,NYSE,USD,,False,FIX_TO_FLOAT,5.1,25.0,,1/15/2023,,,3M_LIBOR,316.5,,,$25.00 $25.00 1/15/2023 1/15/2053 Baa1 BBB-,"1/15, 4/15, 7/15 & 10/15",11/30/2025,,,False,"NYSE | FixFloat | n.a. | $25.00 | $25.00 | 1/15/2023 | 1/15/2053 | Baa1 | BBB- | 11/30/2025 | 1/15, 4/15, 7/15 & 10/15 | No",,2026-08-21T19:46:42Z
ALL-H,True,"Allstate Corp., 5.10% Dep Shares Fixed Rate Noncumul Perp Preferred Stock Ser H",Traditional Preferred Stock,PREFERRED,ALL,020002838,NYSE,USD,False,True,FIXED,5.1,25.0,1.28,10/15/2024,25.0,,,,,,Baa2 BBB-,"1/15, 4/15, 7/15 & 10/15",11/30/2025,ALLZL,8/09/2019,False,"NYSE | 5.10% | $1.28 | $25.00 | $25.00 | 10/15/2024 | None | Baa2 | BBB- | 11/30/2025 | 1/15, 4/15, 7/15 & 10/15 | YES",,2026-08-21T19:46:43Z
ALL-I,True,"Allstate Corp., 4.750% Dep Shares Non-Cumulative Perp Preferred Stock Series I",Traditional Preferred Stock,PREFERRED,ALL,020002812,NYSE,USD,False,True,FIXED,4.75,25.0,1.19,1/15/2025,25.0,,,,,,Baa2 BBB-,"1/15, 4/15, 7/15 & 10/15",11/30/2025,ASTLZ,11/13/2019,False,"NYSE | 4.75% | $1.19 | $25.00 | $25.00 | 1/15/2025 | None | Baa2 | BBB- | 11/30/2025 | 1/15, 4/15, 7/15 & 10/15 | YES",,2026-08-21T19:46:45Z
ALL-J,True,"Allstate Corp., 7.375% Dep Shares Non-Cumulative Preferred Stock Series J",Traditional Preferred Stock,PREFERRED,ALL,020002788,NYSE,USD,False,True,FIXED,7.375,25.0,1.84375,7/15/2028,25.0,,,,,,Baa2 BBB-,"1/15, 4/15, 7/15 & 10/15",6/15/2025,ALLJL,5/30/2023,False,"NYSE | 7.38% | $1.84375 | $25.00 | $25.00 | 7/15/2028 | None | Baa2 | BBB- | 6/15/2025 | 1/15, 4/15, 7/15 & 10/15 | YES",,2026-08-21T19:46:46Z
ALTG-A,True,Alta Equipment Group Inc. Depositary Shares Series A Cumulative Preferred Stock,Traditional Preferred Stock,PREFERRED,ALTG,02128L205,NYSE,USD,True,True,FIXED,10.0,25.0,2.5,12/22/2025,25.0,,,,,,NR NR,"1/31, 4/30, 7/31 & 10/31",11/30/2025,ALEQP,1/05/2021,False,"NYSE | 10.00% | $2.5 | $25.00 | $25.00 | 12/22/2025 | None | NR NR | 11/30/2025 | 1/31, 4/30, 7/31 & 10/31 | YES",,2026-08-21T19:46:47Z
AMBKP,True,"American Capital Trust I, 6% Cumul Convertible Trust Preferred Securities",Traditional Convertible Preferred Stock,PREFERRED,AMBK,02503Q209,OTOTC,USD,True,False,CONVERTIBLE,6.0,8.5,,3/31/2007,,,,,,,6.00% $0.51 $8.50 $8.50 3/31/2007 3/31/2032 NF NF 6/15/2025 1.00 $8.5,"3/31, 6/30, 9/30 & 12/31",,,,False,"OTOTCn | OTOTCps | 6.00% | $0.51 | $8.50 | $8.50 | 3/31/2007 | 3/31/2032 | NF NF | 6/15/2025 | 1.00 | $8.5 | 3/31, 6/30, 9/30 & 12/31 | No",,2026-08-21T19:46:48Z
AMH-G,True,"American Homes 4 Rent, 5.875% Series G Cumulative Redeem Perp Preferred Shares",Traditional Preferred Stock,PREFERRED,AMH,02665T876,NYSE,USD,True,False,FIXED,5.875,25.0,1.47,7/17/2022,25.0,,,,,,NR BB+,"3/31, 6/30, 9/30 & 12/31",6/15/2025,AMMRP,7/19/2017,False,"NYSE | 5.88% | $1.47 | $25.00 | $25.00 | 7/17/2022 | None | NR | BB+ | 6/15/2025 | 3/31, 6/30, 9/30 & 12/31 | No",,2026-08-21T19:46:50Z
AMH-H,True,"American Homes 4 Rent, 6.25% Series H Cumulative Redeem Perp Preferred Shares",Traditional Preferred Stock,PREFERRED,AMH,02665T868,NYSE,USD,True,False,FIXED,6.25,25.0,1.56,9/19/2023,25.0,,,,,,Baa3 BB+,"3/31, 6/30, 9/30 & 12/31",6/15/2025,AMHRP,9/24/2018,False,"NYSE | 6.25% | $1.56 | $25.00 | $25.00 | 9/19/2023 | None | Baa3 | BB+ | 6/15/2025 | 3/31, 6/30, 9/30 & 12/31 | No",,2026-08-21T19:46:51Z
AMTPQ,True,"Ameritrans Capital Corp., 9 3/8% Participating Preferred Stock",Traditional Preferred Stock,PREFERRED,AMTCQ,03073H207,OTOTC,USD,True,True,FIXED,8.0,12.0,,any time,,,,,,,9.38% $1.13 $12.00 $12.00 4/08/2007 None NF NF 11/30/2025 Suspended! 20 days after record date,,,AMTCP,,False,OTOTCn | OTOTCps | 9.38% | $1.13 | $12.00 | $12.00 | 4/08/2007 | None | NF NF | 11/30/2025 | Suspended! | 20 days after record date | YES,,2026-08-21T19:46:53Z
ANG-A,True,American National Group Inc. 5.95% Ser A Dep Shr Reset Rate Pref Stock,Traditional Preferred Stock,PREFERRED,BN,025676503,NYSE,USD,False,True,RESET,5.95,25.0,1.49,12/01/2024,25.0,,,432.2,,12/01/2024,Called for 2/24/2025 None NF BB,"3/1, 6/1, 9/1 & 12/1",2/20/2024,AEL-A,5/07/2024,False,"NYSE | Reset Rate | $1.49 | $25.00 | $25.00 | Called for | 2/24/2025 | None | NF | BB | 2/20/2024 | 3/1, 6/1, 9/1 & 12/1 | YES",reference_rate,2026-08-21T19:46:54Z
ANG-B,True,American National Group Inc. 6.625% Ser B Dep Shr Reset Rate Pref Stk,Traditional Preferred Stock,PREFERRED,BN,025676602,NYSE,USD,False,True,RESET,6.625,25.0,1.65625,09/01/2025,25.0,,,629.7,,,Called for 10/06/2025 None NF BB+,"3/1, 6/1, 9/1 & 12/1",2/20/2024,ANG-B,10/06/2025,False,"NYSE | Reset Rate | $1.65625 | $25.00 | $25.00 | Called for | 10/06/2025 | None | NF | BB+ | 2/20/2024 | 3/1, 6/1, 9/1 & 12/1 | YES",reference_rate,2026-08-21T19:46:56Z
ANG-D,True,"American National Group Inc. 7.375% Non-Cumulative Preferred Stock, Series D",Traditional Preferred Stock,PREFERRED,BN,025676859,NYSE,USD,False,True,FIXED,7.375,25.0,1.84375,1/15/2030,25.0,,,,,,NR BB,"1/15, 4/15, 7/15 & 10/15",1/08/2025,AMNGL,1/15/2025,False,"NYSE | 7.38% | $1.84375 | $25.00 | $25.00 | 1/15/2030 | None | NR | BB | 1/08/2025 | 1/15, 4/15, 7/15 & 10/15 | YES",,2026-08-21T19:46:57Z
AOMD,True,"Angel Oak Mortgage REIT, Inc. 9.75% Senior Notes due 6/1/2030",Exchange-Traded Debt Security,BABY_BOND,AOMR,03464Y306,NYSE,USD,,False,FIXED,9.75,25.0,2.4375,6/01/2027,25.0,6/01/2030,,,,,NR NR,"3/1, 6/1, 9/1 & 12/1",5/14/2025,,,False,"NYSE | 9.75% | $2.4375 | $25.00 | $25.00 | 6/01/2027 | 6/01/2030 | NR NR | 5/14/2025 | 3/1, 6/1, 9/1 & 12/1 | No",,2026-08-21T19:46:58Z
AOMN,True,"Angel Oak Mortgage REIT, Inc. 9.50% Senior Notes due 07/30/2029​",Exchange-Traded Debt Security,BABY_BOND,AOMR,03464Y207,NYSE,USD,,False,FIXED,9.5,25.0,2.375,7/30/2026,25.0,7/30/2029,,,,,NR NR,"1/30, 4/30, 7/30 & 10/30",8/14/2024,,,False,"NYSE | 9.50% | $2.375 | $25.00 | $25.00 | 7/30/2026 | 7/30/2029 | NR NR | 8/14/2024 | 1/30, 4/30, 7/30 & 10/30 | No",,2026-08-21T19:47:00Z
APO-A,True,Apollo Global Management 6.75% Ser A Mandatory Convertible Prfd Due 7/31/2026,Mandatory Convertible Security,PREFERRED,APO,03769M304,NYSE,USD,True,True,MAND_CONVERT,6.75,50.0,3.375,,50.0,,,,,,Not Callable 7/31/2026 NR NR 8/10/2023 0.5052@98.97+ 0.6062@82.48-,"3/31, 6/30, 9/30 & 12/31",,,,False,"NYSE | 6.75% | $3.375 | $50.00 | $50.00 | Not Callable | 7/31/2026 | NR NR | 8/10/2023 | 0.5052@98.97+ | 0.6062@82.48- | 3/31, 6/30, 9/30 & 12/31 | YES",,2026-08-21T19:47:01Z
APOS,True,Apollo Global Management Reset Rate Junior Subordinated Notes due 09/15/2053,Exchange-Traded Debt Security,BABY_BOND,APO,03769M205,NYSE,USD,,False,RESET,7.625,25.0,1.90625,12/15/2028,25.0,9/15/2053,,322.6,,,A3 BBB,"3/15, 6/15, 9/15 & 12/15",8/17/2023,,,False,"NYSE | Reset Rate | $1.90625 | $25.00 | $25.00 | 12/15/2028 | 9/15/2053 | A3 | BBB | 8/17/2023 | 3/15, 6/15, 9/15 & 12/15 | No",reference_rate,2026-08-21T19:47:03Z
AQNA,True,"Algonquin Power & Utilities Corp., 6.875% Fix/Float Sub Notes 2018A 10/17/2078",Exchange-Traded Debt Security,BABY_BOND,AQN,015857709,NYSE,USD,,False,FIX_TO_FLOAT,6.875,25.0,1.72,10/17/2023,25.0,,3M_LIBOR,367.7,,10/17/2023,Called for 11/06/2023 None NF BB+,"1/17, 4/17, 7/17 & 10/17",12/16/2022,,,True,"NYSE | FixFloat | $1.72 | $25.00 | $25.00 | Called for | 11/06/2023 | None | NF | BB+ | 12/16/2022 | 1/17, 4/17, 7/17 & 10/17 | No",,2026-08-21T19:47:04Z
AQNB,True,"Algonquin Power & Utilities Corp., 6.20% Fix/Float Sub Notes 2019A Due 7/1/2079",Exchange-Traded Debt Security,BABY_BOND,AQN,015857808,NYSE,USD,,False,FIX_TO_FLOAT,6.2,25.0,1.55,7/01/2024,25.0,,3M_LIBOR,401.0,,7/1/2024,NF BB+,"1/1, 4/1, 7/1 & 10/1",2/20/2024,,,False,"NYSE | FixFloat | $1.55 | $25.00 | $25.00 | 7/01/2024 | None | NF | BB+ | 2/20/2024 | 1/1, 4/1, 7/1 & 10/1 | No",,2026-08-21T19:47:06Z
AQNU,True,Algonquin Power & Utilities Corp. Equity Units Due 06/15/2024,Mandatory Convertible Security,PREFERRED,AQN,015857873,NYSE,USD,,False,FIXED,7.75,50.0,3.875,,50.0,,,,,,N/A 6/15/2024 NR BB+ 3/19/2024 2.7778@18.00+ 3.3333@15.00-,"3/15, 6/15, 9/15 & 12/15",,AQNNF,6/29/2021,True,"NYSE | 7.75% | $3.875 | $50.00 | $50.00 | N/A | 6/15/2024 | NR | BB+ | 3/19/2024 | 2.7778@18.00+ | 3.3333@15.00- | 3/15, 6/15, 9/15 & 12/15 | No",cumulative,2026-08-21T19:47:07Z
ARBKL,True,Argo Blockchain plc 8.75% Senior Notes Due 11/30/2026,Exchange-Traded Debt Security,BABY_BOND,ARBK,040126203,NGS,USD,,False,FIXED,8.75,25.0,2.1875,11/30/2023,25.5,11/30/0206,,,,,NR NR,"1/31, 4/30, 7/31 & 10/31",4/18/2025,,,False,"NGS | 8.75% | $2.1875 | $25.00 | $25.50 | 11/30/2023 | 11/30/0206 | NR NR | 4/18/2025 | 1/31, 4/30, 7/31 & 10/31 | No",,2026-08-21T19:47:08Z
ARES-B,True,Ares Management Corp 6.75% Series B Mandatory Convertible Preferred Stock,Mandatory Convertible Security,PREFERRED,ARES,03990B309,NYSE,USD,True,True,MAND_CONVERT,6.75,50.0,3.375,,50.0,,,,,,Not Callable 10/01/2027 NR NR 10/09/2024 0.2717 @$184.03+ 0.3260 @ 153.37-,"1/1, 4/1, 7/1 & 10/1",,AREMP,10/16/2024,False,"NYSE | 6.75% | $3.375 | $50.00 | $50.00 | Not Callable | 10/01/2027 | NR NR | 10/09/2024 | 0.2717 @$184.03+ | 0.3260 @ 153.37- | 1/1, 4/1, 7/1 & 10/1 | YES",,2026-08-21T19:47:10Z
ARGD,True,"Argo Group US, 6.50% Senior Notes due 9/15/2042",Exchange-Traded Debt Security,BABY_BOND,ARGO*,040130106,NYSE,USD,,False,FIXED,6.5,25.0,1.63,9/15/2017,25.0,,,,,,Called for 9/15/2025 9/15/2042 NF BBB- 5/26/2025 Suspended!,"3/15, 6/15, 9/15 & 12/15",,AGIIL,5/07/2018,False,"NYSE | 6.50% | $1.63 | $25.00 | $25.00 | Called for | 9/15/2025 | 9/15/2042 | NF | BBB- | 5/26/2025 | Suspended! | 3/15, 6/15, 9/15 & 12/15 | No",,2026-08-21T19:47:11Z
ARGO-A,True,"Argo Group International Holdings, Ltd. Resettable Fixed Rate Preference Shares",Traditional Preferred Stock,PREFERRED,ARGO*,040128407,NYSE,USD,False,True,RESET,7.0,25.0,1.75,,25.0,,,671.2,,,Called for 9/15/2025 None NR NR,"3/15, 6/15, 9/15 & 12/15",6/15/2025,ARGHF,7/21/2020,False,"NYSE | Reset Rate | $1.75 | $25.00 | $25.00 | Called for | 9/15/2025 | None | NR NR | 6/15/2025 | 3/15, 6/15, 9/15 & 12/15 | YES",reference_rate,2026-08-21T19:47:13Z
ARR-C,True,"ARMOUR Residential REIT, 7.00% Series C Cumulative Redeemable Preferred Stock",Traditional Preferred Stock,PREFERRED,ARR,042315606,NYSE,USD,True,False,FIXED,7.0,25.0,1.75,1/28/2025,25.0,,,,,,NF NF 4/20/2025 27th of each month,,,ARMRP,1/29/2020,False,NYSE | 7.00% | $1.75 | $25.00 | $25.00 | 1/28/2025 | None | NF NF | 4/20/2025 | 27th of each month | No,,2026-08-21T19:47:14Z
ASB-E,True,"Associated Banc-Corp, 5.875% Dep Shares Non-Cum Perp Preferred Shares, Series E",Traditional Preferred Stock,PREFERRED,ASB,045487204,NYSE,USD,False,True,FIXED,5.875,25.0,1.47,12/15/2023,25.0,,,,,,Ba2 BB-,"3/15, 6/15, 9/15 & 12/15",6/15/2025,ABCCL,9/28/2018,False,"NYSE | 5.88% | $1.47 | $25.00 | $25.00 | 12/15/2023 | None | Ba2 | BB- | 6/15/2025 | 3/15, 6/15, 9/15 & 12/15 | YES",,2026-08-21T19:47:16Z
ASB-F,True,"Associated Banc-Corp, 5.625% Dep Shares Non-Cum Perp Preferred Shares, Series F",Traditional Preferred Stock,PREFERRED,ASB,045487402,NYSE,USD,False,True,FIXED,5.625,25.0,1.40625,9/15/2025,25.0,,,,,,Ba2 BB-,"3/15, 6/15, 9/15 & 12/15",5/26/2025,ABBCL,6/18/2020,False,"NYSE | 5.63% | $1.40625 | $25.00 | $25.00 | 9/15/2025 | None | Ba2 | BB- | 5/26/2025 | 3/15, 6/15, 9/15 & 12/15 | YES",,2026-08-21T19:47:17Z
ASBA,True,Associated Banc-Corp Reset Rate Subordinated Notes due 03/01/2033,Exchange-Traded Debt Security,BABY_BOND,ASB,045487600,NYSE,USD,,False,RESET,6.625,25.0,1.65625,3/01/2028,25.0,3/01/2033,,281.2,,,Baa3 BBB-,"3/1, 6/1, 9/1 & 12/1",8/16/2023,,,False,"NYSE | Reset Rate | $1.65625 | $25.00 | $25.00 | 3/01/2028 | 3/01/2033 | Baa3 | BBB- | 8/16/2023 | 3/1, 6/1, 9/1 & 12/1 | No",reference_rate,2026-08-21T19:47:19Z
ATCO-D,True,"Atlas Corp., 7.95% Series D Cumulative Redeemable Perpetual Preferred Shares",Traditional Preferred Stock,PREFERRED,ATCO*,Y75638208,NYSE,USD,True,True,FIXED,7.95,25.0,1.99,1/30/2018,25.0,,,,,,Called for 7/10/2025 None NF NF,"1/30, 4/30, 7/30 & 10/30",2/20/2024,SSW-D,2/27/2020,False,"NYSE | 7.95% | $1.99 | $25.00 | $25.00 | Called for | 7/10/2025 | None | NF NF | 2/20/2024 | 1/30, 4/30, 7/30 & 10/30 | YES",,2026-08-21T19:47:20Z
ATCO-H,True,"Atlas Corp, 7.875% Series H Cumulative Redeemable Perpetual Preferred Shares",Traditional Preferred Stock,PREFERRED,ATCO*,81254U304,NYSE,USD,True,True,FIXED,7.875,25.0,1.97,8/11/2021,25.0,,,,,,Called for 7/10/2025 None NF NF,"1/30, 4/30, 7/30 & 10/30",2/20/2024,SSW-H,8/16/2016,False,"NYSE | 7.88% | $1.97 | $25.00 | $25.00 | Called for | 7/10/2025 | None | NF NF | 2/20/2024 | 1/30, 4/30, 7/30 & 10/30 | YES",,2026-08-21T19:47:22Z
ATCO-I,True,Atlas Corp. 8.00% Series I Fixed/Float Cumul Redeem Perp Preferred Shares,Traditional Preferred Stock,PREFERRED,ATCO*,Y75638141,NYSE,USD,True,True,FIX_TO_FLOAT,8.0,25.0,2.0,10/30/2023,25.0,,3M_LIBOR,500.8,,,Called for 10/30/2023 None NR NR,"1/30, 4/30, 7/30 & 10/30",12/16/2022,SSW-I,2/27/2020,True,"NYSE | FixFloat | $2.00 | $25.00 | $25.00 | Called for | 10/30/2023 | None | NR NR | 12/16/2022 | 1/30, 4/30, 7/30 & 10/30 | YES",,2026-08-21T19:47:23Z
ATCOL,True,Atlas Corp. 7.125% Senior Notes due 10/2027,Exchange-Traded Debt Security,BABY_BOND,ATCO*,04926V203,NGM,USD,,False,FIXED,7.125,25.0,1.78125,05/13/2023,25.0,,,,,,Called for 7/07/2025 10/30/2027 NF NF,"1/30, 4/30, 7/30 & 10/30",2/20/2024,,,True,"NGM | 7.13% | $1.78125 | $25.00 | $25.00 | Called for | 7/07/2025 | 10/30/2027 | NF NF | 2/20/2024 | 1/30, 4/30, 7/30 & 10/30 | No",,2026-08-21T19:47:24Z
ATH-A,True,Athene Holding Ltd. 6.35% Dep Sh Fix/Float Non-Cumul Pref Shares Ser A,Traditional Preferred Stock,PREFERRED,APO,G0684D305,NYSE,USD,False,True,FIX_TO_FLOAT,6.35,25.0,1.59,6/30/2029,25.0,,3M_LIBOR,425.3,,,Baa3 BBB,"3/30, 6/30, 9/30 & 12/30",5/26/2025,ATHDF,6/19/2019,False,"NYSE | FixFloat | $1.59 | $25.00 | $25.00 | 6/30/2029 | None | Baa3 | BBB | 5/26/2025 | 3/30, 6/30, 9/30 & 12/30 | YES",,2026-08-21T19:47:26Z
ATH-B,True,Athene Holding Ltd 5.625% Dep Sh Fixed Rate Non-Cumul Pref Shares Ser B,Traditional Preferred Stock,PREFERRED,APO,04686J200,NYSE,USD,False,True,FIXED,5.625,25.0,1.41,9/30/2024,25.0,,,,,,Baa3 BBB,"3/30, 6/30, 9/30 & 12/30",5/26/2025,ATHHF,9/25/2019,False,"NYSE | 5.63% | $1.41 | $25.00 | $25.00 | 9/30/2024 | None | Baa3 | BBB | 5/26/2025 | 3/30, 6/30, 9/30 & 12/30 | YES",,2026-08-21T19:47:27Z
ATH-C,True,Athene Holding Ltd. 6.375% Dep Sh Rate Reset Non-Cumul Pref Shares Ser C,Traditional Preferred Stock,PREFERRED,APO,04686J309,NYSE,USD,False,True,RESET,6.375,25.0,1.59375,9/30/2025,25.0,,,597.0,,,Called for 6/30/2025 None Baa3 BBB,"3/30, 6/30, 9/30 & 12/30",4/21/2025,ATHHL,6/16/2020,True,"NYSE | Reset Rate | $1.59375 | $25.00 | $25.00 | Called for | 6/30/2025 | None | Baa3 | BBB | 4/21/2025 | 3/30, 6/30, 9/30 & 12/30 | YES",reference_rate,2026-08-21T19:47:29Z
ATH-D,True,Athene Holding Ltd 4.875% Dep Sh Rate Non-Cumul Pref Shares Ser D,Traditional Preferred Stock,PREFERRED,APO,04686J408,NYSE,USD,False,True,FIXED,4.875,25.0,1.21875,12/30/2025,25.0,,,,,,Baa3 BBB,"3/30, 6/30, 9/30 & 12/30",4/21/2025,ATHDF,12/24/2020,False,"NYSE | 4.88% | $1.21875 | $25.00 | $25.00 | 12/30/2025 | None | Baa3 | BBB | 4/21/2025 | 3/30, 6/30, 9/30 & 12/30 | YES",,2026-08-21T19:47:30Z
ATH-E,True,Athene Holding Ltd Dep Sh Rate Reset Non-Cumul Pref Shares Ser E,Traditional Preferred Stock,PREFERRED,APO,04686J507,NYSE,USD,False,True,RESET,7.775,25.0,1.94375,12/30/2027,25.0,,,396.2,,,Baa3 BBB,"3/30, 6/30, 9/30 & 12/30",4/21/2025,ATHLL,12/16/2022,False,"NYSE | Reset Rate | $1.94375 | $25.00 | $25.00 | 12/30/2027 | None | Baa3 | BBB | 4/21/2025 | 3/30, 6/30, 9/30 & 12/30 | YES",reference_rate,2026-08-21T19:47:32Z
ATHS,True,Athene Holding Ltd. Rate Reset Junior Subordinated Debentures due 03/30/2064,Exchange-Traded Debt Security,BABY_BOND,APO,04686J838,NYSE,USD,,False,RESET,7.25,25.0,1.8125,3/30/2029,25.0,3/30/2064,,298.6,,,Baa2 BBB,"3/30, 6/30, 9/30 & 12/30",3/01/2024,,,False,"NYSE | Reset Rate | $1.8125 | $25.00 | $25.00 | 3/30/2029 | 3/30/2064 | Baa2 | BBB | 3/01/2024 | 3/30, 6/30, 9/30 & 12/30 | No",reference_rate,2026-08-21T19:47:33Z
ATLAF,True,AltaGas Ltd. Cumulative Redeemable Reset Rate Preferred Shares Series K,Traditional Preferred Stock,PREFERRED,,Unknown,OTOTC,CAD,True,False,FIXED,5.0,25.0,,03/31/2022,,,,,,,Reset Rate $1.25 $25.00 $25.00 3/31/2022 None NR BB 5/26/2025 Notes: All pricing listed is in Canadian Dollars.,"3/31, 6/30, 9/30 & 12/31",,,,False,"OTOTCn | OTOTCps | Reset Rate | $1.25 | $25.00 | $25.00 | 3/31/2022 | None | NR | BB | 5/26/2025 | 3/31, 6/30, 9/30 & 12/31 | No | Notes: All pricing listed is in Canadian Dollars.",,2026-08-21T19:47:34Z
ATLCL,True,Atlanticus Holdings Corp 6.125% Senior Notes Due 11/30/2026,Exchange-Traded Debt Security,BABY_BOND,ATLC,04914Y300,NGM,USD,,False,FIXED,6.125,25.0,1.53125,11/30/2023,25.0,11/30/2026,,,,,NF NF,"2/1, 5/1, 8/1 & 11/1",6/15/2025,,,False,"NGM | 6.13% | $1.53125 | $25.00 | $25.00 | 11/30/2023 | 11/30/2026 | NF NF | 6/15/2025 | 2/1, 5/1, 8/1 & 11/1 | No",,2026-08-21T19:47:36Z
ATLCP,True,Atlanticus Holdings Corp 7.625% Series B Cumulative Preferred Stock,Traditional Preferred Stock,PREFERRED,ATLC,04914Y201,NGS,USD,True,True,FIXED,7.625,25.0,1.90625,6/11/2026,25.0,,,,,,NF NF,"3/15, 6/15, 9/15 & 12/15",6/15/2025,,,False,"NGS | 7.63% | $1.90625 | $25.00 | $25.00 | 6/11/2026 | None | NF NF | 6/15/2025 | 3/15, 6/15, 9/15 & 12/15 | YES",,2026-08-21T19:47:37Z
ATLCZ,True,Atlanticus Holdings Corp 9.25% Senior Notes Due 01/31/2029,Exchange-Traded Debt Security,BABY_BOND,ATLC,04914Y409,NGS,USD,,False,FIXED,9.25,25.0,2.3125,1/31/2026,25.5,1/31/2029,,,,,NR NR,"1/15, 4/15, 7/15 & 10/15",1/29/2024,,,False,"NGS | 9.25% | $2.3125 | $25.00 | $25.50 | 1/31/2026 | 1/31/2029 | NR NR | 1/29/2024 | 1/15, 4/15, 7/15 & 10/15 | No",,2026-08-21T19:47:39Z
AUB-A,True,"Atlantic Union Bankshares Corp. 6.875% Non-Cumulative Preferred Shares, Series A",Traditional Preferred Stock,PREFERRED,AUB,04911A206,NYSE,USD,False,True,FIXED,6.875,25.0,1.71875,9/01/2025,25.0,,,,,,NF NF,"3/1, 6/1, 9/1 & 12/1",12/31/2023,AUBKL,6/11/2020,False,"NYSE | 6.88% | $1.71875 | $25.00 | $25.00 | 9/01/2025 | None | NF NF | 12/31/2023 | 3/1, 6/1, 9/1 & 12/1 | YES",,2026-08-21T19:47:40Z
AULT-D,True,"Hyperscale Data, Inc 13.00% Series D Cumulative Redeemable Preferred Stock",Traditional Preferred Stock,PREFERRED,GPUS,09175M200,AMEX,USD,True,False,FIXED,13.0,25.0,3.25,,25.5,,,,,,Anytime None NF NF 3/19/2024 Last day of the month,,,AULT-D,9/06/2024,False,AMEX | 13.00% | $3.25 | $25.00 | $25.50 | Anytime | None | NF NF | 3/19/2024 | Last day of the month | No,,2026-08-21T19:47:42Z
AUVIP,True,"Applied UV, Inc. 10.5% Series A Cumulative Perpetual Preferred Stock",Traditional Preferred Stock,PREFERRED,AUVIQ,03828V303,NCM,USD,True,True,FIXED,10.5,25.0,2.625,7/16/2022,28.0,,,,,,NR NR 4/21/2024 Suspended! 15th day of the Month,,,AUVIP,5/28/2024,True,Delisted | 10.50% | $2.625 | $25.00 | $28.00 | 7/16/2022 | None | NR NR | 4/21/2024 | Suspended! | 15th day of the Month | YES,,2026-08-21T19:47:43Z
AVTR-A,True,"Avantor, Inc., 6.25% Series A Mandatory Convertible Preferred Stock",Mandatory Convertible Security,PREFERRED,AVTR,05352A209,NYSE,USD,,True,MAND_CONVERT,6.25,50.0,3.13,5/15/2022,50.0,5/15/2022,,,,,NR NR 2/20/2024 3.0395 @ $16.45+ 3.5741 @ $14.00-,"2/15, 5/15, 8/15 & 11/15",,AVNOP,5/17/2019,False,"NYSE | 6.25% | $3.13 | $50.00 | $50.00 | 5/15/2022 | 5/15/2022 | NR NR | 2/20/2024 | 3.0395 @ $16.45+ | 3.5741 @ $14.00- | 2/15, 5/15, 8/15 & 11/15 | YES",cumulative,2026-08-21T19:47:45Z
AXS-E,True,"AXIS Capital Holdings Ltd, 5.50% Dep Shares Non-Cumul Series E Preferred Shares",Traditional Preferred Stock,PREFERRED,AXS,05461T305,NYSE,USD,False,True,FIXED,5.5,25.0,1.38,11/07/2021,25.0,,,,,,Baa3 BBB,"1/15, 4/15, 7/15 & 10/15",6/15/2025,AXHHF,11/22/2016,False,"NYSE | 5.50% | $1.38 | $25.00 | $25.00 | 11/07/2021 | None | Baa3 | BBB | 6/15/2025 | 1/15, 4/15, 7/15 & 10/15 | YES",,2026-08-21T19:47:46Z
BA-A,True,Boeing Co 6% Dep Shares Ser A Mandatory Convertible Prfd Stock Due 10/15/2027,Mandatory Convertible Security,PREFERRED,BA,097023204,NYSE,USD,True,True,MAND_CONVERT,6.0,50.0,3.0,,50.0,,,,,,Not Callable 10/15/2027 NR NR 10/29/2024 0.2914@$171.58+ 0.3497@$142.97-,"1/15, 4/15, 7/15 & 10/15",,BAAPL,11/06/2024,False,"NYSE | 6.00% | $3 | $50.00 | $50.00 | Not Callable | 10/15/2027 | NR NR | 10/29/2024 | 0.2914@$171.58+ | 0.3497@$142.97- | 1/15, 4/15, 7/15 & 10/15 | YES",,2026-08-21T19:47:48Z
BAC-B,True,"Bank of America Corp., 6.00% Dep Shares Non-Cumulative Preferred Stock Series GG",Traditional Preferred Stock,PREFERRED,BAC,060505229,NYSE,USD,False,True,FIXED,6.0,25.0,1.5,5/16/2023,25.0,,,,,,Baa2 BBB-,"2/16, 5/16, 8/16 & 11/16",3/19/2024,BKAPP,5/17/2018,False,"NYSE | 6.00% | $1.50 | $25.00 | $25.00 | 5/16/2023 | None | Baa2 | BBB- | 3/19/2024 | 2/16, 5/16, 8/16 & 11/16 | YES",,2026-08-21T19:47:49Z
BAC-E,True,"Bank of America, Floating Rate Dep Shares Non-cumul Preferred Stock, Series E",Traditional Preferred Stock,PREFERRED,BAC,060505815,NYSE,USD,False,True,VARIABLE,,25.0,,11/15/2011,,,3M_LIBOR,35.0,,,$25.00 $25.00 11/15/2011 None Baa2 BBB-,"2/15, 5/15, 8/15 & 11/15",3/19/2024,BACXO,11/13/2006,False,"NYSE | Variable | n.a. | $25.00 | $25.00 | 11/15/2011 | None | Baa2 | BBB- | 3/19/2024 | 2/15, 5/15, 8/15 & 11/15 | YES",coupon_pct,2026-08-21T19:47:51Z
BAC-K,True,"Bank of America Corp., 5.875% Dep Shares Non-Cumul Preferred Stock Series HH",Traditional Preferred Stock,PREFERRED,BAC,060505195,NYSE,USD,False,True,FIXED,5.875,25.0,1.47,7/24/2023,25.0,,,,,,Baa2 BBB-,"1/24, 4/24, 7/24 &10/24",3/19/2024,BKAML,7/25/2018,False,"NYSE | 5.88% | $1.47 | $25.00 | $25.00 | 7/24/2023 | None | Baa2 | BBB- | 3/19/2024 | 1/24, 4/24, 7/24 &10/24 | YES",,2026-08-21T19:47:52Z
BAC-L,True,"Bank of America, 7.25% Non-Cumulative Convertible Preferred Stock, Series L",Traditional Convertible Preferred Stock,PREFERRED,BAC,060505682,NYSE,USD,False,True,CONVERTIBLE,7.25,1000.0,72.5,1/30/2013,1000.0,,,,,,Baa2 BBB- 3/19/2024 20 $50.00,"1/30, 4/30, 7/30 & 10/30",,BNKMP,1/30/2008,False,"NYSE | 7.25% | $72.50 | $1,000.00 | $1,000.00 | 1/30/2013 | None | Baa2 | BBB- | 3/19/2024 | 20 | $50.00 | 1/30, 4/30, 7/30 & 10/30 | YES",,2026-08-21T19:47:54Z
BAC-M,True,"Bank of America, 5.375% Dep Shares Non-cumul Preferred Stock KK",Traditional Preferred Stock,PREFERRED,BAC,06053U601,NYSE,USD,False,True,FIXED,5.375,25.0,1.34,6/25/2024,25.0,,,,,,Baa2 BBB-,"3/25, 6/25, 9/25 & 12/25",3/19/2024,BAMKL,6/26/2019,False,"NYSE | 5.38% | $1.34 | $25.00 | $25.00 | 6/25/2024 | None | Baa2 | BBB- | 3/19/2024 | 3/25, 6/25, 9/25 & 12/25 | YES",,2026-08-21T19:47:55Z
BAC-N,True,"Bank of America Corp., 5.0% Dep Shares Non-Cumul Preferred Stock Series LL",Traditional Preferred Stock,PREFERRED,BAC,06055H202,NYSE,USD,False,True,FIXED,5.0,25.0,1.25,9/17/2024,25.0,,,,,,Baa2 BBB-,"3/17, 6/17, 9/17 & 12/17",3/19/2024,BFALL,9/18/2019,False,"NYSE | 5.00% | $1.25 | $25.00 | $25.00 | 9/17/2024 | None | Baa2 | BBB- | 3/19/2024 | 3/17, 6/17, 9/17 & 12/17 | YES",,2026-08-21T19:47:57Z
BAC-O,True,Bank of America Corp. 4.375% Depositary Shares Non-Cumul Preferred Stock Ser NN,Traditional Preferred Stock,PREFERRED,BAC,06055H400,NYSE,USD,False,True,FIXED,4.375,25.0,1.09375,11/03/2025,25.0,,,,,,Baa2 BBB-,"2/3, 5/3, 8/3 & 11/3",3/19/2024,BACPL,11/03/2020,False,"NYSE | 4.38% | $1.09375 | $25.00 | $25.00 | 11/03/2025 | None | Baa2 | BBB- | 3/19/2024 | 2/3, 5/3, 8/3 & 11/3 | YES",,2026-08-21T19:47:58Z
BAC-P,True,Bank of America Corp. 4.125% Depositary Shares Non-Cumul Preferred Stock Ser PP,Traditional Preferred Stock,PREFERRED,BAC,06055H608,NYSE,USD,False,True,FIXED,4.125,25.0,1.03125,2/02/2026,25.0,,,,,,Baa2 BBB-,"2/2, 5/2, 8/2 & 11/2",3/19/2024,BOAPL,1/29/2021,False,"NYSE | 4.13% | $1.03125 | $25.00 | $25.00 | 2/02/2026 | None | Baa2 | BBB- | 3/19/2024 | 2/2, 5/2, 8/2 & 11/2 | YES",,2026-08-21T19:48:00Z
BAC-Q,True,"Bank of America Corp., 4.250% Dep Shares Non-Cumul Preferred Stock Series QQ",Traditional Preferred Stock,PREFERRED,BAC,06055H806,NYSE,USD,False,True,FIXED,4.25,25.0,1.0625,11/17/2026,25.0,,,,,,Baa2 BBB-,"2/17, 5/17, 8/17 & 11/17",3/19/2024,BOAPL,10/27/2021,False,"NYSE | 4.25% | $1.0625 | $25.00 | $25.00 | 11/17/2026 | None | Baa2 | BBB- | 3/19/2024 | 2/17, 5/17, 8/17 & 11/17 | YES",,2026-08-21T19:48:01Z
BAC-S,True,"Bank of America Corp., 4.750% Dep Shares Non-Cumul Preferred Stock Series SS",Traditional Preferred Stock,PREFERRED,BAC,06055H871,NYSE,USD,False,True,FIXED,4.75,25.0,1.1875,2/17/2027,25.0,,,,,,Baa2 BBB-,"2/17, 5/17, 8/17 & 11/17",3/19/2024,BACXL,2/03/2022,False,"NYSE | 4.75% | $1.1875 | $25.00 | $25.00 | 2/17/2027 | None | Baa2 | BBB- | 3/19/2024 | 2/17, 5/17, 8/17 & 11/17 | YES",,2026-08-21T19:48:02Z
BACRP,True,Bank of America Corp. 7.00% Series B Cumulative Perpetual Preferred Stock,Traditional Preferred Stock,PREFERRED,BAC,060505203,OTOTC,USD,True,True,FIXED,7.0,100.0,,,,,,,,,7.00% $7 $100.00 N/A Not Callable None Baa2 BBB-,"1/25, 4/25, 7/25 & 10/25",3/19/2024,,,False,"OTOTCn | OTOTCps | 7.00% | $7 | $100.00 | N/A | Not Callable | None | Baa2 | BBB- | 3/19/2024 | 1/25, 4/25, 7/25 & 10/25 | YES",,2026-08-21T19:48:04Z
BANC-F,True,Banc of California 7.75% Dep Shares Rate Reset Non-Cumul Preferred Stock Ser F,Traditional Preferred Stock,PREFERRED,BANC,05990K841,NYSE,USD,False,True,RESET,7.75,25.0,1.9375,9/01/2027,25.0,,,482.0,,,NR NR,"3/1, 6/1, 9/1 & 12/1",4/21/2024,PACWP,11/30/2023,False,"NYSE | Reset Rate | $1.9375 | $25.00 | $25.00 | 9/01/2027 | None | NR NR | 4/21/2024 | 3/1, 6/1, 9/1 & 12/1 | YES",reference_rate,2026-08-21T19:48:05Z
BANFP,True,"BFC Capital Trust II, 7.20% Cumul Trust Preferred Securities",Trust Preferred Security,TRUPS,BANF,05539S206,NGS,USD,True,False,FIXED,7.2,25.0,1.8,3/31/2009,25.0,3/31/2034,,,,,NR NF,"1/15, 4/15, 7/15 & 10/15",3/19/2024,,,False,"NGS | 7.20% | $1.80 | $25.00 | $25.00 | 3/31/2009 | 3/31/2034 | NR NF | 3/19/2024 | 1/15, 4/15, 7/15 & 10/15 | No",,2026-08-21T19:48:07Z
BANGN,True,"Bangor Hydro-Electric Co., 7% Noncallable Cumul Preferred Stock",Traditional Preferred Stock,PREFERRED,,060077401,OTOTC,USD,True,True,FIXED,7.0,,,,,,,,,,"7.00% $7.00 $100.00 N/A any time None NF NF 4/20/2025 Notes: Feb. 28, 2003--Bangor Hydro-Electric Company announced today that the offering period to purchase all of the outstanding shares of its 7% preferred stock for $115 per share expired on February 27, 2003 at midnight, Eastern Standard Time. Following the expiration, the preliminary results of the shares tendered in the offering period totaled 17,634 shares (including 201 shares tendered subject to a notice of guaranteed delivery), representing approximately 70.5% of the outstanding shares of Bangor Hydro-Electric Company's 7% preferred stock immediately prior to the commencement of the offering on January 28, 2003. It is estimated that a total of 7,366 shares will remain outstanding following the expiration of the offering period. ____________ Bangor Hydro-Electric Co. was purchased by Emera Inc. (a Canadian company trading on the Toronto Stock Exchange, symbol EMA) effective 10/10/2001.","1/20, 4/20, 7/20 & 10/20",,,,False,"OTOTCn | OTOTCps | 7.00% | $7.00 | $100.00 | N/A | any time | None | NF NF | 4/20/2025 | 1/20, 4/20, 7/20 & 10/20 | YES | Notes: Feb. 28, 2003--Bangor Hydro-Electric Company announced today that the offering period to purchase all of the outstanding shares of its 7% preferred stock for $115 per share expired on February 27, 2003 at midnight, Eastern Standard Time. Following the expiration, the preliminary results of the shares tendered in the offering period totaled 17,634 shares (including 201 shares tendered subject to a notice of guaranteed delivery), representing approximately 70.5% of the outstanding shares of Bangor Hydro-Electric Company's 7% preferred stock immediately prior to the commencement of the offering on January 28, 2003. It is estimated that a total of 7,366 shares will remain outstanding following the expiration of the offering period. ____________ Bangor Hydro-Electric Co. was purchased by Emera Inc. (a Canadian company trading on the Toronto Stock Exchange, symbol EMA) effective 10/10/2001.",par,2026-08-21T19:48:08Z
BC-A,True,"Brunswick Corp., 6.50% Senior Notes due 10/15/2048",Exchange-Traded Debt Security,BABY_BOND,BC,117043406,NYSE,USD,,False,FIXED,6.5,25.0,1.63,10/15/2023,25.0,,,,,,Called for 12/01/2025 10/15/2048 Baa2 BBB-,"1/15, 4/15, 7/15 & 10/15",12/31/2023,,,False,"NYSE | 6.50% | $1.63 | $25.00 | $25.00 | Called for | 12/01/2025 | 10/15/2048 | Baa2 | BBB- | 12/31/2023 | 1/15, 4/15, 7/15 & 10/15 | No",,2026-08-21T19:48:10Z
BC-B,True,"Brunswick Corp., 6.625% Senior Unsecured Notes due 1/15/2049",Exchange-Traded Debt Security,BABY_BOND,BC,117043505,NYSE,USD,,False,FIXED,6.625,25.0,1.66,1/15/2024,25.0,,,,,,Called for 1/15/2025 1/15/2049 Baa2 BBB-,"1/15, 4/15, 7/15 & 10/15",12/31/2023,,,True,"NYSE | 6.63% | $1.66 | $25.00 | $25.00 | Called for | 1/15/2025 | 1/15/2049 | Baa2 | BBB- | 12/31/2023 | 1/15, 4/15, 7/15 & 10/15 | No",,2026-08-21T19:48:11Z
BC-C,True,"Brunswick Corp., 6.375% Senior Notes due 4/15/2049",Exchange-Traded Debt Security,BABY_BOND,BC,117043604,NYSE,USD,,False,FIXED,6.375,25.0,1.59,4/15/2024,25.0,,,,,,Partial Call 12/01/2025 4/15/2049 Baa2 BBB-,"1/15, 4/15, 7/15 & 10/15",12/31/2023,,,False,"NYSE | 6.38% | $1.59 | $25.00 | $25.00 | Partial Call | 12/01/2025 | 4/15/2049 | Baa2 | BBB- | 12/31/2023 | 1/15, 4/15, 7/15 & 10/15 | No",,2026-08-21T19:48:13Z
BCEPF,True,"BCE, Inc. Reset Rate Cumulative Redeemable First Preferred Shares, Series AC",Traditional Preferred Stock,PREFERRED,BCE,05534B786,OTOTC,CAD,True,False,FIXED,,25.0,,,,,,,,,Reset Rate $1.27 $25.00 $25.00 3/01/2023 None NR BB+,"3/1, 6/1, 9/1 & 12/1",4/15/2025,,,False,"OTOTCn | OTOTCps | Reset Rate | $1.27 | $25.00 | $25.00 | 3/01/2023 | None | NR | BB+ | 4/15/2025 | 3/1, 6/1, 9/1 & 12/1 | No",coupon_pct,2026-08-21T19:48:14Z
BCEXF,True,"BCE, Inc. Cumulative Redeemable First Preferred Shares, Series AK",Traditional Preferred Stock,PREFERRED,BCE,05534B679,OTOTC,CAD,True,False,FIXED,,25.0,,,,,,,,,Reset Rate $0.7385 $25.00 $25.00 12/31/2021 None NR BB+,"3/31, 6/30, 9/30 & 12/31",4/15/2025,,,False,"OTOTCn | OTOTCps | Reset Rate | $0.7385 | $25.00 | $25.00 | 12/31/2021 | None | NR | BB+ | 4/15/2025 | 3/31, 6/30, 9/30 & 12/31 | No",coupon_pct,2026-08-21T19:48:16Z
BCPPF,True,"BCE, Inc. Cumulative Redeemable First Preferred Shares, Series AA",Traditional Preferred Stock,PREFERRED,BCE,05534B794,OTOTC,CAD,True,False,FIXED,,25.0,,,,,,,,,Reset Rate $1.235 $25.00 $25.00 9/01/2007 None NR BB+,"3/1, 6/1, 9/1 & 12/1",4/15/2025,,,False,"OTOTCn | OTOTCps | Reset Rate | $1.235 | $25.00 | $25.00 | 9/01/2007 | None | NR | BB+ | 4/15/2025 | 3/1, 6/1, 9/1 & 12/1 | No",coupon_pct,2026-08-21T19:48:17Z
BCV-A,True,"Bancroft Fund Ltd., 5.375% Series A Cumulative Preferred Shares",Traditional Preferred Stock,PREFERRED,BCV,059702209,AMEX,USD,True,,FIXED,5.375,25.0,1.34,8/09/2021,25.0,,,,,,NF NF 6/15/2025 Variable,"3/26, 6/26, 9/26 & 12/26",,BNCRP,8/11/2016,False,"AMEX | 5.38% | $1.34 | $25.00 | $25.00 | 8/09/2021 | None | NF NF | 6/15/2025 | 3/26, 6/26, 9/26 & 12/26 | Variable",qdi_eligible,2026-08-21T19:48:19Z
BEP-A,True,Brookfield Renewable Partners L.P. 5.25% Cls A Prfd Ltd Partnership Units Ser 17,Traditional Preferred Stock,PREFERRED,BEP,G16258231,NYSE,USD,True,,FIXED,5.25,25.0,1.3125,3/31/2025,25.0,,,,,,NR BBB- 4/20/2025 Variable,"1/31, 4/30, 7/31 & 10/31",,BKFRF,2/27/2020,False,"NYSE | 5.25% | $1.3125 | $25.00 | $25.00 | 3/31/2025 | None | NR | BBB- | 4/20/2025 | 1/31, 4/30, 7/31 & 10/31 | Variable",qdi_eligible,2026-08-21T19:48:20Z
BEPH,True,Brookfield BRP Holdings (Canada) Inc. 4.625% Perpetual Subordinated Notes,Exchange-Traded Debt Security,BABY_BOND,BEP,11259P109,NYSE,USD,,False,FIXED,4.625,25.0,1.15625,4/30/2026,25.0,,,,,,NF BBB-,"1/30, 4/30, 7/30 & 10/31",3/19/2024,,,False,"NYSE | 4.63% | $1.15625 | $25.00 | $25.00 | 4/30/2026 | None | NF | BBB- | 3/19/2024 | 1/30, 4/30, 7/30 & 10/31 | No",,2026-08-21T19:48:21Z
BEPI,True,Brookfield BRP Holdings (Canada) Inc. 4.875% Perpetual Subordinated Notes,Exchange-Traded Debt Security,BABY_BOND,BEP,11259P208,NYSE,USD,,False,FIXED,4.875,25.0,1.21875,12/09/2026,25.0,,,,,,NR BBB-,"1/30, 4/30, 7/30 & 10/30",3/19/2024,,,False,"NYSE | 4.88% | $1.21875 | $25.00 | $25.00 | 12/09/2026 | None | NR | BBB- | 3/19/2024 | 1/30, 4/30, 7/30 & 10/30 | No",,2026-08-21T19:48:23Z
BEPJ,True,Brookfield BRP Holdings (Canada) Inc. 7.250% Perpetual Subordinated Notes,Exchange-Traded Debt Security,BABY_BOND,BEP,11259P307,NYSE,USD,,False,FIXED,7.25,25.0,1.8125,3/25/2029,25.0,,,,,,NR BBB-,"1/30, 4/30, 7/30 & 10/31",3/29/2024,,,False,"NYSE | 7.25% | $1.8125 | $25.00 | $25.00 | 3/25/2029 | None | NR | BBB- | 3/29/2024 | 1/30, 4/30, 7/30 & 10/31 | No",,2026-08-21T19:48:24Z
BFH-A,True,Bread Financial Holdings Dep Shares 8.625% Non-Cumul Preferred Stock Series A,Traditional Preferred Stock,PREFERRED,BFH,018581405,NYSE,USD,False,True,FIXED,8.625,25.0,2.15625,12/15/2030,25.0,,,,,,Ba1 NR,"3/15, 6/15, 9/15 & 12/15",11/20/2025,BFHIP,12/01/2025,False,"NYSE | 8.63% | $2.15625 | $25.00 | $25.00 | 12/15/2030 | None | Ba1 | NR | 11/20/2025 | 3/15, 6/15, 9/15 & 12/15 | YES",,2026-08-21T19:48:26Z
BFH-B,True,Bread Financial Holdings Dep Shares 8.875% Reset Rate Non-Cumul Prfd Stock Ser B,Traditional Preferred Stock,PREFERRED,BFH,018581603,NYSE,USD,False,True,RESET,8.875,25.0,2.21875,12/15/2031,25.0,,,480.4,,,B1 -,"3/15, 6/15, 9/15 & 12/15",5/06/2026,BRFNL,5/15/2026,False,"NYSE | Reset Rate | $2.21875 | $25.00 | $25.00 | 12/15/2031 | None | B1 | - | 5/06/2026 | 3/15, 6/15, 9/15 & 12/15 | YES",reference_rate,2026-08-21T19:48:27Z
BFS-D,True,"Saul Centers, 6.125% Dep Shares Series D Cumulative Redeemable Preferred Stock",Traditional Preferred Stock,PREFERRED,BFS,804395804,NYSE,USD,True,False,FIXED,6.125,25.0,1.53,1/23/2023,25.0,,,,,,NF NF,"1/15, 4/15, 7/15 & 10/15",11/30/2025,SAUZP,1/25/2018,False,"NYSE | 6.13% | $1.53 | $25.00 | $25.00 | 1/23/2023 | None | NF NF | 11/30/2025 | 1/15, 4/15, 7/15 & 10/15 | No",,2026-08-21T19:48:29Z
BFS-E,True,"Saul Centers, 6.0% Dep Shares Series E Cumulative Redeemable Preferred Stock",Traditional Preferred Stock,PREFERRED,BFS,804395879,NYSE,USD,True,False,FIXED,6.0,25.0,1.5,9/17/2024,25.0,,,,,,NF NF,"1/15, 4/15, 7/15 & 10/15",11/30/2025,SAUXP,9/19/2019,False,"NYSE | 6.00% | $1.50 | $25.00 | $25.00 | 9/17/2024 | None | NF NF | 11/30/2025 | 1/15, 4/15, 7/15 & 10/15 | No",,2026-08-21T19:48:30Z
BGMSP,True,"Bio Green Med Solution, Inc 6.00% Convertible Exchangeable Preferred Stock",Traditional Convertible Preferred Stock,PREFERRED,BGMS,23254L207,OTOTC,USD,True,True,CONVERTIBLE,6.0,10.0,,11/06/2007,,,,,,,6.00% $0.60 $10.00 $10.00 11/01/2014 None NF NF 5/26/2025 0.42553 $23.50,"2/1, 5/1, 8/1 & 11/1",,CYCCP,3/28/2006,False,"OTOTCn | OTOTCps | 6.00% | $0.60 | $10.00 | $10.00 | 11/01/2014 | None | NF NF | 5/26/2025 | 0.42553 | $23.50 | 2/1, 5/1, 8/1 & 11/1 | YES",,2026-08-21T19:48:31Z
BHFAL,True,"Brighthouse Financial, 6.25% Junior Subordinated Debentures due 9/15/2058",Exchange-Traded Debt Security,BABY_BOND,BHF,10922N202,NGS,USD,,False,FIXED,6.25,25.0,1.56,9/15/2023,25.0,9/15/2058,,,,,Ba2 BBB-,"3/15, 6/15, 9/15 & 12/15",4/20/2025,,,False,"NGS | 6.25% | $1.56 | $25.00 | $25.00 | 9/15/2023 | 9/15/2058 | Ba2 | BBB- | 4/20/2025 | 3/15, 6/15, 9/15 & 12/15 | No",,2026-08-21T19:48:33Z
BHFAM,True,"Brighthouse Financial, Inc. 4.625% Non-Cumulative Preferred Stock, Series D",Traditional Preferred Stock,PREFERRED,BHF,10922N889,NGS,USD,False,True,FIXED,4.625,25.0,1.15625,12/25/2026,25.0,,,,,,Ba2 BBB-,"3/25, 6/25, 9/25 & 12/25",4/20/2025,BHFPL,11/23/2021,False,"NGS | 4.63% | $1.15625 | $25.00 | $25.00 | 12/25/2026 | None | Ba2 | BBB- | 4/20/2025 | 3/25, 6/25, 9/25 & 12/25 | YES",,2026-08-21T19:48:34Z
BHFAN,True,"Brighthouse Financial, 5.375% Dep Shares Series C Non-Cumul Perp Preferred Stock",Traditional Preferred Stock,PREFERRED,BHF,10922N707,NGS,USD,False,True,FIXED,5.375,25.0,1.34375,12/25/2025,25.0,,,,,,Ba2 BBB-,"3/25, 6/25, 9/25 & 12/25",4/20/2025,BTHFL,11/23/2020,False,"NGS | 5.38% | $1.34375 | $25.00 | $25.00 | 12/25/2025 | None | Ba2 | BBB- | 4/20/2025 | 3/25, 6/25, 9/25 & 12/25 | YES",,2026-08-21T19:48:36Z
BHFAO,True,"Brighthouse Financial, 6.75% Dep Shares Series B Non-Cumul Perp Preferred Stock",Traditional Preferred Stock,PREFERRED,BHF,10922N509,NGS,USD,False,True,FIXED,6.75,25.0,1.6875,6/25/2025,25.0,,,,,,Ba1 BBB-,"3/25, 6/25, 9/25 & 12/25",4/20/2025,BHFBL,5/22/2020,False,"NGS | 6.75% | $1.6875 | $25.00 | $25.00 | 6/25/2025 | None | Ba1 | BBB- | 4/20/2025 | 3/25, 6/25, 9/25 & 12/25 | YES",,2026-08-21T19:48:37Z
BHFAP,True,"Brighthouse Financial, 6.60% Dep Shares Series A Non-Cumul Perp Preferred Stock",Traditional Preferred Stock,PREFERRED,BHF,10922N301,NGS,USD,False,True,FIXED,6.6,25.0,1.65,3/25/2024,25.0,,,,,,Ba2 BBB-,"3/25, 6/25, 9/25 & 12/25",4/20/2025,BHFLL,3/26/2019,False,"NGS | 6.60% | $1.65 | $25.00 | $25.00 | 3/25/2024 | None | Ba2 | BBB- | 4/20/2025 | 3/25, 6/25, 9/25 & 12/25 | YES",,2026-08-21T19:48:39Z
BHR-B,True,"Braemar Hotels & Resorts, 5.50% Series B Cumulative Preferred Stock",Traditional Convertible Preferred Stock,PREFERRED,BHR,044102507,NYSE,USD,True,False,FIXED,5.5,25.0,1.375,6/11/2020,25.0,,,,,,NF NR 5/26/2025 1.3228 $18.90,"1/15, 4/15, 7/15 & 10/15",,,,False,"NYSE | 5.50% | $1.375 | $25.00 | $25.00 | 6/11/2020 | None | NF NR | 5/26/2025 | 1.3228 | $18.90 | 1/15, 4/15, 7/15 & 10/15 | No",,2026-08-21T19:48:40Z
BHR-D,True,"Braemar Hotels & Resorts, 8.25% Series D Cumulative Preferred Stock",Traditional Preferred Stock,PREFERRED,BHR,10482B309,NYSE,USD,True,False,FIXED,8.25,25.0,2.06,11/20/2023,25.0,,,,,,NF NF,"1/15, 4/15, 7/15 & 10/15",6/15/2025,BHRPP,11/30/2018,False,"NYSE | 8.25% | $2.06 | $25.00 | $25.00 | 11/20/2023 | None | NF NF | 6/15/2025 | 1/15, 4/15, 7/15 & 10/15 | No",,2026-08-21T19:48:41Z
BIP-A,True,Brookfield Infrastructure Partners LP Cl A Prfd Ltd Partnership Units Ser 13,Traditional Preferred Stock,PREFERRED,BIP,G16252267,NYSE,USD,True,False,FIXED,5.125,25.0,1.28125,10/15/2025,25.0,,,,,,NR BBB-,"3/15, 6/15, 9/15 & 12/15",11/30/2025,BIPPF,9/25/2020,False,"NYSE | 5.13% | $1.28125 | $25.00 | $25.00 | 10/15/2025 | None | NR | BBB- | 11/30/2025 | 3/15, 6/15, 9/15 & 12/15 | No",,2026-08-21T19:48:43Z
BIP-B,True,Brookfield Infrastructure Partners LP Cl A Prfd Ltd Partnership Units Ser 14,Traditional Preferred Stock,PREFERRED,BIP,G16252275,NYSE,USD,True,False,FIXED,5.0,25.0,1.25,2/16/2026,25.0,,,,,,NR BBB-,"3/15, 6/15, 9/15 & 12/15",11/30/2025,BIPFF,1/26/2021,False,"NYSE | 5.00% | $1.25 | $25.00 | $25.00 | 2/16/2026 | None | NR | BBB- | 11/30/2025 | 3/15, 6/15, 9/15 & 12/15 | No",,2026-08-21T19:48:44Z
BIPH,True,Brookfield Infrastructure Finance ULC 5.0% Subordinated Notes due 05/24/2081,Exchange-Traded Debt Security,BABY_BOND,BIP,11276B109,NYSE,USD,,False,FIXED,5.0,25.0,1.25,5/24/2026,25.0,5/24/2081,,,,,NF BBB-,"3/31, 6/30, 9/30 & 12/31",6/15/2025,,,False,"NYSE | 5.00% | $1.25 | $25.00 | $25.00 | 5/24/2026 | 5/24/2081 | NF | BBB- | 6/15/2025 | 3/31, 6/30, 9/30 & 12/31 | No",,2026-08-21T19:48:46Z
BIPI,True,BIP Bermuda Holdings I Limited 5.125% Perpetual Subordinated Notes,Exchange-Traded Debt Security,BABY_BOND,BIP,05554M100,NYSE,USD,,True,FIXED,5.125,25.0,1.28125,1/21/2027,25.0,,,,,,NR BBB-,"3/31, 6/30, 9/30 & 12/31",6/15/2025,,,False,"NYSE | 5.13% | $1.28125 | $25.00 | $25.00 | 1/21/2027 | None | NR | BBB- | 6/15/2025 | 3/31, 6/30, 9/30 & 12/31 | YES",,2026-08-21T19:48:47Z
BIPJ,True,Brookfield Infrastructure Finance ULC 7.25% Subordinated Notes due 5/31/2084,Exchange-Traded Debt Security,BABY_BOND,BIP,11276B208,NYSE,USD,,False,FIXED,7.25,25.0,1.8125,5/31/2029,25.0,5/31/2084,,,,,NR NR,"3/31, 6/30, 9/30 & 12/31",5/31/2024,,,False,"NYSE | 7.25% | $1.8125 | $25.00 | $25.00 | 5/31/2029 | 5/31/2084 | NR NR | 5/31/2024 | 3/31, 6/30, 9/30 & 12/31 | No",,2026-08-21T19:48:49Z
BK-K,True,Bank of New York Mellon Corp 6.15% Dep Shares Reset Rate Ser K Non-cuml Pfd Stk,Traditional Preferred Stock,PREFERRED,BK,064058845,NYSE,USD,False,True,RESET,6.15,25.0,1.5375,3/20/2030,25.0,,,216.1,,,BBB Baa1,"3/20, 6/20, 9/20 & 12/20",3/10/2025,NYDSL,3/21/2025,False,"NYSE | Reset Rate | $1.5375 | $25.00 | $25.00 | 3/20/2030 | None | BBB | Baa1 | 3/10/2025 | 3/20, 6/20, 9/20 & 12/20 | YES",reference_rate,2026-08-21T19:48:50Z
BKAAF,True,"Brookfield Office Properties, Inc. Class AAA Preference Shares, Series N",Traditional Preferred Stock,PREFERRED,BN,112900832,OTOTC,CAD,True,False,FIXED,,25.0,,,,,,,,,Reset Rate $0.9455 $25.00 $25.00 6/30/2021 None NF BB-,"3/31, 6/30, 9/30 & 12/31",4/15/2025,,,False,"OTOTCn | OTOTCps | Reset Rate | $0.9455 | $25.00 | $25.00 | 6/30/2021 | None | NF | BB- | 4/15/2025 | 3/31, 6/30, 9/30 & 12/31 | No",coupon_pct,2026-08-21T19:48:52Z
BKFPF,True,Brookfield Asset Management Ltd 6.25% Preference Shares Class A Series 8,Traditional Preferred Stock,PREFERRED,BN,112485500,OTOTC,CAD,True,False,FIXED,6.25,25.0,,11/01/2001,,,,,,,6.25% $1.5625 $25.00 $25.00 11/01/2001 None NR NF,"2/1, 5/1, 8/1 & 11/1",4/15/2025,,,False,"OTOTCn | OTOTCps | 6.25% | $1.5625 | $25.00 | $25.00 | 11/01/2001 | None | NR NF | 4/15/2025 | 2/1, 5/1, 8/1 & 11/1 | No",,2026-08-21T19:48:53Z
BKNML,True,"Bank of New York Mellon Corp., 4.50% Dep Shares Fix/Float Ser D Non-cum Pfd Stk",Traditional Preferred Stock,PREFERRED,BK,064058AB6,TRACE,USD,False,True,FIXED,4.5,1000.0,1000.0,6/20/2023,,,,,,,Baa1 BBB,6/20 & 12/20,5/26/2025,,,False,"FixFloat | $45.00 | $1,000.00 | $1,000.00 | 6/20/2023 | None | Baa1 | BBB | 5/26/2025 | 6/20 & 12/20 | YES",,2026-08-21T19:48:54Z
BML-G,True,"Bank of America, Floating Rate Dep Shares Non-cumul Pfd Stock Series 1",Traditional Preferred Stock,PREFERRED,BAC,060505633,NYSE,USD,False,True,VARIABLE,,25.0,,11/28/2009,,,LIBOR,75.0,3.0,,$25.00 $25.00 11/28/2009 None Baa2 BBB-,"2/28, 5/28, 8/28 & 11/28",3/19/2024,MER-G,1/02/2009,False,"NYSE | Variable | n.a. | $25.00 | $25.00 | 11/28/2009 | None | Baa2 | BBB- | 3/19/2024 | 2/28, 5/28, 8/28 & 11/28 | YES",coupon_pct,2026-08-21T19:48:56Z
BML-H,True,"Bank of America, Floating Rate Dep Shares Non-cumul Pfd Stock Series 2",Traditional Preferred Stock,PREFERRED,BAC,060505625,NYSE,USD,False,True,VARIABLE,,25.0,,11/28/2009,,,LIBOR,65.0,3.0,,$25.00 $25.00 11/28/2009 None Baa2 BBB-,"2/28, 5/28, 8/28 & 11/28",3/19/2024,MER-H,1/02/2009,False,"NYSE | Variable | n.a. | $25.00 | $25.00 | 11/28/2009 | None | Baa2 | BBB- | 3/19/2024 | 2/28, 5/28, 8/28 & 11/28 | YES",coupon_pct,2026-08-21T19:48:57Z
BML-J,True,"Bank of America, Floating Rate Dep Shares Non-cumul Pfd Stock Series 4",Traditional Preferred Stock,PREFERRED,BAC,060505591,NYSE,USD,False,True,VARIABLE,,25.0,,11/28/2010,,,LIBOR,75.0,4.0,,$25.00 $25.00 11/28/2010 None Baa2 BBB-,"2/28, 5/28, 8/28 & 11/28",3/19/2024,MER-J,1/02/2009,False,"NYSE | Variable | n.a. | $25.00 | $25.00 | 11/28/2010 | None | Baa2 | BBB- | 3/19/2024 | 2/28, 5/28, 8/28 & 11/28 | YES",coupon_pct,2026-08-21T19:48:59Z
BML-L,True,"Bank of America, Floating Rate Dep Shares Non-cumul Pfd Stock Series 5",Traditional Preferred Stock,PREFERRED,BAC,060505583,NYSE,USD,False,True,VARIABLE,,25.0,,5/21/2012,,,LIBOR,50.0,4.0,,$25.00 $25.00 5/21/2012 None Baa2 BBB-,"2/21, 5/21, 8/21 & 11/21",3/19/2024,MER-L,1/02/2009,False,"NYSE | Variable | n.a. | $25.00 | $25.00 | 5/21/2012 | None | Baa2 | BBB- | 3/19/2024 | 2/21, 5/21, 8/21 & 11/21 | YES",coupon_pct,2026-08-21T19:49:00Z
BMNP,True,Bitmine Immersion Technologies 9.50% Series A Perpetual Preferred Stock,Traditional Preferred Stock,PREFERRED,BMNR,09175D200,NYSE,USD,True,True,FIXED,9.5,100.0,9.5,,110.0,,,,,,Anytime None NR NR 6/05/2026 Every Friday,,,BMNEP,6/16/2026,False,NYSE | 9.50% | $9.5 | $100.00 | $110.00 | Anytime | None | NR NR | 6/05/2026 | Every Friday | YES,,2026-08-21T19:49:02Z
BMYMP,True,"Bristol-Myers Squibb Co., $2.00 Convertible Preferred Stock",Traditional Convertible Preferred Stock,PREFERRED,BMY,110122207,OTOTC,USD,,True,CONVERTIBLE,,50.0,,,,,,,,,4.00% $2.00 $50.00 $50.00 Called for 3/18/2026 None NF NF 5/26/2025 16.96 N/A,"3/1, 6/1, 9/1 & 12/1",,BMY-,6/10/2013,True,"OTOTCn | OTOTCps | 4.00% | $2.00 | $50.00 | $50.00 | Called for | 3/18/2026 | None | NF NF | 5/26/2025 | 16.96 | N/A | 3/1, 6/1, 9/1 & 12/1 | YES",cumulative;coupon_pct,2026-08-21T19:49:03Z
BNH,True,Brookfield Finance Inc. 4.625% Subordinated Notes due 10/16/2080,Exchange-Traded Debt Security,BABY_BOND,BN,11271L102,NYSE,USD,,False,FIXED,4.625,25.0,1.15625,10/16/2025,25.0,10/16/2080,,,,,Baa2 BBB,"1/16, 4/16, 7/16 & 10/16",4/15/2025,BAMH,12/12/2022,False,"NYSE | 4.63% | $1.15625 | $25.00 | $25.00 | 10/16/2025 | 10/16/2080 | Baa2 | BBB | 4/15/2025 | 1/16, 4/16, 7/16 & 10/16 | No",,2026-08-21T19:49:05Z
BNJ,True,Brookfield Finance Inc. 4.50% Perpetual Subordinated Notes,Exchange-Traded Debt Security,BABY_BOND,BN,11272B103,NYSE,USD,,False,FIXED,4.5,25.0,1.125,11/24/2025,25.0,,,,,,Baa2 BBB,"2/24, 5/24, 8/24 & 11/24",4/15/2025,BAMI,12/12/2022,False,"NYSE | 4.50% | $1.125 | $25.00 | $25.00 | 11/24/2025 | None | Baa2 | BBB | 4/15/2025 | 2/24, 5/24, 8/24 & 11/24 | No",,2026-08-21T19:49:06Z
BOH-A,True,"Bank of Hawaii Corp 4.375% Dep Shares Non-Cumulative Preferred Stock, Series A",Traditional Preferred Stock,PREFERRED,BOH,062545207,NYSE,USD,False,True,FIXED,4.375,25.0,1.09375,8/01/2026,25.0,,,,,,Baa3 NR,"2/1, 5/1, 8/1 & 11/1",3/19/2024,BHWIL,6/18/2021,False,"NYSE | 4.38% | $1.09375 | $25.00 | $25.00 | 8/01/2026 | None | Baa3 | NR | 3/19/2024 | 2/1, 5/1, 8/1 & 11/1 | YES",,2026-08-21T19:49:07Z
BOH-B,True,"Bank of Hawaii Corp 8.00% Dep Shares Non-Cumulative Preferred Stock, Series B",Traditional Preferred Stock,PREFERRED,BOH,S06254030,NYSE,USD,False,True,FIXED,8.0,25.0,2.0,8/01/2029,25.0,,,,,,Baa3 NR,"2/1, 5/1, 8/1 & 11/1",6/20/2024,,,False,"NYSE | 8.00% | $2 | $25.00 | $25.00 | 8/01/2029 | None | Baa3 | NR | 6/20/2024 | 2/1, 5/1, 8/1 & 11/1 | YES",,2026-08-21T19:49:09Z
BPOPM,True,"Popular Capital Trust II, 6.125% Cumul Monthly Income Trust Preferred Securities",Trust Preferred Security,TRUPS,BPOP,73317H206,NGS,USD,True,False,FIXED,6.125,25.0,1.53,12/01/2009,25.0,12/01/2034,,,,,Ba2 B+ 5/26/2025 1st day of each month,,,,,False,NGS | 6.13% | $1.53 | $25.00 | $25.00 | 12/01/2009 | 12/01/2034 | Ba2 | B+ | 5/26/2025 | 1st day of each month | No,,2026-08-21T19:49:10Z
BPOPO,True,"Popular Inc., 6.375% Non-cumul Monthly Income Preferred Stock, 2003 Series A",Traditional Preferred Stock,PREFERRED,BPOP,733174304,OTOTC,USD,False,True,FIXED,6.375,25.0,,3/31/2008,,,,,,,6.38% $1.59 $25.00 $25.00 3/31/2010 None Ba3 B+ 4/21/2025 Last day of each month,,,,,False,OTOTCn | OTOTCps | 6.38% | $1.59 | $25.00 | $25.00 | 3/31/2010 | None | Ba3 | B+ | 4/21/2025 | Last day of each month | YES,,2026-08-21T19:49:12Z
BPYPM,True,Brookfield Property Partners LP 6.25% Clas A Cumul Prfd Units Ser 1 Due 07/26/81,Traditional Preferred Stock,PREFERRED,BN,G1624R107,NGS,USD,True,False,FIXED,6.25,25.0,1.5625,7/26/2026,25.0,7/26/2081,,,,,NR NR,"3/31, 6/30, 9/30 & 12/31",4/15/2025,,,False,"NGS | 6.25% | $1.5625 | $25.00 | $25.00 | 7/26/2026 | 7/26/2081 | NR NR | 4/15/2025 | 3/31, 6/30, 9/30 & 12/31 | No",,2026-08-21T19:49:13Z
BPYPN,True,Brookfield Property Partners L.P. 5.750% Class A Cumul Red Perp Prfd Units Ser 3,Traditional Preferred Stock,PREFERRED,BN,G16249164,NGS,USD,True,False,FIXED,5.75,25.0,1.39375,3/31/2025,25.0,,,,,,NR BB,"3/31, 6/30, 9/30 & 12/31",4/15/2025,BOPTP,2/19/2020,False,"NGS | 5.58% | $1.39375 | $25.00 | $25.00 | 3/31/2025 | None | NR | BB | 4/15/2025 | 3/31, 6/30, 9/30 & 12/31 | No",,2026-08-21T19:49:14Z
BPYPO,True,Brookfield Property Partners L.P. 6.375% Class A Cumul Red Perp Prfd Units Ser 2,Traditional Preferred Stock,PREFERRED,BN,G16249156,NGS,USD,True,False,FIXED,6.375,25.0,1.59,9/30/2024,25.0,,,,,,NR B,"3/31, 6/30, 9/30 & 12/31",4/21/2024,BKOYF,8/21/2019,False,"NGS | 6.38% | $1.59 | $25.00 | $25.00 | 9/30/2024 | None | NR | B | 4/21/2024 | 3/31, 6/30, 9/30 & 12/31 | No",,2026-08-21T19:49:16Z
BPYPP,True,"Brookfield Property Partners L.P., 6.50% Class A Cumul Red Perp Prfd Units Ser 1",Traditional Preferred Stock,PREFERRED,BN,G16249149,NGS,USD,True,False,FIXED,6.5,25.0,1.63,3/31/2024,25.0,,,,,,NR B,"3/31, 6/30, 9/30 & 12/31",4/21/2024,BRKPF,3/22/2019,False,"NGS | 6.50% | $1.63 | $25.00 | $25.00 | 3/31/2024 | None | NR | B | 4/21/2024 | 3/31, 6/30, 9/30 & 12/31 | No",,2026-08-21T19:49:17Z
BRKRP,True,"Bruker Corp 6.375% Mandatory Convertible Preferred Stock, Series A Due 9/1/2028",Mandatory Convertible Security,PREFERRED,BRKR,116794207,NGS,USD,True,True,MAND_CONVERT,6.375,250.0,15.9375,,,,,,,,N/A Not Callable 9/01/2028 NR NR 9/04/2025 6.9534@35.95+ 8.5179@29.35-,"3/1, 6/1, 9/1 & 12/1",,BRUKP,9/09/2025,False,"NGS | 6.38% | $15.9375 | $250.00 | N/A | Not Callable | 9/01/2028 | NR NR | 9/04/2025 | 6.9534@35.95+ | 8.5179@29.35- | 3/1, 6/1, 9/1 & 12/1 | YES",,2026-08-21T19:49:18Z
BROXF,True,Brookfield Corp. 4.90% Preference Shares Class A Series 37,Traditional Preferred Stock,PREFERRED,BN,112585567,OTOTC,CAD,True,False,FIXED,4.9,25.0,,09/30/2018,,,,,,,4.90% $1.225 $25.00 $25.00 9/30/2022 None NR BBB,"3/31, 6/30, 9/30 & 12/31",4/15/2025,,,False,"OTOTCn | OTOTCps | 4.90% | $1.225 | $25.00 | $25.00 | 9/30/2022 | None | NR | BBB | 4/15/2025 | 3/31, 6/30, 9/30 & 12/31 | No",,2026-08-21T19:49:20Z
BSMLP,True,"Black Stone Minerals, LP Series B Cumulative Convertible Preferred Units",Traditional Preferred Stock,PREFERRED,BSM,Unknown,OTOTC,USD,True,False,CONVERTIBLE,,,,,,,,,,,Reset Rate n.a. $20.39 $20.39 N/A N/A - - -,,n.a.,,,False,OTOTCn | OTOTCps | Reset Rate | n.a. | $20.39 | $20.39 | N/A | N/A | - | - | - | n.a. | No,coupon_pct;par,2026-08-21T19:49:21Z
BTSGU,True,BrightSpring Health Services 6.75% Tangible Equity Units,Mandatory Convertible Security,PREFERRED,BTSG,10950A105,NGS,USD,,False,FIXED,6.75,50.0,3.375,11/04/2024,50.0,2/01/2027,,,,,NR NR 1/26/2024 3.2733@15.28+ 3.8461@13.00-,"2/1, 5/1, 8/1 & 11/1",,,,False,"NGS | 6.75% | $3.375 | $50.00 | $50.00 | 11/04/2024 | 2/01/2027 | NR NR | 1/26/2024 | 3.2733@15.28+ | 3.8461@13.00- | 2/1, 5/1, 8/1 & 11/1 | No",cumulative,2026-08-21T19:49:23Z
BUSEP,True,First Busey Corp 8.25% Depositary Shares Series B Non-Cumulative Preferred Stock,Traditional Preferred Stock,PREFERRED,BUSE,319383600,NGS,USD,False,True,FIXED,8.25,25.0,2.0625,6/01/2030,25.0,,,,,,NR NR,"3/1, 6/1, 9/1 & 12/1",5/14/2025,BUSEL,6/04/2025,False,"NGS | 8.25% | $2.0625 | $25.00 | $25.00 | 6/01/2030 | None | NR NR | 5/14/2025 | 3/1, 6/1, 9/1 & 12/1 | YES",,2026-08-21T19:49:24Z
BW-A,True,"Babcock & Wilcox Enterprises, Inc 7.75% Series A Cumulative Preferred Stock",Traditional Preferred Stock,PREFERRED,BW,05614L407,NYSE,USD,True,True,FIXED,7.75,25.0,1.9375,5/07/2026,25.0,,,,,,NF NF,"3/31, 6/30, 9/30 & 12/31",3/21/2024,BWCXP,5/13/2021,False,"NYSE | 7.75% | $1.9375 | $25.00 | $25.00 | 5/07/2026 | None | NF NF | 3/21/2024 | 3/31, 6/30, 9/30 & 12/31 | YES",,2026-08-21T19:49:25Z
BWBBP,True,"Bridgewater Bancshares, Inc. 5.875% Dep Shares Non Cumul Preferred Stock Ser A",Traditional Preferred Stock,PREFERRED,BWB,108621301,NCM,USD,False,True,FIXED,5.875,25.0,1.46875,8/17/2026,25.0,,,,,,NF NF,"3/1, 6/1, 9/1 & 12/1",4/20/2025,,,False,"NCM | 5.88% | $1.46875 | $25.00 | $25.00 | 8/17/2026 | None | NF NF | 4/20/2025 | 3/1, 6/1, 9/1 & 12/1 | YES",,2026-08-21T19:49:27Z
BWNB,True,"Babcock & Wilcox Enterprises, Inc., 6.50% Senior Notes Due 12/31/2026",Exchange-Traded Debt Security,BABY_BOND,BW,05614L506,NYSE,USD,,False,FIXED,6.5,25.0,1.625,any time,,,,,,,N/A Called for 8/13/2026 12/31/2026 NR NR,"3/31, 6/30, 9/30 & 12/31",4/21/2024,,,False,"NYSE | 6.50% | $1.625 | $25.00 | N/A | Called for | 8/13/2026 | 12/31/2026 | NR NR | 4/21/2024 | 3/31, 6/30, 9/30 & 12/31 | No",,2026-08-21T19:49:28Z
BWSN,True,"Babcock & Wilcox Enterprises, Inc. 8.125% Senior Notes Due 2/28/2026",Exchange-Traded Debt Security,BABY_BOND,BW,05614L308,NYSE,USD,,False,FIXED,8.125,25.0,2.03125,2/28/2025,25.0,2/28/2026,,,,,NF NF,"1/31, 4/30, 7/31 & 10/31",4/21/2024,,,False,"NYSE | 8.13% | $2.03125 | $25.00 | $25.00 | 2/28/2025 | 2/28/2026 | NF NF | 4/21/2024 | 1/31, 4/30, 7/31 & 10/31 | No",,2026-08-21T19:49:30Z
C-J,True,"Citigroup, Inc., 7.125% Dep Shares Fixed/Float Non-Cumul Preferred Stock Ser J",Traditional Preferred Stock,PREFERRED,C,172967358,NYSE,USD,False,True,FIX_TO_FLOAT,7.125,25.0,1.78,9/30/2023,25.0,,3M_TERM_SOFR,404.0,,,Called for 3/29/2024 None Ba1 BB+,"3/30, 6/30, 9/30 & 12/30",5/21/2023,CIGRL,9/27/2013,True,"NYSE | FixFloat | $1.78 | $25.00 | $25.00 | Called for | 3/29/2024 | None | Ba1 | BB+ | 5/21/2023 | 3/30, 6/30, 9/30 & 12/30 | YES",,2026-08-21T19:49:32Z
C-K,True,"Citigroup, Inc., 6.875% Dep Shares Fixed/Float Non-Cumul Preferred Stock Ser K",Traditional Preferred Stock,PREFERRED,C,172967341,NYSE,USD,False,True,FIX_TO_FLOAT,6.875,25.0,1.72,11/15/2023,25.0,,3M_TERM_SOFR,413.0,,,Called for 11/15/2023 None Ba1 BB+,"2/15, 5/15, 8/15 & 11/15",5/21/2023,CTRGL,11/06/2013,True,"NYSE | FixFloat | $1.72 | $25.00 | $25.00 | Called for | 11/15/2023 | None | Ba1 | BB+ | 5/21/2023 | 2/15, 5/15, 8/15 & 11/15 | YES",,2026-08-21T19:49:33Z
C-N,True,"Citigroup Capital XIII, 7.875% Fixed/Floating TruPS Trust Preferred Securities",Trust Preferred Security,TRUPS,C,173080201,NYSE,USD,True,False,FIX_TO_FLOAT,7.875,25.0,,10/30/2015,,,3M_TERM_SOFR,637.0,,10/30/2015,$25.00 $25.00 10/30/2015 10/30/2040 Baa3 BB+,"1/30, 4/30, 7/30 & 10/30",6/15/2025,CIGTP,10/06/2010,False,"NYSE | FixFloat | n.a. | $25.00 | $25.00 | 10/30/2015 | 10/30/2040 | Baa3 | BB+ | 6/15/2025 | 1/30, 4/30, 7/30 & 10/30 | No",,2026-08-21T19:49:35Z
C-R,True,"Citigroup Inc 6.250% Depositary Shares Noncumulative Preferred Stock, Series II",Traditional Preferred Stock,PREFERRED,C,172967242,NYSE,USD,False,True,FIXED,6.25,25.0,1.5625,2/15/2031,25.0,,,,,,Ba1 BB+,"2/15, 5/15, 8/15 & 11/15",2/05/2026,CDNPL,2/05/2026,False,"NYSE | 6.25% | $1.5625 | $25.00 | $25.00 | 2/15/2031 | None | Ba1 | BB+ | 2/05/2026 | 2/15, 5/15, 8/15 & 11/15 | YES",,2026-08-21T19:49:36Z
CADE-A,True,"Huntington Bancshares, 5.50% Series A Non-Cumulative Perpetual Preferred Stock",Traditional Preferred Stock,PREFERRED,HBAN,05971J201,NGS,USD,False,True,FIXED,5.5,25.0,1.38,11/20/2024,25.0,,,,,,Ba1 BB+,"2/20, 5/20, 8/20 & 11/20",12/31/2023,CADE-A,6/05/2026,False,"NGS | 5.50% | $1.38 | $25.00 | $25.00 | 11/20/2024 | None | Ba1 | BB+ | 12/31/2023 | 2/20, 5/20, 8/20 & 11/20 | YES",,2026-08-21T19:49:38Z
CBCPQ,True,"Colonial Capital Trust IV, 7.875% Preferred Securities",Trust Preferred Security,TRUPS,CBCGQ*,19560Q203,OTOTC,USD,,False,FIXED,7.875,25.0,,10/01/2008,,,,,,,7.88% $1.97 $25.00 $25.00 10/01/2008 10/01/2033 WR NF 3/19/2024 Suspended!,"1/1, 4/1, 7/1 & 10/1",,CNB-B,8/17/2009,False,"OTOTCn | OTOTCps | 7.88% | $1.97 | $25.00 | $25.00 | 10/01/2008 | 10/01/2033 | WR | NF | 3/19/2024 | Suspended! | 1/1, 4/1, 7/1 & 10/1 | No",cumulative,2026-08-21T19:49:39Z
CBJCL,True,"Corporate Asset Backed Corp., CABCO Trust J.C.Penney 7 5/8% Debs",Third Party Trust Preferred,TP,JCPNQ,126797208,OTOTC,USD,,False,FIXED,8.0,25.0,,,,,,,,,7.63% $1.91 $25.00 $25.00 Noncallable 3/01/2097 NR WR,3/1 & 9/1,5/26/2025,PFH,5/19/2020,False,OTOTCn | OTOTCps | 7.63% | $1.91 | $25.00 | $25.00 | Noncallable | 3/01/2097 | NR WR | 5/26/2025 | 3/1 & 9/1 | No,cumulative,2026-08-21T19:49:40Z
CBKAP,True,Cobank ACB Fixed to Floating Non-cumulative Perpetual Preferred Stock Series E,Traditional Preferred Stock,PREFERRED,,19075Q607,TRACE,USD,False,True,FIXED,100.0,1000.0,1000.0,7/10/2012,,,,,,,"NF BBB+ 6/15/2025 Notes: May 31, 2023 -- From a pdf notice from the companiy's website: On March 5, 2021, the Financial Conduct Authority, the United Kingdom regulatory supervisor of the administrator of LIBOR, announced in a public statement the future cessation of overnight and 1-, 3-, 6-, and 12-month tenors of LIBOR published by the ICE Benchmark Administration on the first London banking day after June 30, 2023. As a result of this announcement, references to 3-month LIBOR in the Preferred Stock will be replaced with 3-month CME Term SOFR and a spread of 0.26161% as discussed below on the Permanent Cessation Date by operation of law under the terms and conditions provided for by regulations promulgated by the Federal Reserve Board under the Adjustable Interest Rate Act (the “LIBOR Act”), Regulation ZZ. From the 2014 Annual Report -- AgBank’s $225 million of preferred stock ($1,000 par value, 225,000 shares outstanding) was exchanged for $225 million of a new series (Series E) of CoBank non-cumulative perpetual preferred stock ($1,000 par value, 225,000 shares outstanding) with substantially the same terms and conditions.","1/10, 4/10, 7/10 & 10/10",,,,False,"FixFloat | n.a. | $1,000.00 | $1,000.00 | 7/10/2012 | None | NF | BBB+ | 6/15/2025 | 1/10, 4/10, 7/10 & 10/10 | YES | Notes: May 31, 2023 -- From a pdf notice from the companiy's website: On March 5, 2021, the Financial Conduct Authority, the United Kingdom regulatory supervisor of the administrator of LIBOR, announced in a public statement the future cessation of overnight and 1-, 3-, 6-, and 12-month tenors of LIBOR published by the ICE Benchmark Administration on the first London banking day after June 30, 2023. As a result of this announcement, references to 3-month LIBOR in the Preferred Stock will be replaced with 3-month CME Term SOFR and a spread of 0.26161% as discussed below on the Permanent Cessation Date by operation of law under the terms and conditions provided for by regulations promulgated by the Federal Reserve Board under the Adjustable Interest Rate Act (the “LIBOR Act”), Regulation ZZ. From the 2014 Annual Report -- AgBank’s $225 million of preferred stock ($1,000 par value, 225,000 shares outstanding) was exchanged for $225 million of a new series (Series E) of CoBank non-cumulative perpetual preferred stock ($1,000 par value, 225,000 shares outstanding) with substantially the same terms and conditions.",,2026-08-21T19:49:42Z
CCIA,True,Carlyle Credit Income Fund 8.75% Series A Term Preferred Shares Due 10/31/2028,Traditional Preferred Stock,PREFERRED,CCIF,92535C500,NYSE,USD,True,,FIXED,8.75,25.0,2.1875,10/31/2025,25.0,,,,,,Called for 11/03/2025 10/31/2028 NR NR 10/23/2023 Variable,Last Business Day of the Month,,,,False,NYSE | 8.75% | $2.1875 | $25.00 | $25.00 | Called for | 11/03/2025 | 10/31/2028 | NR NR | 10/23/2023 | Last Business Day of the Month | Variable,qdi_eligible,2026-08-21T19:49:43Z
CCID,True,Carlyle Credit Income Fund 7.375% Series D Preferred Shares Due 10/30/2028,Traditional Preferred Stock,PREFERRED,CCIF,92535C609,NYSE,USD,True,,FIXED,7.375,25.0,1.84375,10/30/2026,25.0,10/30/2028,,,,,NR NR 10/24/2025 Variable,Last business day of the Month,,CLCIP,11/04/2025,False,NYSE | 7.38% | $1.84375 | $25.00 | $25.00 | 10/30/2026 | 10/30/2028 | NR NR | 10/24/2025 | Last business day of the Month | Variable,qdi_eligible,2026-08-21T19:49:45Z
CCLDO,True,"CareCloud, Inc. 8.75% Series B Cumul Redeem Perp Preferred Stock",Traditional Preferred Stock,PREFERRED,CCLD,14167R308,NCM,USD,True,True,FIXED,8.75,25.0,2.1875,02/15/2024,25.25,,,,,,Called for 5/15/2026 None NF NF 5/26/2025 15th day of each month,,,MTBCO,1/10/2023,False,NCM | 8.75% | $2.1875 | $25.00 | $25.25 | Called for | 5/15/2026 | None | NF NF | 5/26/2025 | 15th day of each month | YES,,2026-08-21T19:49:46Z
CCLDP,True,"CareCloud, Inc. 11.00% Series A Cumul Redeem Perp Preferred Stock",Traditional Preferred Stock,PREFERRED,CCLD,14167R209,NCM,USD,True,True,FIXED,11.0,25.0,2.75,11/04/2020,25.0,,,,,,NF NF 4/16/2023 15th day of each month,,,MTBCP,1/10/2023,True,Delisted | 11.00% | $2.75 | $25.00 | $25.00 | 11/04/2020 | None | NF NF | 4/16/2023 | 15th day of each month | YES,,2026-08-21T19:49:48Z
CCNEP,True,CNB Financial Corp. 7.125% Dep Shares Ser A Non-Cumulative Preferred Stock,Traditional Preferred Stock,PREFERRED,CCNE,126128206,NGS,USD,False,True,FIXED,7.125,25.0,1.78125,9/01/2025,25.0,,,,,,NF NF,"3/1, 6/1, 9/1 & 12/1",3/19/2024,CCNEL,9/02/2020,False,"NGS | 7.13% | $1.78125 | $25.00 | $25.00 | 9/01/2025 | None | NF NF | 3/19/2024 | 3/1, 6/1, 9/1 & 12/1 | YES",,2026-08-21T19:49:49Z
CDNUF,True,Canadian Utilities Ltd 4.90% Cumulative Redeem Second Preferred Shares Ser AA,Traditional Preferred Stock,PREFERRED,,136717675,OTOTC,CAD,True,False,FIXED,4.9,25.0,,,,,,,,,4.90% $1.225 $25.00 $25.00 9/01/2020 None NF NF 12/31/2023 Notes: All pricing is in Canadian dollars.,"3/1, 6/1, 9/1 & 12/1",,,,False,"OTOTCn | OTOTCps | 4.90% | $1.225 | $25.00 | $25.00 | 9/01/2020 | None | NF NF | 12/31/2023 | 3/1, 6/1, 9/1 & 12/1 | No | Notes: All pricing is in Canadian dollars.",,2026-08-21T19:49:51Z
CDR-B,True,"Cedar Realty Trust, 7.25% Series B Cumulative Redeemable Preferred Stock",Traditional Preferred Stock,PREFERRED,WHLR,150602407,NYSE,USD,True,False,FIXED,7.25,25.0,1.81,5/22/2017,25.0,,,,,,NF NF,"2/20, 5/20, 8/20 & 11/20",6/15/2025,,,False,"NYSE | 7.25% | $1.81 | $25.00 | $25.00 | 5/22/2017 | None | NF NF | 6/15/2025 | 2/20, 5/20, 8/20 & 11/20 | No",,2026-08-21T19:49:52Z
CDR-C,True,"Cedar Realty Trust, 6.50% Series C Cumulative Redeemable Preferred Stock",Traditional Preferred Stock,PREFERRED,WHLR,150602506,NYSE,USD,True,False,FIXED,6.5,25.0,1.63,8/24/2022,25.0,,,,,,NF NF,"2/20, 5/20, 8/20 & 11/20",6/15/2025,CDRYP,8/25/2017,False,"NYSE | 6.50% | $1.63 | $25.00 | $25.00 | 8/24/2022 | None | NF NF | 6/15/2025 | 2/20, 5/20, 8/20 & 11/20 | No",,2026-08-21T19:49:54Z
CDUTF,True,Canadian Utilities Ltd 4.50% Cumulative Redeem Second Preferred Shares Ser FF,Traditional Preferred Stock,PREFERRED,,136717626,OTOTC,CAD,True,False,FIXED,4.5,25.0,,,,,,,,,Reset Rate n.a. $25.00 $25.00 12/01/2020 None NF NF 1/18/2024 Notes: All pricing is in Canadian dollars.,"3/1, 6/1, 9/1 & 12/1",,,,False,"OTOTCn | OTOTCps | Reset Rate | n.a. | $25.00 | $25.00 | 12/01/2020 | None | NF NF | 1/18/2024 | 3/1, 6/1, 9/1 & 12/1 | No | Notes: All pricing is in Canadian dollars.",,2026-08-21T19:49:55Z
CDZIP,True,Cadiz Inc 8.875% Depositary Shares Series A Cumulative Perpetual Preferred Stock,Traditional Preferred Stock,PREFERRED,CDZI,127537306,NGM,USD,True,True,FIXED,8.875,25.0,2.21875,7/02/2026,25.0,,,,,,NR NR,"1/15, 4/15, 7/15 & 10/15",3/19/2024,CDZAP,7/08/2021,False,"NGM | 8.88% | $2.21875 | $25.00 | $25.00 | 7/02/2026 | None | NR NR | 3/19/2024 | 1/15, 4/15, 7/15 & 10/15 | YES",,2026-08-21T19:49:56Z
CEQP-,True,Energy Transfer LP 9.25% Preferred Partnership Units -144A STOCK,Traditional Convertible Preferred Stock,PREFERRED,ET,226344307,NYSE,USD,True,False,FIXED,9.25,,0.84,any time,,,,,,,N/A N/A None None NR NR 11/07/2023 10:2.07 N/A,,n.a.,CEQP-,11/03/2023,False,NYSE | 9.25% | $0.84 | N/A | N/A | None | None | NR NR | 11/07/2023 | 10:2.07 | N/A | n.a. | No,par,2026-08-21T19:49:58Z
CETXP,True,"Cemtrex, Inc., 10.00% Cumulative Series 1 Preferred Stock",Traditional Preferred Stock,PREFERRED,CETX,15130G501,OTOTC,USD,True,True,FIXED,10.0,10.0,,any time,,,,,,,10.00% $1.00 $10.00 $10.00 Anytime None NF NF,3/31 & 9/30,6/15/2025,,,False,OTOTCn | OTOTCps | 10.00% | $1.00 | $10.00 | $10.00 | Anytime | None | NF NF | 6/15/2025 | 3/31 & 9/30 | YES,,2026-08-21T19:49:59Z
CFG-D,True,"Citizens Financial Group, 6.35% Dep Sh Fix/Float Non-Cumul Perp Prfrd Stk Ser D",Traditional Preferred Stock,PREFERRED,CFG,174610204,NYSE,USD,False,True,FIX_TO_FLOAT,6.35,25.0,1.59,4/6/2024,25.0,,3M_TERM_SOFR,364.2,,,Called for 7/08/2024 None Baa3 BB+,"1/6, 4/6, 7/6 & 10/6",1/31/2024,CFGLL,1/30/2019,True,"NYSE | FixFloat | $1.59 | $25.00 | $25.00 | Called for | 7/08/2024 | None | Baa3 | BB+ | 1/31/2024 | 1/6, 4/6, 7/6 & 10/6 | YES",,2026-08-21T19:50:01Z
CFG-E,True,"Citizens Financial Group, 5.0% Dep Sh Fixed Rt Non-Cumul Perp Prfrd Stk Ser E",Traditional Preferred Stock,PREFERRED,CFG,174610402,NYSE,USD,False,True,FIXED,5.0,25.0,1.25,1/06/2025,25.0,,,,,,Baa3 BB+,"1/6, 4/6, 7/6 & 10/6",1/31/2024,CFGZL,10/29/2019,False,"NYSE | 5.00% | $1.25 | $25.00 | $25.00 | 1/06/2025 | None | Baa3 | BB+ | 1/31/2024 | 1/6, 4/6, 7/6 & 10/6 | YES",,2026-08-21T19:50:02Z
CFG-H,True,"Citizens Financial Group, 7.375% Dep Sh Fixed Rate Non-Cumul Prfrd Stk Ser H",Traditional Preferred Stock,PREFERRED,CFG,174610600,NYSE,USD,False,True,FIXED,7.375,25.0,1.84375,7/06/2029,25.0,,,,,,Baa3 BB+,"3/31, 6/30, 9/30 & 12/31",5/17/2024,CFGPL,5/29/2024,False,"NYSE | 7.38% | $1.84375 | $25.00 | $25.00 | 7/06/2029 | None | Baa3 | BB+ | 5/17/2024 | 3/31, 6/30, 9/30 & 12/31 | YES",,2026-08-21T19:50:04Z
CFG-I,True,Citizens Financial Group Dep Shares Reset Rate Non-Cumul Preferred Stock Ser I,Traditional Preferred Stock,PREFERRED,CFG,174610808,NYSE,USD,False,True,RESET,6.5,25.0,1.625,10/06/2030,25.0,,,262.9,,,Baa3 BB+,"1/6, 4/6, 7/6 & 10/6",7/23/2025,,,False,"NYSE | Reset Rate | $1.625 | $25.00 | $25.00 | 10/06/2030 | None | Baa3 | BB+ | 7/23/2025 | 1/6, 4/6, 7/6 & 10/6 | YES",reference_rate,2026-08-21T19:50:05Z
CFR-B,True,"Cullen/Frost Bankers, Inc 4.45% Dep Shares Non-Cumulative Prfd Stock Series B",Traditional Preferred Stock,PREFERRED,CFR,229899307,NYSE,USD,False,True,FIXED,4.45,25.0,1.1125,12/15/2025,25.0,,,,,,Baa2 BBB-,"3/15, 6/15, 9/15 & 12/15",5/26/2025,CFRBL,11/25/2020,False,"NYSE | 4.45% | $1.1125 | $25.00 | $25.00 | 12/15/2025 | None | Baa2 | BBB- | 5/26/2025 | 3/15, 6/15, 9/15 & 12/15 | YES",,2026-08-21T19:50:06Z
CFTR-A,True,Cantor Fitzgerald Income Trust Inc 9.50% Series A Cumulative Preferred Stock,Traditional Preferred Stock,PREFERRED,,138615802,NYSE,USD,True,False,FIXED,9.5,25.0,2.375,4/08/2031,25.0,,,,,,"NR NR 3/31/2026 Notes: The 9.50% Series A Cumulative shares were issued on 03/31/2026 and started trading temporarily on the Other OTC market 04/01/2026 under their ""When Issued"" ticker symbol CFTZV. The shares are expected to start trading on the NYSE within 30 days of their issue date under their permanent ticker symbol of CFTR-A. For information on securities trading on the Other OTC, see our discussion on this subject on our What Income Investors Should Know page which can be found on our Information menu at the top of any page.","1/31, 4/30, 7/31 & 10/31",,,,False,"NYSE | 9.50% | $2.375 | $25.00 | $25.00 | 4/08/2031 | None | NR NR | 3/31/2026 | 1/31, 4/30, 7/31 & 10/31 | No | Notes: The 9.50% Series A Cumulative shares were issued on 03/31/2026 and started trading temporarily on the Other OTC market 04/01/2026 under their ""When Issued"" ticker symbol CFTZV. The shares are expected to start trading on the NYSE within 30 days of their issue date under their permanent ticker symbol of CFTR-A. For information on securities trading on the Other OTC, see our discussion on this subject on our What Income Investors Should Know page which can be found on our Information menu at the top of any page.",,2026-08-21T19:50:08Z
CGABL,True,Carlyle Finance LLC 4.625% Subordinated Notes due 05/15/2061,Exchange-Traded Debt Security,BABY_BOND,CG,14314C105,NGS,USD,,False,FIXED,4.625,25.0,1.15625,5/15/2026,25.0,5/15/2061,,,,,NR BBB,"2/15, 5/15, 8/15 & 11/15",3/19/2024,,,False,"NGS | 4.63% | $1.15625 | $25.00 | $25.00 | 5/15/2026 | 5/15/2061 | NR | BBB | 3/19/2024 | 2/15, 5/15, 8/15 & 11/15 | No",,2026-08-21T19:50:09Z
CGBDL,True,"Carlyle Secured Lending, Inc. 8.20% Notes due 12/1/2028",Exchange-Traded Debt Security,BABY_BOND,CGBD,872280201,NGS,USD,,False,FIXED,8.2,25.0,2.05,12/01/2025,25.0,,,,,,Called for 12/01/2025 12/01/2028 NR NR,"3/1, 6/1, 9/1 & 12/1",11/14/2023,,,False,"NGS | 8.20% | $2.05 | $25.00 | $25.00 | Called for | 12/01/2025 | 12/01/2028 | NR NR | 11/14/2023 | 3/1, 6/1, 9/1 & 12/1 | No",,2026-08-21T19:50:11Z
CHMI-A,True,"Cherry Hill Mortgage Investment Corp., 8.20% Series A Cumul Red Preferred Stock",Traditional Preferred Stock,PREFERRED,CHMI,164651200,NYSE,USD,True,False,FIXED,8.2,25.0,2.05,8/17/2022,25.0,,,,,,NF NF,"1/15, 4/15, 7/15 & 10/15",4/21/2024,CHMMP,8/23/2017,False,"NYSE | 8.20% | $2.05 | $25.00 | $25.00 | 8/17/2022 | None | NF NF | 4/21/2024 | 1/15, 4/15, 7/15 & 10/15 | No",,2026-08-21T19:50:12Z
CHMI-B,True,"Cherry Hill Mtg Investment Corp., 8.25% Series B Fix/Float Cumul Red Prfrd Stk",Traditional Preferred Stock,PREFERRED,CHMI,164651309,NYSE,USD,True,False,FIX_TO_FLOAT,8.25,25.0,2.06,4/15/2024,25.0,,3M_TERM_SOFR,563.1,,,NF NF,"1/15, 4/15, 7/15 & 10/15",4/21/2024,CRYIP,2/13/2019,False,"NYSE | FixFloat | $2.06 | $25.00 | $25.00 | 4/15/2024 | None | NF NF | 4/21/2024 | 1/15, 4/15, 7/15 & 10/15 | No",,2026-08-21T19:50:14Z
CHRB,True,"Charah Solutions, Inc. 8.50% Senior Notes Due 8/31/2026",Exchange-Traded Debt Security,BABY_BOND,CHRA,15957P204,OTOTC,USD,,False,FIXED,8.5,,,08/31/2023,,,,,,,8.50% $2.125 $25.00 $25.75 8/31/2023 8/31/2026 NR NR,"1/31, 4/30, 7/31 & 10/31",4/15/2025,,,False,"OTOTCn | OTOTCps | 8.50% | $2.125 | $25.00 | $25.75 | 8/31/2023 | 8/31/2026 | NR NR | 4/15/2025 | 1/31, 4/30, 7/31 & 10/31 | No",par,2026-08-21T19:50:15Z
CHSCL,True,"CHS Inc., 7.50% Class B Cumulative Redeemable Preferred Stock, Series 4",Traditional Preferred Stock,PREFERRED,CHSCP,12542R803,NGS,USD,True,True,FIXED,7.5,25.0,1.88,1/21/2025,25.0,,,,,,NF NF,"3/31, 6/30, 9/30 & 12/31",11/30/2025,CHNPP,1/22/2015,False,"NGS | 7.50% | $1.88 | $25.00 | $25.00 | 1/21/2025 | None | NF NF | 11/30/2025 | 3/31, 6/30, 9/30 & 12/31 | YES",,2026-08-21T19:50:16Z
CHSCM,True,"CHS Inc., 6.75% Class B Reset Rate Cumul Redeemable Preferred Stock Series 3",Traditional Preferred Stock,PREFERRED,CHSCP,12542R704,NGS,USD,True,True,FIXED,6.75,25.0,1.69,9/30/2024,25.0,,,,,,NF NF,"3/31, 6/30, 9/30 & 12/31",11/30/2025,CSHPP,9/15/2014,False,"NGS | 6.75% | $1.69 | $25.00 | $25.00 | 9/30/2024 | None | NF NF | 11/30/2025 | 3/31, 6/30, 9/30 & 12/31 | YES",,2026-08-21T19:50:18Z
CHSCN,True,"CHS Inc., 7.10% Class B Reset Rate Cumul Redeemable Preferred Stock Series 2",Traditional Preferred Stock,PREFERRED,CHSCP,12542R506,NGS,USD,True,True,FIXED,7.1,25.0,1.78,3/31/2024,25.0,,,,,,NF NF,"3/31, 6/30, 9/30 & 12/31",11/30/2025,CHSPP,3/12/2014,False,"NGS | 7.10% | $1.78 | $25.00 | $25.00 | 3/31/2024 | None | NF NF | 11/30/2025 | 3/31, 6/30, 9/30 & 12/31 | YES",,2026-08-21T19:50:19Z
CHSCO,True,"CHS Inc., 7.875% Class B Cumulative Redeemable Preferred Stock, Series 1",Traditional Preferred Stock,PREFERRED,CHSCP,12542R308,NGS,USD,True,True,FIXED,7.875,25.0,1.97,9/26/2023,25.0,,,,,,NF NF,"3/31, 6/30, 9/30 & 12/31",11/30/2025,CHSXP,9/27/2013,False,"NGS | 7.88% | $1.97 | $25.00 | $25.00 | 9/26/2023 | None | NF NF | 11/30/2025 | 3/31, 6/30, 9/30 & 12/31 | YES",,2026-08-21T19:50:21Z
CHSCP,True,"CHS Inc., 8.00% Cumulative Redeemable Preferred Stock",Traditional Preferred Stock,PREFERRED,,12542R209,NGS,USD,True,True,FIXED,8.0,25.0,2.0,7/18/2023,25.0,,,,,,"NF NF 11/30/2025 Notes: From the Form 8-K filed with the SEC on 7/19/2013 -- The Board of Directors of CHS Inc. adopted a resolution, which became effective on July 18, 2013, amending the terms of the Company's existing 8% Cumulative Redeemable Preferred Stock to provide that the 8% Preferred Stock may not be redeemed at the option of the Company until July 18, 2023. Prior to the effectiveness of the Resolution, the 8% Preferred Stock had been subject to redemption at the option of the Company from and after February 1, 2008.","3/31, 6/30, 9/30 & 12/31",,,,False,"NGS | 8.00% | $2.00 | $25.00 | $25.00 | 7/18/2023 | None | NF NF | 11/30/2025 | 3/31, 6/30, 9/30 & 12/31 | YES | Notes: From the Form 8-K filed with the SEC on 7/19/2013 -- The Board of Directors of CHS Inc. adopted a resolution, which became effective on July 18, 2013, amending the terms of the Company's existing 8% Cumulative Redeemable Preferred Stock to provide that the 8% Preferred Stock may not be redeemed at the option of the Company until July 18, 2023. Prior to the effectiveness of the Resolution, the 8% Preferred Stock had been subject to redemption at the option of the Company from and after February 1, 2008.",,2026-08-21T19:50:22Z
CICB,True,CĪON Investment Corp 7.50% Notes Due 2029,Exchange-Traded Debt Security,BABY_BOND,CION,17259U303,NYSE,USD,,False,FIXED,7.5,25.0,1.875,12/30/2026,25.0,12/30/2029,,,,,NR NR,"3/30, 6/30, 9/30 & 12/30",9/27/2024,,,False,"NYSE | 7.50% | $1.875 | $25.00 | $25.00 | 12/30/2026 | 12/30/2029 | NR NR | 9/27/2024 | 3/30, 6/30, 9/30 & 12/30 | No",,2026-08-21T19:50:23Z
CIM-A,True,Chimera Investment Corp. 8.00% Series A Cumulative Redeemable Preferred Stock,Traditional Preferred Stock,PREFERRED,CIM,16934Q307,NYSE,USD,True,False,FIXED,8.0,25.0,2.0,10/30/2021,25.0,,,,,,NF NF,"3/30, 6/30, 9/30 & 12/30",6/15/2025,CMIAP,10/17/2016,False,"NYSE | 8.00% | $2.00 | $25.00 | $25.00 | 10/30/2021 | None | NF NF | 6/15/2025 | 3/30, 6/30, 9/30 & 12/30 | No",,2026-08-21T19:50:25Z
CIM-B,True,Chimera Investment Corp. 8.00% Series B Fixed/Float Cumul Redeem Preferred Stock,Traditional Preferred Stock,PREFERRED,CIM,16934Q406,NYSE,USD,True,False,FIX_TO_FLOAT,8.0,25.0,2.0,3/30/2024,25.0,,3M_LIBOR,579.1,,,NF NF,"3/30, 6/30, 9/30 & 12/30",6/15/2025,CIMEP,3/01/2017,False,"NYSE | FixFloat | $2.00 | $25.00 | $25.00 | 3/30/2024 | None | NF NF | 6/15/2025 | 3/30, 6/30, 9/30 & 12/30 | No",,2026-08-21T19:50:26Z
CIM-C,True,Chimera Investment Corp. 7.75% Series C Fixed/Float Cumul Redeem Preferred Stock,Traditional Preferred Stock,PREFERRED,CIM,16934Q505,NYSE,USD,True,False,FIX_TO_FLOAT,7.75,25.0,1.94,9/30/2025,25.0,,3M_LIBOR,474.3,,,NF NF,"3/30, 6/30, 9/30 & 12/30",6/15/2025,CIMPP,9/25/2018,False,"NYSE | FixFloat | $1.94 | $25.00 | $25.00 | 9/30/2025 | None | NF NF | 6/15/2025 | 3/30, 6/30, 9/30 & 12/30 | No",,2026-08-21T19:50:28Z
CIM-D,True,Chimera Investment Corp. 8.00% Series D Fixed/Float Cumul Redeem Preferred Stock,Traditional Preferred Stock,PREFERRED,CIM,16934Q604,NYSE,USD,True,False,FIX_TO_FLOAT,8.0,25.0,2.0,3/30/2024,25.0,,3M_LIBOR,537.9,,,NF NF,"3/30, 6/30, 9/30 & 12/30",6/15/2025,CMIMP,1/24/2019,False,"NYSE | 8.00% | $2.00 | $25.00 | $25.00 | 3/30/2024 | None | NF NF | 6/15/2025 | 3/30, 6/30, 9/30 & 12/30 | No",,2026-08-21T19:50:29Z
CIMN,True,Chimera Investment Corp 9.000% Senior Notes due 5/15/2029,Exchange-Traded Debt Security,BABY_BOND,CIM,16934Q885,NYSE,USD,,False,FIXED,9.0,25.0,2.25,5/15/2026,25.0,5/15/2029,,,,,NR NR,"2/15, 5/15, 8/15 & 11/15",5/16/2024,,,False,"NYSE | 9.00% | $2.25 | $25.00 | $25.00 | 5/15/2026 | 5/15/2029 | NR NR | 5/16/2024 | 2/15, 5/15, 8/15 & 11/15 | No",,2026-08-21T19:50:30Z
CIMO,True,Chimera Investment Corp 9.250% Senior Notes due 08/15/2029,Exchange-Traded Debt Security,BABY_BOND,CIM,16934Q877,NYSE,USD,,False,FIXED,9.25,25.0,2.3125,8/15/2026,25.0,8/15/2029,,,,,NR NR,"2/15, 5/15, 8/15 & 11/15",8/13/2024,,,False,"NYSE | 9.25% | $2.3125 | $25.00 | $25.00 | 8/15/2026 | 8/15/2029 | NR NR | 8/13/2024 | 2/15, 5/15, 8/15 & 11/15 | No",,2026-08-21T19:50:32Z
CIMP,True,Chimera Investment Corp 8.875% Senior Notes due 8/15/2030,Exchange-Traded Debt Security,BABY_BOND,CIM,16934Q869,NYSE,USD,,False,FIXED,8.875,25.0,2.21875,8/15/2027,25.0,8/15/2030,,,,,NR NR,"2/15, 5/15, 8/15 & 11/15",9/09/2025,,,False,"NYSE | 8.88% | $2.21875 | $25.00 | $25.00 | 8/15/2027 | 8/15/2030 | NR NR | 9/09/2025 | 2/15, 5/15, 8/15 & 11/15 | No",,2026-08-21T19:50:33Z
CIO-A,True,"City Office REIT, 6.625% Series A Cumulative Redeemable Preferred Stock",Traditional Preferred Stock,PREFERRED,CIO*,178587200,NYSE,USD,True,False,FIXED,6.625,25.0,1.66,10/04/2021,25.0,,,,,,NF NF,"1/25, 4/25, 7/25 & 10/25",6/15/2025,CYORP,10/05/2016,True,"NYSE | 6.63% | $1.66 | $25.00 | $25.00 | 10/04/2021 | None | NF NF | 6/15/2025 | 1/25, 4/25, 7/25 & 10/25 | No",,2026-08-21T19:50:35Z
CKNQP,True,"CoBank ACB, 6.20% Fixed/Float Non-cumulative Preferred Stock Series H 144A",Traditional Preferred Stock,PREFERRED,,19075Q862,OTOTC,USD,False,True,FIXED,6.2,100.0,,1/1/2025,,,,,,,FixFloat $6.20 $100.00 $100.00 Called for 12/30/2024 None NF BBB+,"1/1, 4/1, 7/1 & 10/1",4/16/2023,,,True,"OTOTCn | OTOTCps | FixFloat | $6.20 | $100.00 | $100.00 | Called for | 12/30/2024 | None | NF | BBB+ | 4/16/2023 | 1/1, 4/1, 7/1 & 10/1 | YES",,2026-08-21T19:50:36Z
CLDT-A,True,Chatham Lodging Trust 6.625% Series A Cumulative Redeemable Preferred Shares,Traditional Preferred Stock,PREFERRED,CLDT,16208T201,NYSE,USD,True,False,FIXED,6.625,25.0,1.65625,6/30/2026,25.0,,,,,,NR NR,"1/15, 4/15, 7/15 & 10/15",3/19/2024,CLDTP,7/01/2021,False,"NYSE | 6.63% | $1.65625 | $25.00 | $25.00 | 6/30/2026 | None | NR NR | 3/19/2024 | 1/15, 4/15, 7/15 & 10/15 | No",,2026-08-21T19:50:38Z
CLVT-A,True,Clarivate Plc 5.25% Series A Mandatory Convertible Preferred Shares Due 6/1/2024,Mandatory Convertible Security,PREFERRED,CLVT,00BM91P35,NYSE,USD,True,True,MAND_CONVERT,5.25,100.0,5.25,,,,,,,,N/A Not Callable 6/01/2024 NF NF 3/19/2024 3.02052@$31.20+ 3.8462@$25.99+,"3/1, 6/1, 9/1 & 12/1",,CLVPF,6/17/2021,True,"NYSE | 5.25% | $5.25 | $100.00 | N/A | Not Callable | 6/01/2024 | NF NF | 3/19/2024 | 3.02052@$31.20+ | 3.8462@$25.99+ | 3/1, 6/1, 9/1 & 12/1 | YES",,2026-08-21T19:50:39Z
CMRE-B,True,"Costamare, Inc., 7.625% Series B Cumulative Redeemable Perpetual Preferred Stock",Traditional Preferred Stock,PREFERRED,CMRE,Y1771G110,NYSE,USD,True,True,FIXED,7.625,25.0,1.91,8/06/2018,25.0,,,,,,NF NF,"1/15, 4/15, 7/15 & 10/15",12/31/2023,,,False,"NYSE | 7.63% | $1.91 | $25.00 | $25.00 | 8/06/2018 | None | NF NF | 12/31/2023 | 1/15, 4/15, 7/15 & 10/15 | YES",,2026-08-21T19:50:40Z
CMRE-C,True,"Costamare, Inc., 8.50% Series C Cumulative Redeemable Perpetual Preferred Stock",Traditional Preferred Stock,PREFERRED,CMRE,Y1771G128,NYSE,USD,True,True,FIXED,8.5,25.0,2.13,1/21/2019,25.0,,,,,,NF NF,"1/15, 4/15, 7/15 & 10/15",12/31/2023,CMREF,1/22/2014,False,"NYSE | 8.50% | $2.13 | $25.00 | $25.00 | 1/21/2019 | None | NF NF | 12/31/2023 | 1/15, 4/15, 7/15 & 10/15 | YES",,2026-08-21T19:50:42Z
CMRE-D,True,"Costamare, Inc., 8.75% Series D Cumulative Redeemable Perpetual Preferred Stock",Traditional Preferred Stock,PREFERRED,CMRE,Y1771G136,NYSE,USD,True,True,FIXED,8.75,25.0,2.19,5/13/2020,25.0,,,,,,NR NF,"1/15, 4/15, 7/15 & 10/15",12/31/2023,COZTF,5/15/2015,False,"NYSE | 8.75% | $2.19 | $25.00 | $25.00 | 5/13/2020 | None | NR NF | 12/31/2023 | 1/15, 4/15, 7/15 & 10/15 | YES",,2026-08-21T19:50:43Z
CMRE-E,True,"Costamare, Inc., 8.875% Series E Cumulative Redeemable Perpetual Preferred Stock",Traditional Preferred Stock,PREFERRED,CMRE,Y1771G201,NYSE,USD,True,True,FIXED,8.875,25.0,2.22,1/30/2023,25.0,,,,,,Called for 7/15/2024 None NF NF,"1/15, 4/15, 7/15 & 10/15",12/31/2023,CTMMF,2/02/2018,True,"NYSE | 8.88% | $2.22 | $25.00 | $25.00 | Called for | 7/15/2024 | None | NF NF | 12/31/2023 | 1/15, 4/15, 7/15 & 10/15 | YES",,2026-08-21T19:50:45Z
CMS-B,True,"Consumers Energy Co., $4.50 Series Cumulative Preferred Stock",Traditional Preferred Stock,PREFERRED,CMS,210518304,NYSE,USD,True,True,FIXED,4.5,100.0,4.5,,110.0,,,,,,any time None Baa1 NR,"1/1, 4/1, 7/1 & 10/1",6/11/2025,,,False,"NYSE | 4.50% | $4.50 | $100.00 | $110.00 | any time | None | Baa1 | NR | 6/11/2025 | 1/1, 4/1, 7/1 & 10/1 | YES",,2026-08-21T19:50:46Z
CMS-C,True,"CMS Energy Corp 4.20% Cumulative Redeemable Preferred Stock, Series C",Traditional Preferred Stock,PREFERRED,CMS,125896837,NYSE,USD,True,True,FIXED,4.2,25.0,1.05,7/15/2026,25.0,,,,,,Ba1 BBB-,"1/15, 4/15, 7/15 & 10/15",12/31/2023,CMSEP,7/09/2021,False,"NYSE | 4.20% | $1.05 | $25.00 | $25.00 | 7/15/2026 | None | Ba1 | BBB- | 12/31/2023 | 1/15, 4/15, 7/15 & 10/15 | YES",,2026-08-21T19:50:48Z
CMSA,True,"CMS Energy Corp., 5.625% Junior Subordinated Notes due 3/15/2078",Exchange-Traded Debt Security,BABY_BOND,CMS,125896860,NYSE,USD,,False,FIXED,5.625,25.0,1.41,3/15/2023,25.0,3/15/2078,,,,,Baa3 BBB-,"3/15, 6/15, 9/15 & 12/15",12/31/2023,,,False,"NYSE | 5.63% | $1.41 | $25.00 | $25.00 | 3/15/2023 | 3/15/2078 | Baa3 | BBB- | 12/31/2023 | 3/15, 6/15, 9/15 & 12/15 | No",,2026-08-21T19:50:49Z
CMSC,True,"CMS Energy Corp., 5.875% Junior Subordinated Notes due 10/15/2078",Exchange-Traded Debt Security,BABY_BOND,CMS,125896852,NYSE,USD,,False,FIXED,5.875,25.0,1.47,10/15/2023,25.0,10/15/2078,,,,,Baa3 BBB-,"1/15, 4/15, 7/15 & 10/15",12/31/2023,,,False,"NYSE | 5.88% | $1.47 | $25.00 | $25.00 | 10/15/2023 | 10/15/2078 | Baa3 | BBB- | 12/31/2023 | 1/15, 4/15, 7/15 & 10/15 | No",,2026-08-21T19:50:51Z
CMSD,True,"CMS Energy Corp., 5.875% Junior Subordinated Notes due 3/1/2079",Exchange-Traded Debt Security,BABY_BOND,CMS,125896845,NYSE,USD,,False,FIXED,5.875,25.0,1.47,3/01/2024,25.0,3/01/2079,,,,,Baa3 BBB-,"3/1, 6/1, 9/1 & 12/1",12/31/2023,,,False,"NYSE | 5.88% | $1.47 | $25.00 | $25.00 | 3/01/2024 | 3/01/2079 | Baa3 | BBB- | 12/31/2023 | 3/1, 6/1, 9/1 & 12/1 | No",,2026-08-21T19:50:52Z
CNFRL,True,"Conifer Holdings, 6.75% Senior Unsecured Notes due 9/30/2023",Exchange-Traded Debt Security,BABY_BOND,CNFR,20731J201,NGM,USD,,False,FIXED,6.75,25.0,1.69,9/30/2021,25.0,9/30/2023,,,,,NF NF,"3/31, 6/30, 9/30 & 12/31",11/03/2022,,,True,"NGM | 6.75% | $1.69 | $25.00 | $25.00 | 9/30/2021 | 9/30/2023 | NF NF | 11/03/2022 | 3/31, 6/30, 9/30 & 12/31 | No",,2026-08-21T19:50:53Z
CNFRZ,True,"Presurance Holdings, Inc, 9.75% Senior Unsecured Notes due 9/30/2028",Exchange-Traded Debt Security,BABY_BOND,PRHI,20731J300,NGM,USD,,False,FIXED,9.75,25.0,2.4375,9/30/2025,25.0,9/30/2028,,,,,NR NR,"3/31, 6/30, 9/30 & 12/31",8/31/2023,CNFRZ,9/29/2025,False,"NGM | 9.75% | $2.4375 | $25.00 | $25.00 | 9/30/2025 | 9/30/2028 | NR NR | 8/31/2023 | 3/31, 6/30, 9/30 & 12/31 | No",,2026-08-21T19:50:55Z
CNLHN,True,"Connecticut Light & Power Co., 3.90% Series of 1949 Preferred Stock",Traditional Preferred Stock,PREFERRED,ES,207597832,OTOTC,USD,,True,FIXED,3.9,50.0,,,,,,,,,3.90% $1.95 $50.00 $50.50 any time None Baa2 BBB+,"3/1, 6/1, 9/1 & 12/1",12/31/2023,,,False,"OTOTCn | OTOTCps | 3.90% | $1.95 | $50.00 | $50.50 | any time | None | Baa2 | BBB+ | 12/31/2023 | 3/1, 6/1, 9/1 & 12/1 | YES",cumulative,2026-08-21T19:50:56Z
CNLHO,True,"Connecticut Light & Power Co., 4.50% Series of 1956 Preferred Stock",Traditional Preferred Stock,PREFERRED,ES,207597824,OTOTC,USD,,True,FIXED,4.5,50.0,,,,,,,,,4.50% $2.25 $50.00 $50.75 any time None Baa2 BBB+,"2/1, 5/1, 8/1 & 11/1",12/31/2023,,,False,"OTOTCn | OTOTCps | 4.50% | $2.25 | $50.00 | $50.75 | any time | None | Baa2 | BBB+ | 12/31/2023 | 2/1, 5/1, 8/1 & 11/1 | YES",cumulative,2026-08-21T19:50:58Z
CNLHP,True,"Connecticut Light & Power Co., 4.50% Series of 1963 Preferred Stock",Traditional Preferred Stock,PREFERRED,ES,207597816,OTOTC,USD,,True,FIXED,4.5,50.0,,,,,,,,,4.50% $2.25 $50.00 $50.50 any time None Baa2 BBB+,"3/1, 6/1, 9/1 & 12/1",12/31/2023,,,False,"OTOTCn | OTOTCps | 4.50% | $2.25 | $50.00 | $50.50 | any time | None | Baa2 | BBB+ | 12/31/2023 | 3/1, 6/1, 9/1 & 12/1 | YES",cumulative,2026-08-21T19:50:59Z
CNLPL,True,"Connecticut Light & Power Co., $3.24 Series G of 1968 Preferred Stock",Traditional Preferred Stock,PREFERRED,ES,207597709,OTOTC,USD,,True,FIXED,,50.0,,,,,,,,,6.48% $3.24 $50.00 $51.84 any time None Baa2 BBB+,"1/1, 4/1, 7/1 & 10/1",12/31/2023,,,False,"OTOTCn | OTOTCps | 6.48% | $3.24 | $50.00 | $51.84 | any time | None | Baa2 | BBB+ | 12/31/2023 | 1/1, 4/1, 7/1 & 10/1 | YES",cumulative;coupon_pct,2026-08-21T19:51:01Z
CNLPM,True,"Connecticut Light & Power Co., $2.06 Series E of 1954 Preferred Stock",Traditional Preferred Stock,PREFERRED,ES,207597501,OTOTC,USD,,True,FIXED,,50.0,,,,,,,,,4.12% $2.06 $50.00 $51.00 any time None Baa2 BBB+,"2/1, 5/1, 8/1 & 11/1",12/31/2023,,,False,"OTOTCn | OTOTCps | 4.12% | $2.06 | $50.00 | $51.00 | any time | None | Baa2 | BBB+ | 12/31/2023 | 2/1, 5/1, 8/1 & 11/1 | YES",cumulative;coupon_pct,2026-08-21T19:51:02Z
CNLTL,True,"Connecticut Light & Power Co., $1.90 Series of 1947 Preferred Stock",Traditional Preferred Stock,PREFERRED,ES,207597204,OTOTC,USD,,True,FIXED,,50.0,,,,,,,,,3.80% $1.90 $50.00 $52.50 any time None Baa2 BBB+,"2/1, 5/1, 8/1 & 11/1",12/31/2023,,,False,"OTOTCn | OTOTCps | 3.80% | $1.90 | $50.00 | $52.50 | any time | None | Baa2 | BBB+ | 12/31/2023 | 2/1, 5/1, 8/1 & 11/1 | YES",cumulative;coupon_pct,2026-08-21T19:51:04Z
CNLTN,True,"Connecticut Light & Power Co., $2.00 Series of 1947 Preferred Stock",Traditional Preferred Stock,PREFERRED,ES,207597303,OTOTC,USD,,True,FIXED,,50.0,,,,,,,,,4.00% $2.00 $50.00 $54.00 any time None Baa2 BBB+,"2/1, 5/1, 8/1 & 11/1",12/31/2023,,,False,"OTOTCn | OTOTCps | 4.00% | $2.00 | $50.00 | $54.00 | any time | None | Baa2 | BBB+ | 12/31/2023 | 2/1, 5/1, 8/1 & 11/1 | YES",cumulative;coupon_pct,2026-08-21T19:51:05Z
CNLTP,True,"Connecticut Light & Power Co., $2.20 Series of 1949 Preferred Stock",Traditional Preferred Stock,PREFERRED,ES,207597600,OTOTC,USD,,True,FIXED,,50.0,,,,,,,,,4.40% $2.20 $50.00 $52.50 any time None Baa2 BBB+,"2/1, 5/1, 8/1 & 11/1",12/31/2023,,,False,"OTOTCn | OTOTCps | 4.40% | $2.20 | $50.00 | $52.50 | any time | None | Baa2 | BBB+ | 12/31/2023 | 2/1, 5/1, 8/1 & 11/1 | YES",cumulative;coupon_pct,2026-08-21T19:51:07Z
CNO-A,True,"CNO Financial Group, Inc 5.125% Subordinated Debentures Due 11/25/2060",Exchange-Traded Debt Security,BABY_BOND,CNO,12621E301,NYSE,USD,,False,FIXED,5.125,25.0,1.28125,11/25/2025,25.0,11/25/2060,,,,,Ba1 BB,"2/25, 5/25, 8/25 & 11/25",5/26/2025,,,False,"NYSE | 5.13% | $1.28125 | $25.00 | $25.00 | 11/25/2025 | 11/25/2060 | Ba1 | BB | 5/26/2025 | 2/25, 5/25, 8/25 & 11/25 | No",,2026-08-21T19:51:08Z
CNOBP,True,"ConnectOne Bancorp, Inc. Dep Shares Reset Rate Non-Cumul Preferred Stock Ser A",Traditional Preferred Stock,PREFERRED,CNOB,20786W503,NGS,USD,False,True,RESET,5.25,25.0,1.3125,9/01/2026,25.0,,,442.0,,,NR NR,"3/1, 6/1, 9/1 & 12/1",4/15/2025,CNBOL,8/30/2021,False,"NGS | Reset Rate | $1.3125 | $25.00 | $25.00 | 9/01/2026 | None | NR NR | 4/15/2025 | 3/1, 6/1, 9/1 & 12/1 | YES",reference_rate,2026-08-21T19:51:10Z
CNPWM,True,"Connecticut Light & Power Co., $2.09 Series F of 1955 Preferred Stock",Traditional Preferred Stock,PREFERRED,ES,207597626,OTOTC,USD,,True,FIXED,,50.0,,,,,,,,,4.18% $2.09 $50.00 $51.00 any time None Baa2 BBB+,"2/1, 5/1, 8/1 & 11/1",12/31/2023,,,False,"OTOTCn | OTOTCps | 4.18% | $2.09 | $50.00 | $51.00 | any time | None | Baa2 | BBB+ | 12/31/2023 | 2/1, 5/1, 8/1 & 11/1 | YES",cumulative;coupon_pct,2026-08-21T19:51:11Z
CNPWP,True,"Connecticut Light & Power Co., $2.04 Series of 1949 Preferred Stock",Traditional Preferred Stock,PREFERRED,ES,207597402,OTOTC,USD,,True,FIXED,,50.0,,,,,,,,,4.08% $2.04 $50.00 $52.00 any time None Baa2 BBB+,"2/1, 5/1, 8/1 & 11/1",12/31/2023,,,False,"OTOTCn | OTOTCps | 4.08% | $2.04 | $50.00 | $52.00 | any time | None | Baa2 | BBB+ | 12/31/2023 | 2/1, 5/1, 8/1 & 11/1 | YES",cumulative;coupon_pct,2026-08-21T19:51:13Z
CNTHN,True,"Connecticut Light & Power Co., 4.96% Series of 1958 Preferred Stock",Traditional Preferred Stock,PREFERRED,ES,207597790,OTOTC,USD,,True,FIXED,4.96,50.0,,,,,,,,,4.96% $2.48 $50.00 $50.50 any time None Baa2 BBB+,"2/1, 5/1, 8/1 & 11/1",12/31/2023,,,False,"OTOTCn | OTOTCps | 4.96% | $2.48 | $50.00 | $50.50 | any time | None | Baa2 | BBB+ | 12/31/2023 | 2/1, 5/1, 8/1 & 11/1 | YES",cumulative,2026-08-21T19:51:14Z
CNTHO,True,"Connecticut Light & Power Co., 5.28% Series of 1967 Preferred Stock",Traditional Preferred Stock,PREFERRED,ES,207597824,OTOTC,USD,,True,FIXED,5.28,50.0,,,,,,,,,5.28% $2.64 $50.00 $51.43 any time None Baa2 BBB+,"1/1, 4/1, 7/1 & 10/1",12/31/2023,,,False,"OTOTCn | OTOTCps | 5.28% | $2.64 | $50.00 | $51.43 | any time | None | Baa2 | BBB+ | 12/31/2023 | 1/1, 4/1, 7/1 & 10/1 | YES",cumulative,2026-08-21T19:51:16Z
CNTHP,True,"Connecticut Light & Power Co., 6.56% Series of 1968 Preferred Stock",Traditional Preferred Stock,PREFERRED,ES,207597774,OTOTC,USD,,True,FIXED,6.56,50.0,,,,,,,,,6.56% $3.28 $50.00 $51.44 any time None Baa2 BBB+,"2/1, 5/1, 8/1 & 11/1",12/31/2023,,,False,"OTOTCn | OTOTCps | 6.56% | $3.28 | $50.00 | $51.44 | any time | None | Baa2 | BBB+ | 12/31/2023 | 2/1, 5/1, 8/1 & 11/1 | YES",cumulative,2026-08-21T19:51:17Z
CODI-A,True,"Compass Diversified Holdings, 7.25% Series A Non-Cumulative Preferred Shares",Traditional Preferred Stock,PREFERRED,CODI,20451Q203,NYSE,USD,False,True,FIXED,7.25,25.0,1.81,7/30/2022,25.0,,,,,,NR NF,"1/30, 4/30, 7/30 & 10/30",6/15/2025,CMMPP,7/03/2017,False,"NYSE | 7.25% | $1.81 | $25.00 | $25.00 | 7/30/2022 | None | NR NF | 6/15/2025 | 1/30, 4/30, 7/30 & 10/30 | YES",,2026-08-21T19:51:18Z
CODI-B,True,"Compass Diversified Holdings, 7.875% Series B Fixed/Float Cumul Preferred Shares",Traditional Preferred Stock,PREFERRED,CODI,20451Q302,NYSE,USD,True,True,FIX_TO_FLOAT,7.875,25.0,1.97,4/30/2028,25.0,,3M_LIBOR,498.5,,,NR NF,"1/30, 4/30, 7/30, & 10/30",6/15/2025,CMPDP,3/16/2018,False,"NYSE | FixFloat | $1.97 | $25.00 | $25.00 | 4/30/2028 | None | NR NF | 6/15/2025 | 1/30, 4/30, 7/30, & 10/30 | YES",,2026-08-21T19:51:20Z
CODI-C,True,"Compass Diversified Holdings, 7.875% Series C Cumulative Preferred Shares",Traditional Preferred Stock,PREFERRED,CODI,20451Q401,NYSE,USD,True,True,FIXED,7.875,25.0,1.97,1/30/2025,25.0,,,,,,NR NF,"1/30, 4/30, 7/30 & 10/30",6/15/2025,CMPSP,11/22/2019,False,"NYSE | 7.88% | $1.97 | $25.00 | $25.00 | 1/30/2025 | None | NR NF | 6/15/2025 | 1/30, 4/30, 7/30 & 10/30 | YES",,2026-08-21T19:51:21Z
COF-I,True,"Capital One Financial Corp., 5.00% Dep Shares Non-Cumul Perp Pfd Stock Series I",Traditional Preferred Stock,PREFERRED,COF,14040H824,NYSE,USD,False,True,FIXED,5.0,25.0,1.25,12/01/2024,25.0,,,,,,Baa3 BB,"3/1, 6/1, 9/1 & 12/1",3/19/2024,COFOL,9/16/2019,False,"NYSE | 5.00% | $1.25 | $25.00 | $25.00 | 12/01/2024 | None | Baa3 | BB | 3/19/2024 | 3/1, 6/1, 9/1 & 12/1 | YES",,2026-08-21T19:51:23Z
COF-J,True,"Capital One Financial Corp., 4.80% Dep Shares Non-Cumul Perp Pfd Stock Series J",Traditional Preferred Stock,PREFERRED,COF,14040H782,NYSE,USD,False,True,FIXED,4.8,25.0,1.2,6/01/2025,25.0,,,,,,Baa3 BB,"3/1, 6/1, 9/1 & 12/1",3/19/2024,CPONZ,2/05/2020,False,"NYSE | 4.80% | $1.2 | $25.00 | $25.00 | 6/01/2025 | None | Baa3 | BB | 3/19/2024 | 3/1, 6/1, 9/1 & 12/1 | YES",,2026-08-21T19:51:24Z
COF-K,True,Capital One Financial Corp. 4.625% Dep Shares Non-Cumul Perp Pfd Stock Series K,Traditional Preferred Stock,PREFERRED,COF,14040H774,NYSE,USD,False,True,FIXED,4.625,25.0,1.15625,12/01/2025,25.0,,,,,,BB Baa3,"3/1, 6/1, 9/1 & 12/1",3/19/2024,COFKL,9/21/2020,False,"NYSE | 4.63% | $1.15625 | $25.00 | $25.00 | 12/01/2025 | None | BB | Baa3 | 3/19/2024 | 3/1, 6/1, 9/1 & 12/1 | YES",,2026-08-21T19:51:25Z
COF-L,True,Capital One Financial Corp 4.375% Dep Shares Non-Cumul Perp Pfd Stock Series L,Traditional Preferred Stock,PREFERRED,COF,14040H758,NYSE,USD,False,True,FIXED,4.375,25.0,1.09375,9/01/2026,25.0,,,,,,Baa3 BB,"3/1, 6/1, 9/1 & 12/1",3/19/2024,COFPL,5/06/2021,False,"NYSE | 4.38% | $1.09375 | $25.00 | $25.00 | 9/01/2026 | None | Baa3 | BB | 3/19/2024 | 3/1, 6/1, 9/1 & 12/1 | YES",,2026-08-21T19:51:27Z
COF-N,True,Capital One Financial Corp. 4.25% Dep Shares Non-Cumul Perp Pfd Stock Series N,Traditional Preferred Stock,PREFERRED,COF,14040H733,NYSE,USD,False,True,FIXED,4.25,25.0,1.0625,9/01/2026,25.0,,,,,,Baa3 BB,"3/1, 6/1, 9/1 & 12/1",3/19/2024,COFNL,8/02/2021,False,"NYSE | 4.25% | $1.0625 | $25.00 | $25.00 | 9/01/2026 | None | Baa3 | BB | 3/19/2024 | 3/1, 6/1, 9/1 & 12/1 | YES",,2026-08-21T19:51:28Z
COMSP,True,ComSovereign Holding Corp. 9.25% Series A Cumulative Preferred Stock,Traditional Preferred Stock,PREFERRED,COMS,205650302,OTOTC,USD,True,True,FIXED,9.25,25.0,,04/29/2024,,,,,,,9.25% $2.3125 $25.00 $25.00 4/29/2024 None NF NF 4/21/2024 Suspended! 20th of the Month,,,,,False,OTOTCn | OTOTCps | 9.25% | $2.3125 | $25.00 | $25.00 | 4/29/2024 | None | NF NF | 4/21/2024 | Suspended! | 20th of the Month | YES,,2026-08-21T19:51:30Z
CORR-A,True,"CorEnergy Infrastructure Trust, 7.375% Dep Shares Ser A Cumul Red Preferred Stk",Traditional Preferred Stock,PREFERRED,CORRQ*,21870U304,OTOTC,USD,True,False,FIXED,7.375,25.0,,1/27/2020,,,,,,,7.38% $1.84 $25.00 $25.00 1/27/2020 None NF NF 1/06/2023 Suspended!,"2/28, 5/31, 8/31 & 11/30",,CORR-A,,True,"OTOTCn | OTOTCps | 7.38% | $1.84 | $25.00 | $25.00 | 1/27/2020 | None | NF NF | 1/06/2023 | Suspended! | 2/28, 5/31, 8/31 & 11/30 | No",,2026-08-21T19:51:31Z
CPWPF,True,"Capital Power Corp Cumulative Rate Reset Preference Shares, Series 5",Traditional Preferred Stock,PREFERRED,,14042M706,OTOTC,CAD,True,False,FIXED,5.238,25.0,,06/30/2018,,,,,,,"Reset Rate $1.332 $25.00 $25.00 6/30/2018 None NF BB 4/20/2025 Notes: May 31, 2023 -- Capital Power notified registered shareholders of the Company’s Cumulative 5-Year Rate Reset Preference Shares, Accordingly, 8,000,000 Series 5 Shares remain outstanding and there were no Series 6 Shares issued as at June 30, 2023. Effective June 30, 2023, the Annual Fixed Dividend Rate for the Series 5 Shares for the next five-year period was reset to 6.63100% from 5.23800%. All pricing listed is in Canadian Dollars.","3/31, 6/30, 9/30 & 12/31",,,,False,"OTOTCn | OTOTCps | Reset Rate | $1.332 | $25.00 | $25.00 | 6/30/2018 | None | NF | BB | 4/20/2025 | 3/31, 6/30, 9/30 & 12/31 | No | Notes: May 31, 2023 -- Capital Power notified registered shareholders of the Company’s Cumulative 5-Year Rate Reset Preference Shares, Accordingly, 8,000,000 Series 5 Shares remain outstanding and there were no Series 6 Shares issued as at June 30, 2023. Effective June 30, 2023, the Annual Fixed Dividend Rate for the Series 5 Shares for the next five-year period was reset to 6.63100% from 5.23800%. All pricing listed is in Canadian Dollars.",,2026-08-21T19:51:33Z
CRBD,True,"Corebridge Financial, Inc. 6.375% Junior Subordinated Notes due 12/15/2064",Exchange-Traded Debt Security,BABY_BOND,AIG,21871X208,NYSE,USD,,False,FIXED,6.375,25.0,1.59375,12/15/2029,25.0,12/15/2064,,,,,Baa3 BBB-,"3/15, 6/15, 9/15 & 12/15",11/19/2024,,,False,"NYSE | 6.38% | $1.59375 | $25.00 | $25.00 | 12/15/2029 | 12/15/2064 | Baa3 | BBB- | 11/19/2024 | 3/15, 6/15, 9/15 & 12/15 | No",,2026-08-21T19:51:34Z
CRLKP,True,"Central Parking Finance Trust, 5 1/4% Convertible Trust Preferred Securities",Traditional Convertible Preferred Stock,PREFERRED,CPC*,154787303,OTOTC,USD,,False,CONVERTIBLE,4.0,25.0,,4/03/2001,,,,,,,5.25% $1.31 $25.00 $25.38 4/03/2003 4/01/2028 WR NF 6/15/2025 0.4545 $55.00,"1/1, 4/1, 7/1 & 10/1",,,,False,"OTOTCn | OTOTCps | 5.25% | $1.31 | $25.00 | $25.38 | 4/03/2003 | 4/01/2028 | WR | NF | 6/15/2025 | 0.4545 | $55.00 | 1/1, 4/1, 7/1 & 10/1 | No",cumulative,2026-08-21T19:51:36Z
CSR-C,True,"Investors Real Estate Trust, 6.625% Series C Cumulative Redeem Preferred Shares",Traditional Preferred Stock,PREFERRED,CSR,461730400,NYSE,USD,True,False,FIXED,6.625,25.0,1.66,10/2/2022,25.0,,,,,,Called for 9/30/2024 None NF NF,"3/31, 6/30, 9/30 & 12/31",4/16/2023,IRET-C,12/21/2020,True,"NYSE | 6.63% | $1.66 | $25.00 | $25.00 | Called for | 9/30/2024 | None | NF NF | 4/16/2023 | 3/31, 6/30, 9/30 & 12/31 | No",,2026-08-21T19:51:37Z
CSSEN,True,"Chicken Soup for the Soul Entertainment, Inc. 9.50% Notes Due 07/31/2025",Exchange-Traded Debt Security,BABY_BOND,CSSEQ,16842Q308,OTOTC,USD,True,False,FIXED,9.5,25.0,,07/31/2022,,,,,,,9.50% $2.375 $25.00 $25.00 7/31/2022 7/31/2025 NR NR 4/15/2025 Suspended!,"3/31, 6/30, 9/30 & 12/31",,CSSEN,9/06/2024,False,"OTOTCn | OTOTCps | 9.50% | $2.375 | $25.00 | $25.00 | 7/31/2022 | 7/31/2025 | NR NR | 4/15/2025 | Suspended! | 3/31, 6/30, 9/30 & 12/31 | No",,2026-08-21T19:51:38Z
CSSEP,True,"Chicken Soup for the Soul Entertainment, 9.75% Series A Cumul Perp Red Prfd Stk",Traditional Preferred Stock,PREFERRED,CSSEQ,16842Q209,OTOTC,USD,True,True,FIXED,9.75,25.0,,6/27/2023,,,,,,,9.75% $2.44 $25.00 $25.00 6/27/2023 None NF NF 12/31/2023 Suspended! 15th day of each month,,,CSSEP,9/16/2024,False,OTOTCn | OTOTCps | 9.75% | $2.44 | $25.00 | $25.00 | 6/27/2023 | None | NF NF | 12/31/2023 | Suspended! | 15th day of each month | YES,,2026-08-21T19:51:40Z
CSSNQ,True,"Chicken Soup for the Soul Entertainment, Inc. 9.50% Notes Due 07/31/2025",Exchange-Traded Debt Security,BABY_BOND,CSSEQ,16842Q308,OTOTC,USD,True,False,FIXED,9.5,25.0,,07/31/2022,,,,,,,9.50% $2.375 $25.00 $25.00 7/31/2022 7/31/2025 NR NR 4/15/2025 Suspended!,"3/31, 6/30, 9/30 & 12/31",,CSSEN,9/06/2024,False,"OTOTCn | OTOTCps | 9.50% | $2.375 | $25.00 | $25.00 | 7/31/2022 | 7/31/2025 | NR NR | 4/15/2025 | Suspended! | 3/31, 6/30, 9/30 & 12/31 | No",,2026-08-21T19:51:41Z
CSSPQ,True,"Chicken Soup for the Soul Entertainment, 9.75% Series A Cumul Perp Red Prfd Stk",Traditional Preferred Stock,PREFERRED,CSSEQ,16842Q209,OTOTC,USD,True,True,FIXED,9.75,25.0,,6/27/2023,,,,,,,9.75% $2.44 $25.00 $25.00 6/27/2023 None NF NF 12/31/2023 Suspended! 15th day of each month,,,CSSEP,9/16/2024,False,OTOTCn | OTOTCps | 9.75% | $2.44 | $25.00 | $25.00 | 6/27/2023 | None | NF NF | 12/31/2023 | Suspended! | 15th day of each month | YES,,2026-08-21T19:51:43Z
CSWCZ,True,Capital Southwest Corp. 7.75% notes due 8/1/2028,Exchange-Traded Debt Security,BABY_BOND,CSWC,12665G105,NGS,USD,,False,FIXED,7.75,25.0,1.9375,08/01/2025,25.0,,,,,,Called for 10/13/2025 8/01/2028 Baa3 NR,"2/1, 5/1, 8/1 & 11/1",6/16/2023,,,False,"NGS | 7.75% | $1.9375 | $25.00 | $25.00 | Called for | 10/13/2025 | 8/01/2028 | Baa3 | NR | 6/16/2023 | 2/1, 5/1, 8/1 & 11/1 | No",,2026-08-21T19:51:44Z
CTA-A,True,"Corteva, Inc., $3.50 Series Cumulative Preferred Stock",Traditional Preferred Stock,PREFERRED,CTVA,263534208,NYSE,USD,True,True,FIXED,3.5,100.0,3.5,,102.0,,,,,,any time None NR BBB,"1/25, 4/25, 7/25 & 10/25",12/31/2023,DD-A,6/03/2019,False,"NYSE | 3.50% | $3.50 | $100.00 | $102.00 | any time | None | NR | BBB | 12/31/2023 | 1/25, 4/25, 7/25 & 10/25 | YES",,2026-08-21T19:51:45Z
CTA-B,True,"Corteva, Inc., $4.50 Series Cumulative Preferred Stock",Traditional Preferred Stock,PREFERRED,CTVA,263534307,NYSE,USD,True,True,FIXED,4.5,100.0,4.5,,120.0,,,,,,any time None NR BBB,"1/25, 4/25, 7/25 & 10/25",12/31/2023,DD-B,6/03/2019,False,"NYSE | 4.50% | $4.50 | $100.00 | $120.00 | any time | None | NR | BBB | 12/31/2023 | 1/25, 4/25, 7/25 & 10/25 | YES",,2026-08-21T19:51:47Z
CTBB,True,"Qwest Corporation, 6.50% Notes due 9/1/2056",Exchange-Traded Debt Security,BABY_BOND,LUMN,74913G881,NYSE,USD,,False,FIXED,6.5,25.0,1.63,9/01/2021,25.0,9/01/2056,,,,,Caa2 CCC,"3/1, 6/1, 9/1 & 12/1",5/26/2025,CTBB,5/08/2026,True,"NYSE | 6.50% | $1.63 | $25.00 | $25.00 | 9/01/2021 | 9/01/2056 | Caa2 | CCC | 5/26/2025 | 3/1, 6/1, 9/1 & 12/1 | No",,2026-08-21T19:51:49Z
CTDD,True,"Qwest Corporation, 6.75% Notes due 6/15/2057",Exchange-Traded Debt Security,BABY_BOND,LUMN,74913G873,NYSE,USD,,False,FIXED,6.75,25.0,1.69,6/15/2022,25.0,6/15/2057,,,,,Caa2 CCC,"3/15, 6/15, 9/15 & 12/15",5/26/2025,CTDD,5/08/2026,True,"NYSE | 6.75% | $1.69 | $25.00 | $25.00 | 6/15/2022 | 6/15/2057 | Caa2 | CCC | 5/26/2025 | 3/15, 6/15, 9/15 & 12/15 | No",,2026-08-21T19:51:50Z
CTGSP,True,"Connecticut Natural Gas Corp., 8.00% Cumulative Preferred Stock",Traditional Preferred Stock,PREFERRED,AGRD*,207651209,OTOTC,USD,True,True,FIXED,8.0,6.25,,,,,,,,,8.00% $0.25 $3.13 $6.25 Noncallable None NR NR,"3/28, 6/28, 9/28 & 12/28",6/15/2025,,,False,"OTOTCn | OTOTCps | 8.00% | $0.25 | $3.13 | $6.25 | Noncallable | None | NR NR | 6/15/2025 | 3/28, 6/28, 9/28 & 12/28 | YES",,2026-08-21T19:51:52Z
CTLPP,True,"Cantaloupe, Inc.., $1.50 Convertible Preferred Stock Series A",Traditional Convertible Preferred Stock,PREFERRED,CTLP*,138103205,OTOTC,USD,True,True,CONVERTIBLE,,10.0,,,,,,,,,15.00% $1.50 $10.00 $11.00 Called for 5/06/2026 None NF NF 4/21/2024 100 $1000 Suspended!,2/1 & 8/1,,USATP,4/15/2021,True,OTOTCn | OTOTCps | 15.00% | $1.50 | $10.00 | $11.00 | Called for | 5/06/2026 | None | NF NF | 4/21/2024 | 100 | $1000 | Suspended! | 2/1 & 8/1 | YES,coupon_pct,2026-08-21T19:51:53Z
CTO-A,True,"CTO Realty Growth, Inc. 6.375% Series A Cumulative Redeemable Preferred Stock",Traditional Preferred Stock,PREFERRED,CTO,22948Q200,NYSE,USD,True,False,FIXED,6.375,25.0,1.59375,7/06/2026,25.0,,,,,,NF NF,"3/31, 6/30, 9/30 & 12/31",4/21/2024,CTOPP,7/08/2021,False,"NYSE | 6.38% | $1.59375 | $25.00 | $25.00 | 7/06/2026 | None | NF NF | 4/21/2024 | 3/31, 6/30, 9/30 & 12/31 | No",,2026-08-21T19:51:55Z
CUBB,True,"Customers Bancorp, 5.375% Subordinated Notes Due 12/30/2034",Exchange-Traded Debt Security,BABY_BOND,CUBI,23204G803,NYSE,USD,,False,FIXED,5.375,25.0,1.34,12/30/2029,25.0,12/30/2034,,,,,NF NF,"3/30, 6/30, 9/30 & 12/30",4/21/2025,,,False,"NYSE | 5.38% | $1.34 | $25.00 | $25.00 | 12/30/2029 | 12/30/2034 | NF NF | 4/21/2025 | 3/30, 6/30, 9/30 & 12/30 | No",,2026-08-21T19:51:56Z
CUBI-E,True,"Customers Bancorp, 6.45% Fix/Float Rate Non-Cumul Perp Preferred Stock Series E",Traditional Preferred Stock,PREFERRED,CUBI,23204G605,NYSE,USD,False,True,FIX_TO_FLOAT,6.45,25.0,2.7324,6/15/2021,25.0,,3M_TERM_SOFR,514.0,,6/15/2021,Called for 6/15/2025 None NF NF,"3/15, 6/15, 9/15 & 12/15",5/26/2025,CUBBP,4/29/2016,False,"NYSE | FixFloat | $2.7324 | $25.00 | $25.00 | Called for | 6/15/2025 | None | NF NF | 5/26/2025 | 3/15, 6/15, 9/15 & 12/15 | YES",,2026-08-21T19:51:58Z
CUBI-F,True,"Customers Bancorp, 6.00% Fixed/Float Non-Cumul Perp Preferred Stock Series F",Traditional Preferred Stock,PREFERRED,CUBI,23204G704,NYSE,USD,False,True,FIX_TO_FLOAT,6.0,25.0,2.6358,12/15/2021,25.0,,3M_TERM_SOFR,476.2,,12/15/2021,Called for 12/15/2025 None NF NF,"3/15, 6/15, 9/15 & 12/15",5/26/2025,CTMRP,9/21/2016,False,"NYSE | FixFloat | $2.6358 | $25.00 | $25.00 | Called for | 12/15/2025 | None | NF NF | 5/26/2025 | 3/15, 6/15, 9/15 & 12/15 | YES",,2026-08-21T19:51:59Z
CUTLF,True,Canadian Utilities Ltd 5.25% Cumulative Redeem Second Preferred Shares Ser EE,Traditional Preferred Stock,PREFERRED,,136717634,OTOTC,CAD,True,False,FIXED,5.25,25.0,,09/01/2020,,,,,,,5.25% $1.3125 $25.00 $25.25 9/01/2020 None NF NF 12/31/2023 Notes: All pricing is in Canadian dollars.,"3/31, 6/30, 9/30 & 12/31",,,,False,"OTOTCn | OTOTCps | 5.25% | $1.3125 | $25.00 | $25.25 | 9/01/2020 | None | NF NF | 12/31/2023 | 3/31, 6/30, 9/30 & 12/31 | No | Notes: All pricing is in Canadian dollars.",,2026-08-21T19:52:01Z
CWESF,True,"Canadian Western Bank Non-Cumul Rate Reset First Prfd Shares, Series 5",Traditional Preferred Stock,PREFERRED,CBWBF,136765500,OTOTC,CAD,False,False,FIXED,,25.0,,,,,,,,,Reset Rate $1.59275 $25.00 $25.00 4/30/2024 None NF NF,"1/31, 4/30, 7/31 & 10/31",12/31/2023,,,False,"OTOTCn | OTOTCps | Reset Rate | $1.59275 | $25.00 | $25.00 | 4/30/2024 | None | NF NF | 12/31/2023 | 1/31, 4/30, 7/31 & 10/31 | No",coupon_pct,2026-08-21T19:52:02Z
CYCCP,True,"Bio Green Med Solution, Inc 6.00% Convertible Exchangeable Preferred Stock",Traditional Convertible Preferred Stock,PREFERRED,BGMS,23254L207,OTOTC,USD,True,True,CONVERTIBLE,6.0,10.0,,11/06/2007,,,,,,,6.00% $0.60 $10.00 $10.00 11/01/2014 None NF NF 5/26/2025 0.42553 $23.50,"2/1, 5/1, 8/1 & 11/1",,CYCCP,3/28/2006,False,"OTOTCn | OTOTCps | 6.00% | $0.60 | $10.00 | $10.00 | 11/01/2014 | None | NF NF | 5/26/2025 | 0.42553 | $23.50 | 2/1, 5/1, 8/1 & 11/1 | YES",,2026-08-21T19:52:04Z
DBRG-H,True,"DigitalBridge Group, Inc, 7.125% Series H Cumulative Redeemable Perp Prfd Stock",Traditional Preferred Stock,PREFERRED,DBRG,19626G702,NYSE,USD,True,False,FIXED,7.125,25.0,1.78,4/13/2020,25.0,,,,,,NF NF,"1/15, 4/15, 7/15 & 10/15",4/21/2024,CLNY-H,6/08/2021,False,"NYSE | 7.13% | $1.78 | $25.00 | $25.00 | 4/13/2020 | None | NF NF | 4/21/2024 | 1/15, 4/15, 7/15 & 10/15 | No",,2026-08-21T19:52:05Z
DBRG-I,True,"DigitalBridge Group, Inc., 7.15% Series I Cumulative Redeemable Preferred Stock",Traditional Preferred Stock,PREFERRED,DBRG,19626G603,NYSE,USD,True,False,FIXED,7.15,25.0,1.79,6/05/2022,25.0,,,,,,NF NF,"1/15, 4/15, 7/15 & 10/15",4/21/2024,CLNY-I,6/08/2021,False,"NYSE | 7.15% | $1.79 | $25.00 | $25.00 | 6/05/2022 | None | NF NF | 4/21/2024 | 1/15, 4/15, 7/15 & 10/15 | No",,2026-08-21T19:52:07Z
DBRG-J,True,"DigitalBridge Group, Inc., 7.125% Series J Cumulative Redeemable Perp Prfd Stock",Traditional Preferred Stock,PREFERRED,DBRG,19626G504,NYSE,USD,True,False,FIXED,7.125,25.0,1.78,9/22/2022,25.0,,,,,,NF NF,"1/15, 4/15, 7/15 & 10/15",4/21/2024,CLNY-J,6/08/2021,False,"NYSE | 7.13% | $1.78 | $25.00 | $25.00 | 9/22/2022 | None | NF NF | 4/21/2024 | 1/15, 4/15, 7/15 & 10/15 | No",,2026-08-21T19:52:08Z
DCOMG,True,"Dime Community Bancshares, Fixed/Float Subordinated Notes due 07/15/2034",Exchange-Traded Debt Security,BABY_BOND,DCOM,25432X300,NGM,USD,,False,FIX_TO_FLOAT,9.0,25.0,2.25,7/15/2029,25.0,7/15/2034,3M_SOFR,495.1,,7/15/2029,NR NR,"1/15, 4/15, 7/15 & 10/15",8/14/2024,,,False,"NGM | Fixfloat | $2.25 | $25.00 | $25.00 | 7/15/2029 | 7/15/2034 | NR NR | 8/14/2024 | 1/15, 4/15, 7/15 & 10/15 | No",,2026-08-21T19:52:10Z
DCOMP,True,"Dime Community Bancshares, Inc. 5.50% Non-Cumul Prep Preferred Stock Ser A",Traditional Preferred Stock,PREFERRED,DCOM,25432X201,NGS,USD,False,True,FIXED,5.5,25.0,1.375,2/15/2025,25.0,,,,,,NF NF,"2/15, 5/15, 8/15 & 11/15",12/31/2023,DIMEP,2/13/2020,False,"NGS | 5.50% | $1.375 | $25.00 | $25.00 | 2/15/2025 | None | NF NF | 12/31/2023 | 2/15, 5/15, 8/15 & 11/15 | YES",,2026-08-21T19:52:11Z
DCP-C,True,"DCP Midstream LP, 7.95% Series C Fixed/Float Cumul Red Perp Preferred Units",Traditional Preferred Stock,PREFERRED,PSX,23311P308,NYSE,USD,True,False,FIX_TO_FLOAT,7.95,25.0,1.99,10/15/2023,25.0,,3M_LIBOR,488.2,,,Called for 10/16/2023 None Ba2 BBB-,"1/15, 4/15, 7/15 10/15",4/23/2023,DCPUU,10/09/2018,True,"NYSE | FixFloat | $1.99 | $25.00 | $25.00 | Called for | 10/16/2023 | None | Ba2 | BBB- | 4/23/2023 | 1/15, 4/15, 7/15 10/15 | No",,2026-08-21T19:52:13Z
DDT,True,"Dillard's Capital Trust I, 7.50% Capital Securities",Trust Preferred Security,TRUPS,DDS,25406P200,NYSE,USD,,False,FIXED,7.5,25.0,1.88,8/12/2003,25.0,8/01/2038,,,,,Ba1 B+,"2/1, 5/1, 8/1 & 11/1",6/15/2025,,,False,"NYSE | 7.50% | $1.88 | $25.00 | $25.00 | 8/12/2003 | 8/01/2038 | Ba1 | B+ | 6/15/2025 | 2/1, 5/1, 8/1 & 11/1 | No",cumulative,2026-08-21T19:52:14Z
DHCNI,True,"Diversified Healthcare Trust, 5.625% Senior Notes due 8/1/2042",Exchange-Traded Debt Security,BABY_BOND,DHC,81721M208,NGS,USD,,False,FIXED,5.625,25.0,1.41,8/01/2017,25.0,8/01/2042,,,,,B3 B,"2/1, 5/1, 8/1 & 11/1",2/20/2024,SNHNI,1/01/2020,False,"NGS | 5.63% | $1.41 | $25.00 | $25.00 | 8/01/2017 | 8/01/2042 | B3 | B | 2/20/2024 | 2/1, 5/1, 8/1 & 11/1 | No",,2026-08-21T19:52:15Z
DHCNL,True,"Diversified Healthcare Trust, 6.25% Senior Notes Due 2/1/2046",Exchange-Traded Debt Security,BABY_BOND,DHC,81721M307,NGS,USD,,False,FIXED,6.25,25.0,1.56,2/18/2021,25.0,2/01/2046,,,,,B3 B,"3/1, 6/1, 9/1 & 12/1",2/20/2024,SNHNL,1/01/2020,False,"NGS | 6.25% | $1.56 | $25.00 | $25.00 | 2/18/2021 | 2/01/2046 | B3 | B | 2/20/2024 | 3/1, 6/1, 9/1 & 12/1 | No",,2026-08-21T19:52:17Z
DLNG-A,True,"Dynagas LNG Partners LP, 9.00% Series A Cumulative Redeem Preferred Units",Traditional Preferred Stock,PREFERRED,DLNG,Y2188B116,NYSE,USD,True,True,FIXED,9.0,25.0,2.25,8/12/2020,25.0,,,,,,NR NR,"2/12, 5/12, 8/12 & 11/12",11/30/2025,DYNGF,7/27/2015,False,"NYSE | 9.00% | $2.25 | $25.00 | $25.00 | 8/12/2020 | None | NR NR | 11/30/2025 | 2/12, 5/12, 8/12 & 11/12 | YES",,2026-08-21T19:52:18Z
DLNG-B,True,"Dynagas LNG Partners LP, 8.75% Series B Fix/Float Cumul Red Perp Preferred Units",Traditional Preferred Stock,PREFERRED,DLNG,Y2188B124,NYSE,USD,True,True,FIX_TO_FLOAT,8.75,25.0,2.19,11/22/2023,25.0,,3M_TERM_SOFR,559.3,,,Called for 7/25/2025 None NR NF,"2/22, 5/22, 8/22 & 11/22",5/21/2023,DGAGF,10/26/2018,True,"NYSE | FixFloat | $2.19 | $25.00 | $25.00 | Called for | 7/25/2025 | None | NR NF | 5/21/2023 | 2/22, 5/22, 8/22 & 11/22 | YES",,2026-08-21T19:52:20Z
DLR-J,True,"Digital Realty Trust, 5.25% Series J Cumulative Redeemable Preferred Stock",Traditional Preferred Stock,PREFERRED,DLR,253868855,NYSE,USD,True,False,FIXED,5.25,25.0,1.31,8/07/2022,25.0,,,,,,Baa3 BB+,"3/31, 6/30, 9/30 & 12/31",6/15/2025,DGGTP,8/15/2017,False,"NYSE | 5.25% | $1.31 | $25.00 | $25.00 | 8/07/2022 | None | Baa3 | BB+ | 6/15/2025 | 3/31, 6/30, 9/30 & 12/31 | No",,2026-08-21T19:52:21Z
DLR-K,True,"Digital Realty Trust, 5.85% Series K Cumulative Redeemable Preferred Stock",Traditional Preferred Stock,PREFERRED,DLR,253868830,NYSE,USD,True,False,FIXED,5.85,25.0,1.46,3/15/2024,25.0,,,,,,Baa3 BB+,"3/31, 6/30, 9/30 & 12/31",6/15/2025,DLRPO,3/21/2019,False,"NYSE | 5.85% | $1.46 | $25.00 | $25.00 | 3/15/2024 | None | Baa3 | BB+ | 6/15/2025 | 3/31, 6/30, 9/30 & 12/31 | No",,2026-08-21T19:52:23Z
DLR-L,True,"Digital Realty Trust, Inc. 5.20% Series L Cumulative Redeemable Preferred Stock",Traditional Preferred Stock,PREFERRED,DLR,253868822,NYSE,USD,True,False,FIXED,5.2,25.0,1.3,10/04/2024,25.0,,,,,,Baa3 BB+,"3/31, 6/30, 9/30 & 12/31",6/15/2025,DLRTP,10/14/2019,False,"NYSE | 5.20% | $1.30 | $25.00 | $25.00 | 10/04/2024 | None | Baa3 | BB+ | 6/15/2025 | 3/31, 6/30, 9/30 & 12/31 | No",,2026-08-21T19:52:24Z
DRH-A,True,DiamondRock Hospitality Co 8.25% Series A Cumulative Redeemable Preferred Stock,Traditional Preferred Stock,PREFERRED,DRH,252784400,NYSE,USD,True,False,FIXED,8.25,25.0,2.0625,8/31/2025,25.0,,,,,,NF NF,"3/31, 6/30, 9/30 & 12/31",4/18/2025,DRHPP,9/03/2020,False,"NYSE | 8.25% | $2.0625 | $25.00 | $25.00 | 8/31/2025 | None | NF NF | 4/18/2025 | 3/31, 6/30, 9/30 & 12/31 | No",,2026-08-21T19:52:25Z
DSHKN,True,"Drive Shack, 8.375% Series D Cumul Redeem Preferred Stock",Traditional Preferred Stock,PREFERRED,DSHK,65105M405,OTOTC,USD,True,True,FIXED,8.375,25.0,,3/15/2012,,,,,,,8.38% $2.09 $25.00 $25.00 3/15/2012 None NF NF 11/30/2025 Suspended!,"1/31, 4/30, 7/31 & 10/31",,DS-D,1/03/2023,False,"OTOTCn | OTOTCps | 8.38% | $2.09 | $25.00 | $25.00 | 3/15/2012 | None | NF NF | 11/30/2025 | Suspended! | 1/31, 4/30, 7/31 & 10/31 | YES",,2026-08-21T19:52:27Z
DSHKO,True,"Drive Shack, 8.05% Series C Cumul Redeem Preferred Stock",Traditional Preferred Stock,PREFERRED,DSHK,65105M306,OTOTC,USD,True,True,FIXED,8.05,25.0,,10/25/2010,,,,,,,8.05% $2.01 $25.00 $25.00 10/25/2010 None NF NF 11/30/2025 Suspended!,"1/31, 4/30, 7/31 & 10/31",,DS-C,1/03/2023,False,"OTOTCn | OTOTCps | 8.05% | $2.01 | $25.00 | $25.00 | 10/25/2010 | None | NF NF | 11/30/2025 | Suspended! | 1/31, 4/30, 7/31 & 10/31 | YES",,2026-08-21T19:52:28Z
DSHKP,True,"Drive Shack, 9.75% Series B Cumul Redeem Preferred Stock",Traditional Preferred Stock,PREFERRED,DSHK,65105M207,OTOTC,USD,True,True,FIXED,9.75,25.0,,3/18/2008,,,,,,,9.75% $2.44 $25.00 $25.00 3/18/2008 None NF NF 11/30/2025 Suspended!,"1/31, 4/30, 7/31 & 10/31",,DS-B,1/03/2023,False,"OTOTCn | OTOTCps | 9.75% | $2.44 | $25.00 | $25.00 | 3/18/2008 | None | NF NF | 11/30/2025 | Suspended! | 1/31, 4/30, 7/31 & 10/31 | YES",,2026-08-21T19:52:30Z
DSX-B,True,"Diana Shipping, 8.875% Series B Cumulative Redeemable Perpetual Preferred Shares",Traditional Preferred Stock,PREFERRED,DSX,Y2066G112,NYSE,USD,True,True,FIXED,8.875,25.0,2.22,2/14/2019,25.0,,,,,,NF NF,"1/15, 4/15, 7/15 & 10/15",11/30/2025,DSXXF,2/21/2014,False,"NYSE | 8.88% | $2.22 | $25.00 | $25.00 | 2/14/2019 | None | NF NF | 11/30/2025 | 1/15, 4/15, 7/15 & 10/15 | YES",,2026-08-21T19:52:31Z
DTB,True,DTE Energy Co 2020 Series G 4.375% Junior Subordinated Debentures due 10/15/2080,Exchange-Traded Debt Security,BABY_BOND,DTE,233331826,NYSE,USD,,False,FIXED,4.375,25.0,1.09375,10/15/2025,25.0,10/15/2080,,,,,Baa3 BBB-,"1/15, 4/15, 7/15 & 10/15",4/20/2025,,,False,"NYSE | 4.38% | $1.09375 | $25.00 | $25.00 | 10/15/2025 | 10/15/2080 | Baa3 | BBB- | 4/20/2025 | 1/15, 4/15, 7/15 & 10/15 | No",,2026-08-21T19:52:33Z
DTG,True,DTE Energy Co Series E 4.375% Junior Subordinated Debentures due 12/01/2081,Exchange-Traded Debt Security,BABY_BOND,DTE,233331818,NYSE,USD,,False,FIXED,4.375,25.0,1.09375,12/01/2026,25.0,12/01/2081,,,,,Baa3 BBB-,"3/1, 6/1, 9/1 & 12/1",4/20/2025,,,False,"NYSE | 4.38% | $1.09375 | $25.00 | $25.00 | 12/01/2026 | 12/01/2081 | Baa3 | BBB- | 4/20/2025 | 3/1, 6/1, 9/1 & 12/1 | No",,2026-08-21T19:52:34Z
DTK,True,DTE Energy Co 2025 Series H 6.25% Junior Subordinated Debentures due 2085,Exchange-Traded Debt Security,BABY_BOND,DTE,233331792,NYSE,USD,,False,FIXED,6.25,25.0,1.5625,10/01/2030,25.0,10/01/2085,,,,,Baa3 BBB-,"1/1, 4/1, 7/1 & 10/1",9/10/2025,,,False,"NYSE | 6.25% | $1.5625 | $25.00 | $25.00 | 10/01/2030 | 10/01/2085 | Baa3 | BBB- | 9/10/2025 | 1/1, 4/1, 7/1 & 10/1 | No",,2026-08-21T19:52:36Z
DTLA-,True,"Brookfield DTLA Fund Office Trust Investor, 7.625% Ser A Cumul Red Pfd Stock",Traditional Preferred Stock,PREFERRED,BPO*,559775200,OTOTC,USD,True,False,FIXED,7.625,25.0,,1/30/2009,,,,,,,7.63% $1.91 $25.00 $25.00 1/30/2009 None NF NR 12/31/2023 Suspended!,"1/31, 4/30, 7/31 & 10/31",,DTLA-,4/10/2023,False,"OTOTCn | OTOTCps | 7.63% | $1.91 | $25.00 | $25.00 | 1/30/2009 | None | NF NR | 12/31/2023 | Suspended! | 1/31, 4/30, 7/31 & 10/31 | No",,2026-08-21T19:52:37Z
DTLAP,True,"Brookfield DTLA Fund Office Trust Investor, 7.625% Ser A Cumul Red Pfd Stock",Traditional Preferred Stock,PREFERRED,BPO*,559775200,OTOTC,USD,True,False,FIXED,7.625,25.0,,1/30/2009,,,,,,,7.63% $1.91 $25.00 $25.00 1/30/2009 None NF NR 12/31/2023 Suspended!,"1/31, 4/30, 7/31 & 10/31",,DTLA-,4/10/2023,False,"OTOTCn | OTOTCps | 7.63% | $1.91 | $25.00 | $25.00 | 1/30/2009 | None | NF NR | 12/31/2023 | Suspended! | 1/31, 4/30, 7/31 & 10/31 | No",,2026-08-21T19:52:39Z
DTW,True,"DTE Energy Co., Series E 5.25% Junior Subordinated Debentures due 12/1/2077",Exchange-Traded Debt Security,BABY_BOND,DTE,233331859,NYSE,USD,,False,FIXED,5.25,25.0,1.31,12/01/2022,25.0,12/01/2077,,,,,Baa3 BBB-,"3/1, 6/1, 9/1 & 12/1",4/20/2025,,,False,"NYSE | 5.25% | $1.31 | $25.00 | $25.00 | 12/01/2022 | 12/01/2077 | Baa3 | BBB- | 4/20/2025 | 3/1, 6/1, 9/1 & 12/1 | No",,2026-08-21T19:52:40Z
DUK-A,True,"Duke Energy, 5.75% Dep Shares Series A Cumul Red Perpetual Preferred Stock",Traditional Preferred Stock,PREFERRED,DUK,26441C501,NYSE,USD,True,True,FIXED,5.75,25.0,1.44,6/15/2024,25.0,,,,,,Ba1 BBB-,"3/16, 6/16, 9/16 & 12/16",7/05/2023,DUEKL,4/02/2019,False,"NYSE | 5.75% | $1.44 | $25.00 | $25.00 | 6/15/2024 | None | Ba1 | BBB- | 7/05/2023 | 3/16, 6/16, 9/16 & 12/16 | YES",,2026-08-21T19:52:41Z
DUKB,True,"Duke Energy Corp., 5.625% Junior Subordinated Debentures due 9/15/2078",Exchange-Traded Debt Security,BABY_BOND,DUK,26441C402,NYSE,USD,,False,FIXED,5.625,25.0,1.41,9/15/2023,25.0,9/15/2078,,,,,Baa3 BBB-,"3/15, 6/15, 9/15 & 12/15",4/21/2025,,,False,"NYSE | 5.63% | $1.41 | $25.00 | $25.00 | 9/15/2023 | 9/15/2078 | Baa3 | BBB- | 4/21/2025 | 3/15, 6/15, 9/15 & 12/15 | No",,2026-08-21T19:52:43Z
DUKU,True,Duke Energy Corp 7.75% Equity Units Due 8/1/2029,Mandatory Convertible Security,PREFERRED,DUK,26441C881,NYSE,USD,,False,FIXED,7.75,50.0,3.875,,59.0,,,,,,N/A 8/01/2029 Baa2 BBB- 8/17/2026 0.3301@151.4693+ 0.4126@$121.1827-,"2/1, 5/1, 8/1 & 11/1",,,,False,"NYSE | 7.75% | $3.875 | $50.00 | $59.00 | N/A | 8/01/2029 | Baa2 | BBB- | 8/17/2026 | 0.3301@151.4693+ | 0.4126@$121.1827- | 2/1, 5/1, 8/1 & 11/1 | No",cumulative,2026-08-21T19:52:44Z
DX-C,True,"Dynex Capital, 6.90% Series C Fix/Float Cumulative Redeemable Preferred Stock",Traditional Preferred Stock,PREFERRED,DX,26817Q878,NYSE,USD,True,False,FIX_TO_FLOAT,6.9,25.0,,4/15/2025,,,3M_TERM_SOFR,546.1,,4/15/2025,$25.00 $25.00 4/15/2025 None NR NF,"1/15, 4/15, 7/15 & 10/15",12/31/2023,DXPBN,2/25/2020,False,"NYSE | FixFloat | n.a. | $25.00 | $25.00 | 4/15/2025 | None | NR NF | 12/31/2023 | 1/15, 4/15, 7/15 & 10/15 | No",,2026-08-21T19:52:46Z
EAI,True,"Entergy Arkansas, 4.875% Series First Mortgage Bonds due 9/1/2066",Exchange-Traded Debt Security,BABY_BOND,ETR,29364D100,NYSE,USD,,False,FIXED,4.875,25.0,1.22,9/01/2021,25.0,9/01/2066,,,,,A2 A,"3/1, 6/1, 9/1 & 12/1",4/21/2025,,,False,"NYSE | 4.88% | $1.22 | $25.00 | $25.00 | 9/01/2021 | 9/01/2066 | A2 | A | 4/21/2025 | 3/1, 6/1, 9/1 & 12/1 | No",,2026-08-21T19:52:47Z
EBBGF,True,"Enbridge Inc. Cumulative Redeemable Reset Rate Preference Shares, Series 1",Traditional Preferred Stock,PREFERRED,ENB,29250N717,OTOTC,USD,False,True,FIXED,,25.0,,,,,,,,,Reset Rate $1.675925 $25.00 $25.00 6/01/2023 None NR BBB-,"3/1, 6/1, 9/1 & 12/1",8/19/2024,,,False,"OTOTCn | OTOTCps | Reset Rate | $1.675925 | $25.00 | $25.00 | 6/01/2023 | None | NR | BBB- | 8/19/2024 | 3/1, 6/1, 9/1 & 12/1 | YES",coupon_pct,2026-08-21T19:52:49Z
EBBNF,True,"Enbridge Inc. Cumulative Redeemable Reset Rate Preference Shares, Series L",Traditional Preferred Stock,PREFERRED,ENB,29250N790,OTOTC,USD,True,False,FIXED,,25.0,,,,,,,,,Reset Rate $1.464475 $25.00 $25.00 9/01/2022 None NR BBB-,"3/1, 6/1, 9/1 & 12/1",11/30/2025,,,False,"OTOTCn | OTOTCps | Reset Rate | $1.464475 | $25.00 | $25.00 | 9/01/2022 | None | NR | BBB- | 11/30/2025 | 3/1, 6/1, 9/1 & 12/1 | No",coupon_pct,2026-08-21T19:52:50Z
EBGEF,True,"Enbridge Inc. Cumulative Redeemable Reset Rate Preference Shares, Series 5",Traditional Preferred Stock,PREFERRED,ENB,29250N667,OTOTC,USD,True,False,FIXED,,25.0,,,,,,,,,Reset Rate $1.67076 $25.00 $25.00 3/01/2024 None Baa3 BBB-,"3/1, 6/1, 9/1 & 12/1",11/30/2025,,,False,"OTOTCn | OTOTCps | Reset Rate | $1.67076 | $25.00 | $25.00 | 3/01/2024 | None | Baa3 | BBB- | 11/30/2025 | 3/1, 6/1, 9/1 & 12/1 | No",coupon_pct,2026-08-21T19:52:52Z
EBR.B,True,Centrais Eletricas Brasileiras S.A. Preference Shares ADR,Traditional Preferred Stock,PREFERRED,EBR,15234Q108,NYSE,USD,,True,FIXED,,,,,,,,,,,N/A N/A N/A N/A NR NR 6/15/2025,,n.a.,EBRBY,10/13/2016,False,NYSE | n.a. | n.a. | N/A | N/A | N/A | N/A | NR NR | 6/15/2025 | n.a. | YES,cumulative;coupon_pct;par,2026-08-21T19:52:53Z
EBRGF,True,"Enbridge Inc. Cumulative Redeemable Preference Shares, Series B",Traditional Preferred Stock,PREFERRED,ENB,29250N709,OTOTC,CAD,True,False,FIXED,,25.0,,,,,,,,,Reset Rate $0.8536 $25.00 $25.00 6/01/2017 None Baa3 BBB-,"3/1, 6/1, 9/1 & 12/1",11/30/2025,,,False,"OTOTCn | OTOTCps | Reset Rate | $0.8536 | $25.00 | $25.00 | 6/01/2017 | None | Baa3 | BBB- | 11/30/2025 | 3/1, 6/1, 9/1 & 12/1 | No",coupon_pct,2026-08-21T19:52:55Z
EBRZF,True,"Enbridge Inc. Cumulative Redeemable Reset Rate Preference Shares, Series D",Traditional Preferred Stock,PREFERRED,ENB,29250N881,OTOTC,CAD,False,False,FIXED,,25.0,,,,,,,,,Reset Rate $1.12 $25.00 $25.00 3/01/2023 None Baa3 BBB-,"3/1, 6/1, 9/1 & 12/1",11/30/2025,,,False,"OTOTCn | OTOTCps | Reset Rate | $1.12 | $25.00 | $25.00 | 3/01/2023 | None | Baa3 | BBB- | 11/30/2025 | 3/1, 6/1, 9/1 & 12/1 | No",coupon_pct,2026-08-21T19:52:56Z
ECC-D,True,Eagle Point Credit Co. 6.75% Series D Cumulative Preferred Stock,Traditional Preferred Stock,PREFERRED,ECC,269809802,NYSE,USD,True,False,FIXED,6.75,25.0,1.6875,11/29/2026,25.0,,,,,,NR NR 3/19/2024 Last day of the Month,,,EPCCP,12/01/2021,False,NYSE | 6.75% | $1.6875 | $25.00 | $25.00 | 11/29/2026 | None | NR NR | 3/19/2024 | Last day of the Month | No,,2026-08-21T19:52:57Z
ECCC,True,Eagle Point Credit Co. 6.50% Series C Cumul Term Preferred Stock due 06/30/2031,Traditional Preferred Stock,PREFERRED,ECC,269809703,NYSE,USD,True,False,FIXED,6.5,25.0,1.625,6/16/2024,25.0,6/30/2031,,,,,NR NR 3/19/2024 Last Day of the Month,,,ECCPP,6/18/2021,False,NYSE | 6.50% | $1.625 | $25.00 | $25.00 | 6/16/2024 | 6/30/2031 | NR NR | 3/19/2024 | Last Day of the Month | No,,2026-08-21T19:52:59Z
ECCF,True,Eagle Point Credit Co 8.00% Series F Term Preferred Stock Due 01/31/2029,Traditional Preferred Stock,PREFERRED,ECC,269809877,NYSE,USD,True,,FIXED,8.0,25.0,2.0,1/18/2026,25.0,1/31/2029,,,,,NR NR 1/16/2024 Variable,Last business day of the Month,,EPCCP,1/29/2024,False,NYSE | 8.00% | $2 | $25.00 | $25.00 | 1/18/2026 | 1/31/2029 | NR NR | 1/16/2024 | Last business day of the Month | Variable,qdi_eligible,2026-08-21T19:53:00Z
ECCU,True,"Eagle Point Credit Company, Inc., 7.75% Notes due 6/30/2030",Exchange-Traded Debt Security,BABY_BOND,ECC,269809414,NYSE,USD,,False,FIXED,7.75,25.0,1.9375,6/30/2027,25.0,6/30/2030,,,,,NR NR,"3/31, 6/30, 9/30 & 12/31",12/05/2024,,,False,"NYSE | 7.75% | $1.9375 | $25.00 | $25.00 | 6/30/2027 | 6/30/2030 | NR NR | 12/05/2024 | 3/31, 6/30, 9/30 & 12/31 | No",,2026-08-21T19:53:02Z
ECCV,True,"Eagle Point Credit Co., 5.375% Notes due 01/31/2029",Exchange-Traded Debt Security,BABY_BOND,ECC,269809885,NYSE,USD,,False,FIXED,5.375,25.0,1.34375,1/31/2025,25.0,1/31/2029,,,,,NR NR,"3/31, 6/30, 9/30 & 12/31",4/21/2024,,,False,"NYSE | 5.38% | $1.34375 | $25.00 | $25.00 | 1/31/2025 | 1/31/2029 | NR NR | 4/21/2024 | 3/31, 6/30, 9/30 & 12/31 | No",,2026-08-21T19:53:03Z
ECCW,True,Eagle Point Credit Company Inc. 6.75% Notes Due 03/31/2031,Exchange-Traded Debt Security,BABY_BOND,ECC,269809604,NYSE,USD,,False,FIXED,6.75,25.0,1.6875,03/29/2024,25.0,,,,,,Called for 5/08/2026 3/31/2031 NR NR,"3/31, 6/30, 9/30 & 12/31",4/21/2024,,,False,"NYSE | 6.75% | $1.6875 | $25.00 | $25.00 | Called for | 5/08/2026 | 3/31/2031 | NR NR | 4/21/2024 | 3/31, 6/30, 9/30 & 12/31 | No",,2026-08-21T19:53:05Z
ECCX,True,"Eagle Point Credit Co., 6.6875% Notes due 4/30/2028",Exchange-Traded Debt Security,BABY_BOND,ECC,269809505,NYSE,USD,,False,FIXED,6.6875,25.0,1.67,4/30/2021,25.0,,,,,,Called for 5/08/2026 4/30/2028 NF NF,"3/31, 6/30, 9/30 & 12/31",4/21/2024,,,False,"NYSE | 6.69% | $1.67 | $25.00 | $25.00 | Called for | 5/08/2026 | 4/30/2028 | NF NF | 4/21/2024 | 3/31, 6/30, 9/30 & 12/31 | No",,2026-08-21T19:53:06Z
ECF-A,True,"Ellsworth Growth and Income Fund, 5.25% Series A Cumulative Preferred Shares",Traditional Preferred Stock,PREFERRED,ECF,289074205,AMEX,USD,True,,FIXED,5.25,25.0,1.31,9/18/2022,25.0,,,,,,NF NF 6/15/2025 Variable,"3/26, 6/26, 9/26 & 12/26",,ELLWP,9/20/2017,False,"AMEX | 5.25% | $1.31 | $25.00 | $25.00 | 9/18/2022 | None | NF NF | 6/15/2025 | 3/26, 6/26, 9/26 & 12/26 | Variable",qdi_eligible,2026-08-21T19:53:08Z
EFC-A,True,"Ellington Financial, Inc., 6.750% Series A Fix/Float Cumul Redeem Prfd Stock",Traditional Preferred Stock,PREFERRED,EFC,28852N208,NYSE,USD,True,False,FIX_TO_FLOAT,6.75,25.0,1.69,10/30/2024,25.0,,3M_LIBOR,519.6,,10/30/2024,Called for 2/27/2026 None NF NF,"1/30, 4/30, 7/30 & 10/30",4/18/2025,EGLLP,10/24/2019,False,"NYSE | FixFloat | $1.69 | $25.00 | $25.00 | Called for | 2/27/2026 | None | NF NF | 4/18/2025 | 1/30, 4/30, 7/30 & 10/30 | No",,2026-08-21T19:53:09Z
EFC-B,True,"Ellington Financial, Inc., 6.25% Series B Reset Rate Cumul Redeem Prfd Stock",Traditional Preferred Stock,PREFERRED,EFC,28852N307,NYSE,USD,True,False,FIXED,6.25,25.0,1.5625,1/30/2027,25.0,,,,,,NF NF,"1/30, 4/30, 7/30 & 10/30",4/20/2025,EFCBP,12/16/2021,False,"NYSE | 6.25% | $1.5625 | $25.00 | $25.00 | 1/30/2027 | None | NF NF | 4/20/2025 | 1/30, 4/30, 7/30 & 10/30 | No",,2026-08-21T19:53:10Z
EFC-C,True,Ellington Financial Inc. Series C Reset Rate Cumulative Preferred Stock,Traditional Preferred Stock,PREFERRED,EFC,28852N406,NYSE,USD,True,False,RESET,8.625,25.0,2.15625,4/30/2028,25.0,,,513.0,,,NR NR,"1/30, 4/30, 7/30 & 10/30",4/20/2025,EFCRP,2/09/2023,False,"NYSE | Reset Rate | $2.15625 | $25.00 | $25.00 | 4/30/2028 | None | NR NR | 4/20/2025 | 1/30, 4/30, 7/30 & 10/30 | No",reference_rate,2026-08-21T19:53:12Z
EFC-D,True,"Ellington Financial Inc.., 7.00% Series D Cumul Perp Red Preferred Stock",Traditional Preferred Stock,PREFERRED,EFC,28852N505,NYSE,USD,True,False,FIXED,7.0,25.0,1.75,5/12/2022,25.0,,,,,,NF NF,"3/30, 6/30, 9/30 & 12/30",5/26/2025,AAIC-B,12/13/2023,False,"NYSE | 7.00% | $1.75 | $25.00 | $25.00 | 5/12/2022 | None | NF NF | 5/26/2025 | 3/30, 6/30, 9/30 & 12/30 | No",,2026-08-21T19:53:13Z
EFSCP,True,Enterprise Financial Services Corp 5.0% Dep Shares Non-Cumul Preferred Stk Ser A,Traditional Preferred Stock,PREFERRED,EFSC,293712303,NGS,USD,False,True,FIXED,5.0,25.0,1.25,12/15/2026,25.0,,,,,,NR NR,"3/15, 6/15, 9/15 & 12/15",4/18/2025,EFSSL,11/18/2021,False,"NGS | 5.00% | $1.25 | $25.00 | $25.00 | 12/15/2026 | None | NR NR | 4/18/2025 | 3/15, 6/15, 9/15 & 12/15 | YES",,2026-08-21T19:53:15Z
EICA,True,Eagle Point Income Company Inc 5.0% Series A Term Preferred Stock due 10/31/2026,Traditional Preferred Stock,PREFERRED,EIC,269817201,NYSE,USD,True,,FIXED,5.0,25.0,1.25,10/30/2023,25.0,10/30/2026,,,,,NR NR 4/18/2025 Variable,Last Business Day of the Month,,,,False,NYSE | 5.00% | $1.25 | $25.00 | $25.00 | 10/30/2023 | 10/30/2026 | NR NR | 4/18/2025 | Last Business Day of the Month | Variable,qdi_eligible,2026-08-21T19:53:16Z
EICB,True,Eagle Point Income Company Inc 7.75% Series B Term Preferred Stock due 2028,Traditional Preferred Stock,PREFERRED,EIC,269817300,NYSE,USD,True,,FIXED,7.75,25.0,1.9375,7/30/2025,25.0,7/31/2028,,,,,NR NR 7/19/2023 Last day of the Month Variable,,,,,False,NYSE | 7.75% | $1.9375 | $25.00 | $25.00 | 7/30/2025 | 7/31/2028 | NR NR | 7/19/2023 | Last day of the Month | Variable,qdi_eligible,2026-08-21T19:53:17Z
EICC,True,Eagle Point Income Company Inc.8.0% Series C Term Preferred Stock Due 04/30/2029,Traditional Preferred Stock,PREFERRED,EIC,269817409,NYSE,USD,True,,FIXED,8.0,25.0,2.0,4/03/2026,25.0,4/30/2029,,,,,NR NR 3/29/2024 Variable,Last Business Day of the month,,,,False,NYSE | 8.00% | $2 | $25.00 | $25.00 | 4/03/2026 | 4/30/2029 | NR NR | 3/29/2024 | Last Business Day of the month | Variable,qdi_eligible,2026-08-21T19:53:19Z
EIIA,True,Eagle Point Institutional Income Fund 8.125% Ser A Term Preferred Due 2029,Traditional Preferred Stock,PREFERRED,,269819207,NYSE,USD,True,,FIXED,8.125,25.0,2.03125,10/17/2026,25.0,,,,,,N/A 10/31/2029 NR NR 10/09/2024 Last day of the Month Variable,,,,,False,NYSE | 8.13% | $2.03125 | $25.00 | $25.00 | N/A | 10/31/2029 | NR NR | 10/09/2024 | Last day of the Month | Variable,qdi_eligible,2026-08-21T19:53:20Z
ELC,True,"Entergy Louisiana, 4.875% Collateral Trust Mortgage Bonds Series due 9/1/2066",Exchange-Traded Debt Security,BABY_BOND,ETR,29364W108,NYSE,USD,,False,FIXED,4.875,25.0,1.22,9/01/2021,25.0,9/01/2066,,,,,A2 A,"3/1, 6/1, 9/1 & 12/1",5/26/2025,,,False,"NYSE | 4.88% | $1.22 | $25.00 | $25.00 | 9/01/2021 | 9/01/2066 | A2 | A | 5/26/2025 | 3/1, 6/1, 9/1 & 12/1 | No",,2026-08-21T19:53:22Z
ELLA,True,Ellington Credit Co 8.50% Notes Due 03/30/2031,Exchange-Traded Debt Security,BABY_BOND,EARN,288578206,NYSE,USD,,False,FIXED,8.5,25.0,2.125,3/30/2028,25.0,3/30/2031,,,,,NR NR,"3/30, 6/30, 9/30 & 12/30",3/26/2026,,,False,"NYSE | 8.50% | $2.125 | $25.00 | $25.00 | 3/30/2028 | 3/30/2031 | NR NR | 3/26/2026 | 3/30, 6/30, 9/30 & 12/30 | No",,2026-08-21T19:53:23Z
EMICF,True,"Emera Inc. Cumulative Rate Reset First Preferred Shares, Series F",Traditional Preferred Stock,PREFERRED,EMRAF,290876804,OTOTC,CAD,True,False,FIXED,,25.0,,,,,,,,,Reset Rate $1.43724 $25.00 $25.00 2/15/2025 None NR BB+,"2/15, 5/15, 8/15 & 11/15",4/18/2025,,,False,"OTOTCn | OTOTCps | Reset Rate | $1.43724 | $25.00 | $25.00 | 2/15/2025 | None | NR | BB+ | 4/18/2025 | 2/15, 5/15, 8/15 & 11/15 | No",coupon_pct,2026-08-21T19:53:25Z
EMP,True,"Entergy Mississippi, 4.90% Series First Mortgage Bonds due 10/1/2066",Exchange-Traded Debt Security,BABY_BOND,ETR,29364N108,NYSE,USD,,False,FIXED,4.9,25.0,1.23,10/01/2021,25.0,10/01/2066,,,,,A2 A,"1/1, 4/1, 7/1 & 10/1",4/21/2025,,,False,"NYSE | 4.90% | $1.23 | $25.00 | $25.00 | 10/01/2021 | 10/01/2066 | A2 | A | 4/21/2025 | 1/1, 4/1, 7/1 & 10/1 | No",,2026-08-21T19:53:26Z
EMRPF,True,"Emera Inc., Cumulative Reset Rate First Preferred Shares, Series A",Traditional Preferred Stock,PREFERRED,EMRAF,Unknown,OTOTC,CAD,True,False,FIXED,,25.0,,,,,,,,,Reset Rate n.a. $25.00 $25.00 8/15/2015 None NR Bb+,"2/15, 5/15, 8/15 & 11/15",9/25/2024,,,False,"OTOTCn | OTOTCps | Reset Rate | n.a. | $25.00 | $25.00 | 8/15/2015 | None | NR | Bb+ | 9/25/2024 | 2/15, 5/15, 8/15 & 11/15 | No",coupon_pct,2026-08-21T19:53:27Z
ENBFF,True,"Enbridge Inc. Cumulative Redeemable Reset Rate Preference Shares, Series 15",Traditional Preferred Stock,PREFERRED,ENB,29250N550,OTOTC,CAD,False,False,FIXED,,25.0,,,,,,,,,Reset Rate $.74575 $25.00 $25.00 9/01/2025 None Baa3 BBB-,"3/1, 6/1, 9/1 & 12/1",11/30/2025,,,False,"OTOTCn | OTOTCps | Reset Rate | $.74575 | $25.00 | $25.00 | 9/01/2025 | None | Baa3 | BBB- | 11/30/2025 | 3/1, 6/1, 9/1 & 12/1 | No",coupon_pct,2026-08-21T19:53:29Z
ENBRF,True,"Enbridge Inc. Cumulative Redeemable Reset Rate Preference Shares, Series 7",Traditional Preferred Stock,PREFERRED,ENB,29250N642,OTOTC,CAD,True,False,FIXED,,25.0,,,,,,,,,Reset Rate $1.497 $25.00 $25.00 3/01/2019 None Baa3 BBB-,"3/1, 6/1, 9/1 & 12/1",11/30/2025,,,False,"OTOTCn | OTOTCps | Reset Rate | $1.497 | $25.00 | $25.00 | 3/01/2019 | None | Baa3 | BBB- | 11/30/2025 | 3/1, 6/1, 9/1 & 12/1 | No",coupon_pct,2026-08-21T19:53:30Z
ENJ,True,"Entergy New Orleans, 5.00% Series First Mortgage Bonds due 12/1/2052",Exchange-Traded Debt Security,BABY_BOND,ETR,29364P509,NYSE,USD,,False,FIXED,5.0,25.0,1.25,12/01/2017,25.0,12/01/2052,,,,,Baa2 BBB,"3/1, 6/1, 9/1 & 12/1",4/21/2025,,,False,"NYSE | 5.00% | $1.25 | $25.00 | $25.00 | 12/01/2017 | 12/01/2052 | Baa2 | BBB | 4/21/2025 | 3/1, 6/1, 9/1 & 12/1 | No",,2026-08-21T19:53:32Z
ENNPF,True,"Enbridge Inc. Cumulative Redeemable Preference Shares, Series N",Traditional Preferred Stock,PREFERRED,ENB,29250N774,OTOTC,CAD,True,False,FIXED,,25.0,,,,,,,,,FixFloat n.a. $25.00 $25.00 12/01/2018 None Baa3 BBB-,"3/1, 6/1, 9/1 & 12/1",11/30/2025,,,False,"OTOTCn | OTOTCps | FixFloat | n.a. | $25.00 | $25.00 | 12/01/2018 | None | Baa3 | BBB- | 11/30/2025 | 3/1, 6/1, 9/1 & 12/1 | No",coupon_pct,2026-08-21T19:53:33Z
ENO,True,"Entergy New Orleans, 5.50% Series First Mortgage Bonds due 4/1/2066",Exchange-Traded Debt Security,BABY_BOND,ETR,29364P103,NYSE,USD,,False,FIXED,5.5,25.0,1.38,4/01/2021,25.0,4/01/2066,,,,,Baa2 BBB,"1/1, 4/1, 7/1 & 10/1",4/21/2025,,,False,"NYSE | 5.50% | $1.38 | $25.00 | $25.00 | 4/01/2021 | 4/01/2066 | Baa2 | BBB | 4/21/2025 | 1/1, 4/1, 7/1 & 10/1 | No",,2026-08-21T19:53:35Z
EP-C,True,"El Paso Energy Capital Trust I, 4 3/4% Trust Convertible Preferred Securities",Traditional Convertible Preferred Stock,PREFERRED,KMI,283678209,NYSE,USD,,False,CONVERTIBLE,4.0,50.0,2.38,3/31/2002,50.0,3/31/2028,,,,,WR BB+ 4/21/2025 1.2022 $41.59,"3/31, 6/30, 9/30 & 12/31",,EPG-C,12/31/2001,False,"NYSE | 4.75% | $2.38 | $50.00 | $50.00 | 3/31/2002 | 3/31/2028 | WR | BB+ | 4/21/2025 | 1.2022 | $41.59 | 3/31, 6/30, 9/30 & 12/31 | No",cumulative,2026-08-21T19:53:36Z
EPR-C,True,"EPR Properties, 5.75% Series C Cumulative Convertible Preferred Shares",Traditional Convertible Preferred Stock,PREFERRED,EPR,26884U208,NYSE,USD,True,False,CONVERTIBLE,5.75,25.0,1.44,,,,,,,,N/A 1/15/2012 None Ba1 B+ 5/26/2025 0.3504 $71.34,"1/15, 4/15, 7/15 & 10/15",,,,False,"NYSE | 5.75% | $1.44 | $25.00 | N/A | 1/15/2012 | None | Ba1 | B+ | 5/26/2025 | 0.3504 | $71.34 | 1/15, 4/15, 7/15 & 10/15 | No",,2026-08-21T19:53:37Z
EPR-E,True,"EPR Properties, 9.00% Series E Cumulative Convertible Preferred Shares",Traditional Convertible Preferred Stock,PREFERRED,EPR,26884U307,NYSE,USD,True,False,CONVERTIBLE,9.0,25.0,2.25,,,,,,,,N/A 4/20/2013 None NR B+ 5/26/2025 0.4512 $55.41,"1/15, 4/15, 7/15 & 10/15",,ETYTP,4/04/2008,False,"NYSE | 9.00% | $2.25 | $25.00 | N/A | 4/20/2013 | None | NR | B+ | 5/26/2025 | 0.4512 | $55.41 | 1/15, 4/15, 7/15 & 10/15 | No",,2026-08-21T19:53:39Z
EPR-G,True,"EPR Properties, 5.75% Series G Cumulative Redeemable Preferred Shares",Traditional Preferred Stock,PREFERRED,EPR,26884U505,NYSE,USD,True,False,FIXED,5.75,25.0,1.44,11/30/2022,25.0,,,,,,Ba1 B+,"1/15, 4/15, 7/15 & 10/15",6/15/2025,EPRRP,12/08/2017,False,"NYSE | 5.75% | $1.44 | $25.00 | $25.00 | 11/30/2022 | None | Ba1 | B+ | 6/15/2025 | 1/15, 4/15, 7/15 & 10/15 | No",,2026-08-21T19:53:40Z
EQC-D,True,"Equity Commonwealth, 6 1/2% Series D Cumulative Convertible Preferred Shares",Traditional Convertible Preferred Stock,PREFERRED,EQC*,294628201,NYSE,USD,True,False,CONVERTIBLE,2.0,25.0,1.63,,25.0,,,,,,Called for 12/03/2024 None WR NF 2/20/2024 0.4808 $52,"2/15, 5/15, 8/15 & 11/15",,EQC-D,12/03/2024,False,"NYSE | 6.50% | $1.63 | $25.00 | $25.00 | Called for | 12/03/2024 | None | WR | NF | 2/20/2024 | 0.4808 | $52 | 2/15, 5/15, 8/15 & 11/15 | No",,2026-08-21T19:53:42Z
EQH-A,True,Equitable Holdings 5.25% Dep Share Fix Rate Non-Cumul Perp Prfd Stock Ser A,Traditional Preferred Stock,PREFERRED,EQH,29452E200,NYSE,USD,False,True,FIXED,5.25,25.0,1.31,12/15/2024,25.0,,,,,,Baa3 BBB,"3/15, 6/15, 9/15 & 12/15",5/21/2023,AXQEL,12/02/2019,False,"NYSE | 5.25% | $1.31 | $25.00 | $25.00 | 12/15/2024 | None | Baa3 | BBB | 5/21/2023 | 3/15, 6/15, 9/15 & 12/15 | YES",,2026-08-21T19:53:43Z
EQH-C,True,Equitable Holdings 4.30% Dep Share Fix Rate Non-Cumul Perp Prfd Stock Ser C,Traditional Preferred Stock,PREFERRED,EQH,29452E408,NYSE,USD,False,True,FIXED,4.3,25.0,1.075,3/15/2026,25.0,,,,,,Baa3 BBB,"3/15, 6/15, 9/15 & 12/15",11/30/2025,EQHIL,1/13/2021,False,"NYSE | 4.30% | $1.075 | $25.00 | $25.00 | 3/15/2026 | None | Baa3 | BBB | 11/30/2025 | 3/15, 6/15, 9/15 & 12/15 | YES",,2026-08-21T19:53:44Z
ERRAF,True,"Emera Inc Cumulative Rate Reset First Preferred Shares, Series C",Traditional Preferred Stock,PREFERRED,EMRAF,290876507,OTOTC,CAD,True,False,FIXED,,25.0,,,,,,,,,Reset Rate $1.18 $25.00 $25.00 8/15/2023 None NR BB+,"2/15, 5/15, 8/15 & 11/15",4/18/2025,,,False,"OTOTCn | OTOTCps | Reset Rate | $1.18 | $25.00 | $25.00 | 8/15/2023 | None | NR | BB+ | 4/18/2025 | 2/15, 5/15, 8/15 & 11/15 | No",coupon_pct,2026-08-21T19:53:46Z
ESGOF,True,"Enstar Group, 7.00% Dep. Shares Perp Non-Cumul Preference Shares Series E",Traditional Preferred Stock,PREFERRED,ESGR,29359U208,OTOTC,USD,False,True,FIXED,7.0,25.0,,3/1/2024,,,,,,,7.00% $1.75 $25.00 $25.00 3/01/2024 None NF BBB-,"3/1, 6/1, 9/1 & 12/1",5/26/2025,ESGRO,7/15/2025,False,"OTOTCn | OTOTCps | 7.00% | $1.75 | $25.00 | $25.00 | 3/01/2024 | None | NF | BBB- | 5/26/2025 | 3/1, 6/1, 9/1 & 12/1 | YES",,2026-08-21T19:53:47Z
ESGRF,True,"Enstar Group, 7.00% Dep Shares Non-Cumul Fixed/Float Series D Perp Prfrd Shares",Traditional Preferred Stock,PREFERRED,ESGR,29359U109,OTOTC,USD,False,True,FIXED,7.0,25.0,,9/20/2028,,,,,,,7.00% $1.75 $25.00 $25.00 9/20/2028 None NR BBB-,"3/1, 6/1, 9/1 & 12/1",5/26/2025,ESGRP,7/15/2025,False,"OTOTCn | OTOTCps | 7.00% | $1.75 | $25.00 | $25.00 | 9/20/2028 | None | NR | BBB- | 5/26/2025 | 3/1, 6/1, 9/1 & 12/1 | YES",,2026-08-21T19:53:49Z
ESGRO,True,"Enstar Group, 7.00% Dep. Shares Perp Non-Cumul Preference Shares Series E",Traditional Preferred Stock,PREFERRED,ESGR,29359U208,OTOTC,USD,False,True,FIXED,7.0,25.0,,3/1/2024,,,,,,,7.00% $1.75 $25.00 $25.00 3/01/2024 None NF BBB-,"3/1, 6/1, 9/1 & 12/1",5/26/2025,ESGRO,7/15/2025,False,"OTOTCn | OTOTCps | 7.00% | $1.75 | $25.00 | $25.00 | 3/01/2024 | None | NF | BBB- | 5/26/2025 | 3/1, 6/1, 9/1 & 12/1 | YES",,2026-08-21T19:53:50Z
ESGRP,True,"Enstar Group, 7.00% Dep Shares Non-Cumul Fixed/Float Series D Perp Prfrd Shares",Traditional Preferred Stock,PREFERRED,ESGR,29359U109,OTOTC,USD,False,True,FIXED,7.0,25.0,,9/20/2028,,,,,,,7.00% $1.75 $25.00 $25.00 9/20/2028 None NR BBB-,"3/1, 6/1, 9/1 & 12/1",5/26/2025,ESGRP,7/15/2025,False,"OTOTCn | OTOTCps | 7.00% | $1.75 | $25.00 | $25.00 | 9/20/2028 | None | NR | BBB- | 5/26/2025 | 3/1, 6/1, 9/1 & 12/1 | YES",,2026-08-21T19:53:52Z
ET-C,True,"Energy Transfer LP, 7.375% Series C Fixed/Float Cumul Red Prfd Units",Traditional Preferred Stock,PREFERRED,ET,29273V407,NYSE,USD,True,False,FIX_TO_FLOAT,7.375,25.0,1.84,5/15/2023,25.0,,3M_LIBOR,453.0,,,Called for 2/09/2024 None WR WR,"2/15, 5/15, 8/15 & 11/15",12/16/2022,ETP-C,4/05/2021,True,"NYSE | FixFloat | $1.84 | $25.00 | $25.00 | Called for | 2/09/2024 | None | WR | WR | 12/16/2022 | 2/15, 5/15, 8/15 & 11/15 | No",,2026-08-21T19:53:53Z
ET-D,True,Energy Transfer LP. 7.625% Series Fixed/Float Cumul Red Prfd Units,Traditional Preferred Stock,PREFERRED,ET,29273V506,NYSE,USD,True,False,FIX_TO_FLOAT,7.625,25.0,1.91,8/15/2023,25.0,,3M_LIBOR,473.8,,,Called for 2/09/2024 None WR WR,"2/15, 5/15, 8/15/30 & 11/15",12/16/2022,ETP-D,4/05/2021,True,"NYSE | FixFloat | $1.91 | $25.00 | $25.00 | Called for | 2/09/2024 | None | WR | WR | 12/16/2022 | 2/15, 5/15, 8/15/30 & 11/15 | No",,2026-08-21T19:53:54Z
ET-E,True,Energy Transfer LP. 7.60% Ser E Fix/Float Cumul Red Perp Prfd Units,Traditional Preferred Stock,PREFERRED,ET,29273V605,NYSE,USD,True,False,FIX_TO_FLOAT,7.6,25.0,1.9,5/15/2024,25.0,,3M_LIBOR,516.1,,,Called for 5/15/2024 None WR WR,"2/15, 5/15, 8/15 & 11/15",2/20/2024,ETP-E,4/05/2021,True,"NYSE | FixFloat | $1.90 | $25.00 | $25.00 | Called for | 5/15/2024 | None | WR | WR | 2/20/2024 | 2/15, 5/15, 8/15 & 11/15 | No",,2026-08-21T19:53:56Z
ET-I,True,Energy Transfer LP 9.25% Preferred Partnership Units -144A STOCK,Traditional Convertible Preferred Stock,PREFERRED,ET,226344307,NYSE,USD,True,False,FIXED,9.25,,0.84,any time,,,,,,,N/A N/A None None NR NR 11/07/2023 10:2.07 N/A,,n.a.,CEQP-,11/03/2023,False,NYSE | 9.25% | $0.84 | N/A | N/A | None | None | NR NR | 11/07/2023 | 10:2.07 | N/A | n.a. | No,par,2026-08-21T19:53:57Z
ETI-,True,"Entergy Texas, 5.375% Series A Cumulative Preferred Stock",Traditional Preferred Stock,PREFERRED,ETR,29365T302,NYSE,USD,True,True,FIXED,5.375,25.0,1.34,10/15/2024,25.0,,,,,,Ba1 BBB-,"1/15, 4/15, 7/15 & 10/15",5/26/2025,ETREP,9/11/2019,False,"NYSE | 5.38% | $1.34 | $25.00 | $25.00 | 10/15/2024 | None | Ba1 | BBB- | 5/26/2025 | 1/15, 4/15, 7/15 & 10/15 | YES",,2026-08-21T19:53:59Z
F-B,True,"Ford Motor Co., 6.20% Notes due 6/1/2059",Exchange-Traded Debt Security,BABY_BOND,F,345370845,NYSE,USD,,False,FIXED,6.2,25.0,1.55,6/01/2024,25.0,6/01/2059,,,,,Ba1 BBB-,"3/1, 6/1, 9/1 & 12/1",2/20/2024,,,False,"NYSE | 6.20% | $1.55 | $25.00 | $25.00 | 6/01/2024 | 6/01/2059 | Ba1 | BBB- | 2/20/2024 | 3/1, 6/1, 9/1 & 12/1 | No",,2026-08-21T19:54:00Z
F-C,True,"Ford Motor Co., 6.00% Notes due 12/1/2059",Exchange-Traded Debt Security,BABY_BOND,F,345370837,NYSE,USD,,False,FIXED,6.0,25.0,1.5,12/01/2024,25.0,12/01/2059,,,,,Ba1 BBB-,"3/1, 6/1, 9/1 & 12/1",2/20/2024,,,False,"NYSE | 6.00% | $1.50 | $25.00 | $25.00 | 12/01/2024 | 12/01/2059 | Ba1 | BBB- | 2/20/2024 | 3/1, 6/1, 9/1 & 12/1 | No",,2026-08-21T19:54:01Z
F-D,True,"Ford Motor Co., 6.50% Notes due 08/15/2062",Exchange-Traded Debt Security,BABY_BOND,F,345370811,NYSE,USD,,False,FIXED,6.5,25.0,1.625,8/15/2027,25.0,8/15/2062,,,,,Ba1 BBB-,"2/15, 5/15, 8/15 & 11/15",2/20/2024,,,False,"NYSE | 6.50% | $1.625 | $25.00 | $25.00 | 8/15/2027 | 8/15/2062 | Ba1 | BBB- | 2/20/2024 | 2/15, 5/15, 8/15 & 11/15 | No",,2026-08-21T19:54:03Z
FATBP,True,,,,,,,,,,,,,,,,,,,,,,,,,,,,no_ticker_label,2026-08-21T19:54:04Z
FBIOP,True,"Fortress Biotech, 9.375% Series A Cumulative Perpetual Preferred Shares",Traditional Preferred Stock,PREFERRED,FBIO,34960Q208,NCM,USD,True,True,FIXED,9.375,25.0,2.34,12/15/2022,25.0,,,,,,NF NF 6/15/2025 Suspended! Last day of the month,,,,,False,NCM | 9.38% | $2.34 | $25.00 | $25.00 | 12/15/2022 | None | NF NF | 6/15/2025 | Suspended! | Last day of the month | YES,,2026-08-21T19:54:06Z
FBRT-E,True,"Franklin BSP Realty Trust, Inc. 7.50% Series E Cumulative Preferred Stock",Traditional Preferred Stock,PREFERRED,FBRT,14067E605,NYSE,USD,True,False,FIXED,7.5,25.0,1.88,5/13/2018,25.0,,,,,,NR NF,"1/15, 4/15, 7/15 & 10/15",5/26/2025,CMO-E,10/19/2021,False,"NYSE | 7.50% | $1.88 | $25.00 | $25.00 | 5/13/2018 | None | NR NF | 5/26/2025 | 1/15, 4/15, 7/15 & 10/15 | No",,2026-08-21T19:54:07Z
FBYDP,True,Falcon's Beyond Global 11% Series B Cumulative Convertible Preferred Stock,Traditional Convertible Preferred Stock,PREFERRED,FBYD,Unknown,NGM,USD,True,False,CONVERTIBLE,11.0,5.0,0.55,,,,,,,,N/A Not Callable None NR NR 5/21/2026 N/A $5,"3/31, 6/30, 9/30 & 12/31",,,,False,"NGM | 11.00% | $0.55 | $5.00 | N/A | Not Callable | None | NR NR | 5/21/2026 | N/A | $5 | 3/31, 6/30, 9/30 & 12/31 | No",,2026-08-21T19:54:08Z
FCELB,True,"FuelCell Energy, 5% Series B Cumulative Convertible Perpetual Preferred Stock",Traditional Convertible Preferred Stock,PREFERRED,FCEL,35952H205,OTOTC,USD,True,True,CONVERTIBLE,5.0,1000.0,,,,,,,,,"5.00% $50.00 $1,000.00 N/A 11/20/2009 None NF NF 5/26/2025 7.0922 $141","2/15, 5/15, 8/15 & 11/15",,,,False,"OTOTCn | OTOTCps | 5.00% | $50.00 | $1,000.00 | N/A | 11/20/2009 | None | NF NF | 5/26/2025 | 7.0922 | $141 | 2/15, 5/15, 8/15 & 11/15 | YES",,2026-08-21T19:54:10Z
FCNCN,True,"First Citizens BancShares 6.625% Dep Shares Non-Cumul Preferred Stock, Ser E",Traditional Preferred Stock,PREFERRED,FCNCA,31959X400,NGS,USD,False,True,RESET,6.625,25.0,1.65625,3/15/2031,25.0,,,283.0,,,Ba1 BB,"3/15, 6/15, 9/15 & 12/15",1/30/2026,FCZBL,2/09/2026,False,"NGS | Reset Rate | $1.65625 | $25.00 | $25.00 | 3/15/2031 | None | Ba1 | BB | 1/30/2026 | 3/15, 6/15, 9/15 & 12/15 | YES",reference_rate,2026-08-21T19:54:11Z
FCNCO,True,"First Citizens BancShares, Inc. 5.625% Non-Cumul Preferred Stock, Series B",Traditional Preferred Stock,PREFERRED,FCNCA,125581884,OTOTC,USD,False,True,FIXED,5.625,25.0,,12/15/2024,,,,,,,5.63% $1.41 $25.00 $25.00 12/15/2024 None Ba1 BB,"3/15, 6/15, 9/15 & 12/15",4/21/2024,CIT-B,1/04/2022,False,"OTOTCn | OTOTCps | 5.63% | $1.41 | $25.00 | $25.00 | 12/15/2024 | None | Ba1 | BB | 4/21/2024 | 3/15, 6/15, 9/15 & 12/15 | YES",,2026-08-21T19:54:13Z
FCNCP,True,"First Citizens BancShares, Inc. 5.375% Dep Shares Non-Cumul Prfd Stock Series A",Traditional Preferred Stock,PREFERRED,FCNCA,319626305,NGS,USD,False,True,FIXED,5.375,25.0,1.34375,3/15/2025,25.0,,,,,,Ba1 NF,"3/15, 6/15, 9/15 & 12/15",4/15/2025,FCIZP,3/13/2020,False,"NGS | 5.38% | $1.34375 | $25.00 | $25.00 | 3/15/2025 | None | Ba1 | NF | 4/15/2025 | 3/15, 6/15, 9/15 & 12/15 | YES",,2026-08-21T19:54:14Z
FCRX,True,"Crescent Capital BDC, Inc. 5.00% Notes due 05/25/2026",Exchange-Traded Debt Security,BABY_BOND,CCAP,26943B407,NYSE,USD,,False,FIXED,5.0,25.0,1.25,5/25/2023,25.0,5/25/2026,,,,,NF NF,"3/30, 6/30, 9/30 & 12/30",3/19/2024,,,False,"NYSE | 5.00% | $1.25 | $25.00 | $25.00 | 5/25/2023 | 5/25/2026 | NF NF | 3/19/2024 | 3/30, 6/30, 9/30 & 12/30 | No",,2026-08-21T19:54:15Z
FGBIP,True,"First Guaranty Bancshares, Inc. 6.75% Dep Shares Ser A Non-Cumul Preferred Stock",Traditional Preferred Stock,PREFERRED,FGBI,32043P205,NGM,USD,False,True,FIXED,6.75,25.0,1.6875,4/22/2026,25.0,,,,,,NF NF,"3/1, 6/1, 9/1 & 12/1",4/21/2024,FGBIL,5/03/2021,False,"NGM | 6.75% | $1.6875 | $25.00 | $25.00 | 4/22/2026 | None | NF NF | 4/21/2024 | 3/1, 6/1, 9/1 & 12/1 | YES",,2026-08-21T19:54:17Z
FGFPP,True,FG Nexus Inc. 8.00% Series A Cumulative Preferred Stock,Traditional Preferred Stock,PREFERRED,FGNX,68244P206,NGM,USD,True,True,FIXED,8.0,25.0,2.0,2/28/2023,25.0,,,,,,NF NF,"3/15, 6/15, 9/15 & 12/15",11/30/2025,FGFPP,8/11/2025,False,"NGM | 8.00% | $2.00 | $25.00 | $25.00 | 2/28/2023 | None | NF NF | 11/30/2025 | 3/15, 6/15, 9/15 & 12/15 | YES",,2026-08-21T19:54:18Z
FGN,True,F&G Annuities & Life Inc. 7.950% Senior Notes due 12/15/2053,Exchange-Traded Debt Security,BABY_BOND,FG,30190A203,NYSE,USD,,False,FIXED,7.95,25.0,1.9875,12/15/2028,25.0,12/15/2053,,,,,NR BBB-,"3/15, 6/15, 9/15 & 12/15",11/30/2023,,,False,"NYSE | 7.95% | $1.9875 | $25.00 | $25.00 | 12/15/2028 | 12/15/2053 | NR | BBB- | 11/30/2023 | 3/15, 6/15, 9/15 & 12/15 | No",,2026-08-21T19:54:20Z
FGNXP,True,FG Nexus Inc. 8.00% Series A Cumulative Preferred Stock,Traditional Preferred Stock,PREFERRED,FGNX,68244P206,NGM,USD,True,True,FIXED,8.0,25.0,2.0,2/28/2023,25.0,,,,,,NF NF,"3/15, 6/15, 9/15 & 12/15",11/30/2025,FGFPP,8/11/2025,False,"NGM | 8.00% | $2.00 | $25.00 | $25.00 | 2/28/2023 | None | NF NF | 11/30/2025 | 3/15, 6/15, 9/15 & 12/15 | YES",,2026-08-21T19:54:21Z
FGSN,True,"F&G Annuities & Life, Inc. 7.30% Junior Subordinated Notes due 1/15/2065",Exchange-Traded Debt Security,BABY_BOND,FG,30190A609,NYSE,USD,,False,FIXED,7.3,25.0,1.825,1/15/2030,25.0,1/15/2065,,,,,Ba1 BB,"1/15, 4/15, 7/15 & 10/15",1/07/2025,,,False,"NYSE | 7.30% | $1.825 | $25.00 | $25.00 | 1/15/2030 | 1/15/2065 | Ba1 | BB | 1/07/2025 | 1/15, 4/15, 7/15 & 10/15 | No",,2026-08-21T19:54:23Z
FHN-C,True,First Horizon Corp 6.60% Dep Shares Fix/Float Non-Cumul Pfd Stock Ser C,Traditional Preferred Stock,PREFERRED,FHN,320517600,NYSE,USD,False,True,FIX_TO_FLOAT,6.6,25.0,1.65,5/1/2026,25.0,,3M_TERM_SOFR,,,5/1/2026,Called for 5/01/2026 None Ba2 BB-,"2/1, 5/1, 8/1 & 11/1",6/15/2025,IBKCO,7/02/2020,False,"NYSE | FixFloat | $1.65 | $25.00 | $25.00 | Called for | 5/01/2026 | None | Ba2 | BB- | 6/15/2025 | 2/1, 5/1, 8/1 & 11/1 | YES",float_spread_bps,2026-08-21T19:54:24Z
FHN-E,True,"First Horizon Corp 6.50% Dep Shares Non-Cumulative Prfd Stock, Series E",Traditional Preferred Stock,PREFERRED,FHN,320517402,NYSE,USD,False,True,FIXED,6.5,25.0,1.625,10/10/2025,25.0,,,,,,Ba2 NF,"1/10, 4/10, 7/10 & 10/10",5/26/2025,FHNCL,6/16/2020,False,"NYSE | 6.50% | $1.625 | $25.00 | $25.00 | 10/10/2025 | None | Ba2 | NF | 5/26/2025 | 1/10, 4/10, 7/10 & 10/10 | YES",,2026-08-21T19:54:26Z
FHN-F,True,"First Horizon Corp 4.70% Dep Shares Non-Cumulative Preferred Stock, Series F",Traditional Preferred Stock,PREFERRED,FHN,320517865,NYSE,USD,False,True,FIXED,4.7,25.0,1.175,7/10/2026,25.0,,,,,,Ba2 NF,"1/10, 4/10, 7/10 & 10/10",6/15/2025,FHNNP,5/13/2021,False,"NYSE | 4.70% | $1.175 | $25.00 | $25.00 | 7/10/2026 | None | Ba2 | NF | 6/15/2025 | 1/10, 4/10, 7/10 & 10/10 | YES",,2026-08-21T19:54:27Z
FHN-H,True,"First Horizon Corp 6.75% Dep Shares Non-Cumulative Preferred Stock, Series H",Traditional Preferred Stock,PREFERRED,FHN,320517840,NYSE,USD,False,True,FIXED,6.75,25.0,1.6875,4/10/2031,25.0,,,,,,Ba2 BB,"1/10, 4/10, 7/10 & 10/10",3/06/2026,,,False,"NYSE | 6.75% | $1.6875 | $25.00 | $25.00 | 4/10/2031 | None | Ba2 | BB | 3/06/2026 | 1/10, 4/10, 7/10 & 10/10 | YES",,2026-08-21T19:54:29Z
FITB-I,True,"Fifth Third Bancorp, 6.625% Dep Shares Fixed/Float Non-Cumul Pfd Stock, Series I",Traditional Preferred Stock,PREFERRED,FITB,316773605,NYSE,USD,False,True,FIX_TO_FLOAT,6.625,25.0,1.66,12/31/2023,25.0,,3M_SOFR,371.0,,,Baa3 BB+,"3/31, 6/30, 9/30 & 12/31",12/31/2023,FITBI,6/11/2026,False,"NYSE | FixFloat | $1.66 | $25.00 | $25.00 | 12/31/2023 | None | Baa3 | BB+ | 12/31/2023 | 3/31, 6/30, 9/30 & 12/31 | YES",,2026-08-21T19:54:30Z
FITB-K,True,Fifth Third Bancorp 4.95% Dep Shares Non-Cumul Perpetual Pref Stock Series K,Traditional Preferred Stock,PREFERRED,FITB,316773860,NYSE,USD,False,True,FIXED,4.95,25.0,1.24,9/30/2024,25.0,,,,,,Baa3 BB+,"3/31, 6/30, 9/30 & 12/31",12/31/2023,FITBO,6/11/2026,False,"NYSE | 4.95% | $1.24 | $25.00 | $25.00 | 9/30/2024 | None | Baa3 | BB+ | 12/31/2023 | 3/31, 6/30, 9/30 & 12/31 | YES",,2026-08-21T19:54:31Z
FITB-M,True,Fifth Third Bancorp - Depositary Shares Representing a 1/40th Ownership Interest,Traditional Preferred Stock,PREFERRED,FITB,200340701,NYSE,USD,False,True,RESET,,25.0,,,,,,312.5,,,$25.00 $25.00 10/01/2030 None Ba1 BB,"1/1, 4/1, 7/1 & 10/1",8/04/2025,FITBM,6/11/2026,False,"NYSE | Reset Rate | n.a. | $25.00 | $25.00 | 10/01/2030 | None | Ba1 | BB | 8/04/2025 | 1/1, 4/1, 7/1 & 10/1 | YES",coupon_pct;reference_rate,2026-08-21T19:54:33Z
FITBP,True,Fifth Third Bancorp 6.00% Dep Shares Non-Cumul Perpetual Cl B Pref Stock Ser A,Traditional Preferred Stock,PREFERRED,FITB,316773886,NGS,USD,False,True,FIXED,6.0,25.0,1.5,11/25/2022,25.0,,,,,,Baa3 BB+,"3/31, 6/30, 9/30 & 12/31",12/31/2023,,,False,"NGS | 6.00% | $1.50 | $25.00 | $25.00 | 11/25/2022 | None | Baa3 | BB+ | 12/31/2023 | 3/31, 6/30, 9/30 & 12/31 | YES",,2026-08-21T19:54:34Z
FLG-A,True,"Flagstar Financial, Inc. 6.375% Dep Shares Fix/Float Non-Cumul Ser A Prfd Stk",Traditional Preferred Stock,PREFERRED,FLG,649445202,NYSE,USD,False,True,FIX_TO_FLOAT,6.375,25.0,1.59,3/17/2027,25.0,,3M_LIBOR,,,,NF NF,"3/17, 6/17, 9/17 & 12/17",4/20/2025,NYCB-A,10/28/2024,False,"NYSE | FixFloat | $1.59 | $25.00 | $25.00 | 3/17/2027 | None | NF NF | 4/20/2025 | 3/17, 6/17, 9/17 & 12/17 | YES",float_spread_bps,2026-08-21T19:54:35Z
FLG-U,True,"New York Community Capital Trust V, BONUSES Units due 11/1/2051",Trust Preferred Security,TRUPS,FLG,64944P307,NYSE,USD,,False,FIXED,6.0,50.0,3.0,11/04/2007,,,,,,,N/A N/A 10/01/2051 WR NF,"2/1, 5/1, 8/1 & 11/1",4/21/2024,NYCB-U,10/28/2024,False,"NYSE | 6.00% | $3.00 | $50.00 | N/A | N/A | 10/01/2051 | WR | NF | 4/21/2024 | 2/1, 5/1, 8/1 & 11/1 | No",cumulative,2026-08-21T19:54:37Z
FMCCG,True,"Freddie Mac, Variable Rate Perpetual Non-cumul Preferred Stock, 1998",Traditional Preferred Stock,PREFERRED,FMCC,313400848,OTCBB,USD,False,True,FIXED,,50.0,,9/30/2003,,,,,,,Variable n.a. $50.00 $50.00 9/30/2003 None Ca D 2/20/2024 Suspended!,"3/31, 6/30, 9/30 & 12/31",,FRE-G,7/07/2010,False,"OTCBBn | OTCBBps | Variable | n.a. | $50.00 | $50.00 | 9/30/2003 | None | Ca | D | 2/20/2024 | Suspended! | 3/31, 6/30, 9/30 & 12/31 | YES",coupon_pct,2026-08-21T19:54:38Z
FMCCH,True,"Freddie Mac, 5.10% Non-Cumulative Perpetual Preferred Stock",Traditional Preferred Stock,PREFERRED,FMCC,313400855,OTCBB,USD,False,True,FIXED,5.1,50.0,,9/30/2003,,,,,,,5.10% $2.55 $50.00 $50.00 9/30/2003 None Ca D 2/20/2024 Suspended!,"3/31, 6/30, 9/30 & 12/31",,FRE-H,7/07/2010,False,"OTCBBn | OTCBBps | 5.10% | $2.55 | $50.00 | $50.00 | 9/30/2003 | None | Ca | D | 2/20/2024 | Suspended! | 3/31, 6/30, 9/30 & 12/31 | YES",,2026-08-21T19:54:40Z
FMCCI,True,"Freddie Mac, Variable Rate Perpetual Non-cumul Preferred Stock, 1996",Traditional Preferred Stock,PREFERRED,FMCC,313400608,OTCBB,USD,False,True,FIXED,,50.0,,6/30/2001,,,,,,,Variable n.a. $50.00 $50.00 6/30/2001 None Ca D 2/20/2024 Suspended!,"3/31, 6/30, 9/30 & 12/31",,FRE-B,7/07/2010,False,"OTCBBn | OTCBBps | Variable | n.a. | $50.00 | $50.00 | 6/30/2001 | None | Ca | D | 2/20/2024 | Suspended! | 3/31, 6/30, 9/30 & 12/31 | YES",coupon_pct,2026-08-21T19:54:41Z
FMCCJ,True,"Freddie Mac, Variable Rate Non-Cumul Preferred",Traditional Preferred Stock,PREFERRED,FMCC,313400756,OTOTC,USD,False,True,FIXED,,50.0,,,,,,,,,Variable $3.00 $50.00 $50.00 6/30/2003 None Ca D 2/20/2024 Suspended!,"3/31, 6/30, 9/30, 12/31",,,,False,"OTOTCn | OTOTCps | Variable | $3.00 | $50.00 | $50.00 | 6/30/2003 | None | Ca | D | 2/20/2024 | Suspended! | 3/31, 6/30, 9/30, 12/31 | YES",coupon_pct,2026-08-21T19:54:43Z
FMCCK,True,"Freddie Mac, 5.79% Non-Cumulative Perpetual Preferred Stock",Traditional Preferred Stock,PREFERRED,FMCC,313400830,OTCBB,USD,False,True,FIXED,5.79,50.0,,6/30/2009,,,,,,,5.79% $2.90 $50.00 $50.00 6/30/2009 None Ca D 2/20/2024 Suspended!,"3/31, 6/30, 9/30 & 12/31",,FRE-K,7/07/2010,False,"OTCBBn | OTCBBps | 5.79% | $2.90 | $50.00 | $50.00 | 6/30/2009 | None | Ca | D | 2/20/2024 | Suspended! | 3/31, 6/30, 9/30 & 12/31 | YES",,2026-08-21T19:54:44Z
FMCCL,True,"Freddie Mac, Variable Rate Perpetual Non-cumul Preferred Stock, 1999",Traditional Preferred Stock,PREFERRED,FMCC,313400798,OTCBB,USD,False,True,FIX_TO_FLOAT,,50.0,,12/31/2004,,,,,,,Variable n.a. $50.00 $50.00 12/31/2004 None Ca D 2/20/2024 Suspended!,"3/31, 6/30, 9/30 & 12/31",,FRE-L,7/07/2010,False,"OTCBBn | OTCBBps | Variable | n.a. | $50.00 | $50.00 | 12/31/2004 | None | Ca | D | 2/20/2024 | Suspended! | 3/31, 6/30, 9/30 & 12/31 | YES",coupon_pct;reference_rate;float_spread_bps,2026-08-21T19:54:46Z
FMCCM,True,"Freddie Mac, Variable Rate Perpetual Non-cumul Preferred Stock, January 2001",Traditional Preferred Stock,PREFERRED,FMCC,313400780,OTCBB,USD,False,True,FIX_TO_FLOAT,,50.0,,,,,CMT,10.0,,,Variable $2.41 $50.00 $50.00 4/01/2003 None Ca D 2/20/2024 Suspended!,"3/31, 6/30, 9/30 & 12/31",,FRE-M,7/07/2010,False,"OTCBBn | OTCBBps | Variable | $2.41 | $50.00 | $50.00 | 4/01/2003 | None | Ca | D | 2/20/2024 | Suspended! | 3/31, 6/30, 9/30 & 12/31 | YES",coupon_pct,2026-08-21T19:54:47Z
FMCCN,True,"Freddie Mac, Variable Rate Perpetual Non-cumul Preferred Stock, March 2001",Traditional Preferred Stock,PREFERRED,FMCC,313400764,OTCBB,USD,False,True,FIX_TO_FLOAT,,50.0,,3/31/2003,,,LIBOR,,,,Variable $0.58 $50.00 $50.00 3/31/2003 None Ca D 2/20/2024 Suspended!,"3/31, 6/30, 9/30 & 12/31",,FRE-N,7/07/2010,False,"OTCBBn | OTCBBps | Variable | $0.58 | $50.00 | $50.00 | 3/31/2003 | None | Ca | D | 2/20/2024 | Suspended! | 3/31, 6/30, 9/30 & 12/31 | YES",coupon_pct;float_spread_bps,2026-08-21T19:54:48Z
FMCCO,True,"Freddie Mac, 5.81% Non-Cumulative Perpetual Preferred Stock",Traditional Preferred Stock,PREFERRED,FMCC,313400772,OTCBB,USD,False,True,FIXED,5.81,50.0,,3/31/2011,,,,,,,5.81% $2.91 $50.00 $50.00 3/31/2011 None Ca D 2/20/2024 Suspended!,"3/31, 6/30, 9/30 & 12/31",,FRE-O,7/07/2010,False,"OTCBBn | OTCBBps | 5.81% | $2.91 | $50.00 | $50.00 | 3/31/2011 | None | Ca | D | 2/20/2024 | Suspended! | 3/31, 6/30, 9/30 & 12/31 | YES",,2026-08-21T19:54:50Z
FMCCP,True,"Freddie Mac, 6.00% Non-Cumulative Perpetual Preferred Stock",Traditional Preferred Stock,PREFERRED,FMCC,313400749,OTCBB,USD,False,True,FIXED,6.0,50.0,,6/30/2006,,,,,,,6.00% $3.00 $50.00 $50.00 6/30/2006 None Ca D 2/20/2024 Suspended!,"3/31, 6/30, 9/30 & 12/31",,FRE-P,7/07/2010,False,"OTCBBn | OTCBBps | 6.00% | $3.00 | $50.00 | $50.00 | 6/30/2006 | None | Ca | D | 2/20/2024 | Suspended! | 3/31, 6/30, 9/30 & 12/31 | YES",,2026-08-21T19:54:51Z
FMCCQ,True,"Freddie Mac, Variable Rate Perpetual Non-cumul Preferred Stock, May 2001",Traditional Preferred Stock,PREFERRED,FMCC,313400756,OTCBB,USD,False,True,FIX_TO_FLOAT,,50.0,,,,,CMT,20.0,,,Variable $2.24 $50.00 $50.00 6/30/2003 None Ca D 2/20/2024 Suspended!,"3/31, 6/30, 9/30 & 12/31",,FRE-Q,7/07/2010,False,"OTCBBn | OTCBBps | Variable | $2.24 | $50.00 | $50.00 | 6/30/2003 | None | Ca | D | 2/20/2024 | Suspended! | 3/31, 6/30, 9/30 & 12/31 | YES",coupon_pct,2026-08-21T19:54:53Z
FMCCS,True,"Freddie Mac, Variable Rate Perpetual Non-cumul Preferred Stock, 2006",Traditional Preferred Stock,PREFERRED,FMCC,313400715,OTCBB,USD,False,True,FIX_TO_FLOAT,,50.0,,6/30/2011,,,3M_LIBOR,50.0,,,Variable n.a. $50.00 $50.00 6/30/2011 None Ca D 2/20/2024 Suspended!,"3/31, 6/30, 9/30 & 12/31",,FRE-S,7/07/2010,False,"OTCBBn | OTCBBps | Variable | n.a. | $50.00 | $50.00 | 6/30/2011 | None | Ca | D | 2/20/2024 | Suspended! | 3/31, 6/30, 9/30 & 12/31 | YES",coupon_pct,2026-08-21T19:54:54Z
FMCCT,True,"Freddie Mac, 6.42% Non-Cumulative Perpetual Preferred Stock",Traditional Preferred Stock,PREFERRED,FMCC,313400699,OTCBB,USD,False,True,FIXED,6.42,50.0,,6/30/2011,,,,,,,6.42% $3.21 $50.00 $50.00 6/30/2011 None Ca D 2/20/2024 Suspended!,"3/31, 6/30, 9/30 & 12/31",,FRE-T,7/07/2010,False,"OTCBBn | OTCBBps | 6.42% | $3.21 | $50.00 | $50.00 | 6/30/2011 | None | Ca | D | 2/20/2024 | Suspended! | 3/31, 6/30, 9/30 & 12/31 | YES",,2026-08-21T19:54:56Z
FMCKI,True,"Freddie Mac, 6.55% Non-Cumulative Perpetual Preferred Stock",Traditional Preferred Stock,PREFERRED,FMCC,313400640,OTCBB,USD,False,True,FIXED,6.55,25.0,,9/30/2017,,,,,,,6.55% $1.64 $25.00 $25.00 9/30/2017 None Ca D 2/20/2024 Suspended!,"3/31, 6/30, 9/30 & 12/31",,FRE-Y,7/07/2010,False,"OTCBBn | OTCBBps | 6.55% | $1.64 | $25.00 | $25.00 | 9/30/2017 | None | Ca | D | 2/20/2024 | Suspended! | 3/31, 6/30, 9/30 & 12/31 | YES",,2026-08-21T19:54:57Z
FMCKJ,True,"Freddie Mac, Fixed-to-Floating Rate Non-Cumul Perpetual Preferred Stock",Traditional Preferred Stock,PREFERRED,FMCC,313400624,OTCBB,USD,False,True,FIXED,8.375,25.0,,,,,,,,,FixFloat $2.09 $25.00 $25.00 12/31/2012 None Ca D 2/20/2024 Suspended!,"3/31, 6/30, 9/30 & 12/31",,FRE-Z,7/07/2010,False,"OTCBBn | OTCBBps | FixFloat | $2.09 | $25.00 | $25.00 | 12/31/2012 | None | Ca | D | 2/20/2024 | Suspended! | 3/31, 6/30, 9/30 & 12/31 | YES",,2026-08-21T19:54:59Z
FMCKK,True,"Freddie Mac, 5.00% Non-Cumulative Perpetual Preferred Stock",Traditional Preferred Stock,PREFERRED,FMCC,313400863,OTCBB,USD,False,True,FIXED,5.0,50.0,,3/31/2003,,,,,,,5.00% $2.50 $50.00 $50.00 3/31/2003 None Ca D 2/20/2024 Suspended!,"3/31, 6/30, 9/30 & 12/31",,FRE-F,7/07/2010,False,"OTCBBn | OTCBBps | 5.00% | $2.50 | $50.00 | $50.00 | 3/31/2003 | None | Ca | D | 2/20/2024 | Suspended! | 3/31, 6/30, 9/30 & 12/31 | YES",,2026-08-21T19:55:00Z
FMCKL,True,"Freddie Mac, 6.02% Non-Cumulative Perpetual Preferred Stock",Traditional Preferred Stock,PREFERRED,FMCC,313400657,OTCBB,USD,False,True,FIXED,6.02,25.0,,6/30/2012,,,,,,,6.02% $1.51 $25.00 $25.00 6/30/2012 None Ca D 3/19/2024 Suspended!,"3/31, 6/30, 9/30 & 12/31",,FRE-X,7/07/2010,False,"OTCBBn | OTCBBps | 6.02% | $1.51 | $25.00 | $25.00 | 6/30/2012 | None | Ca | D | 3/19/2024 | Suspended! | 3/31, 6/30, 9/30 & 12/31 | YES",,2026-08-21T19:55:01Z
FMCKM,True,"Freddie Mac, 5.57% Non-Cumulative Perpetual Preferred Stock",Traditional Preferred Stock,PREFERRED,FMCC,313400673,OTCBB,USD,False,True,FIXED,5.57,25.0,,12/31/2011,,,,,,,5.57% $1.39 $25.00 $25.00 12/31/2011 None Ca D 3/19/2024 Suspended!,"3/31, 6/30, 9/30 & 12/31",,FRE-V,7/07/2010,False,"OTCBBn | OTCBBps | 5.57% | $1.39 | $25.00 | $25.00 | 12/31/2011 | None | Ca | D | 3/19/2024 | Suspended! | 3/31, 6/30, 9/30 & 12/31 | YES",,2026-08-21T19:55:03Z
FMCKN,True,"Freddie Mac, 5.66% Non-Cumulative Perpetual Preferred Stock",Traditional Preferred Stock,PREFERRED,FMCC,313400665,OTCBB,USD,False,True,FIXED,5.66,25.0,,3/31/2012,,,,,,,5.66% $1.42 $25.00 $25.00 3/31/2012 None Ca D 3/19/2024 Suspended!,"3/31, 6/30, 9/30 & 12/31",,FRE-W,7/07/2010,False,"OTCBBn | OTCBBps | 5.66% | $1.42 | $25.00 | $25.00 | 3/31/2012 | None | Ca | D | 3/19/2024 | Suspended! | 3/31, 6/30, 9/30 & 12/31 | YES",,2026-08-21T19:55:04Z
FMCKO,True,"Freddie Mac, 5.90% Non-Cumulative Perpetual Preferred Stock",Traditional Preferred Stock,PREFERRED,FMCC,313400681,OTCBB,USD,False,True,FIXED,5.9,25.0,,9/30/2011,,,,,,,5.90% $1.48 $25.00 $25.00 9/30/2011 None Ca D 3/19/2024 Suspended!,"3/31, 6/30, 9/30 & 12/31",,FRE-U,7/07/2010,False,"OTCBBn | OTCBBps | 5.90% | $1.48 | $25.00 | $25.00 | 9/30/2011 | None | Ca | D | 3/19/2024 | Suspended! | 3/31, 6/30, 9/30 & 12/31 | YES",,2026-08-21T19:55:06Z
FMCKP,True,"Freddie Mac, 5.70% Non-Cumulative Perpetual Preferred Stock",Traditional Preferred Stock,PREFERRED,FMCC,313400731,OTCBB,USD,False,True,FIXED,5.7,50.0,,12/31/2006,,,,,,,5.70% $2.85 $50.00 $50.00 12/31/2006 None Ca D 2/20/2024 Suspended!,"3/31, 6/30, 9/30 & 12/31",,FRE-R,7/07/2010,False,"OTCBBn | OTCBBps | 5.70% | $2.85 | $50.00 | $50.00 | 12/31/2006 | None | Ca | D | 2/20/2024 | Suspended! | 3/31, 6/30, 9/30 & 12/31 | YES",,2026-08-21T19:55:07Z
FNB-E,True,"FNB Corp., 7.25% Dep. Shares Fixed/Float Non-Cumulative Preferred Stock Ser E",Traditional Preferred Stock,PREFERRED,FNB,30255P103,NYSE,USD,False,True,FIX_TO_FLOAT,7.25,25.0,1.81,,25.0,,3M_LIBOR,460.0,,,Called for 2/15/2024 None Ba1 NF,"2/15, 5/15, 8/15 & 11/15",4/26/2023,,,True,"NYSE | FixFloat | $1.81 | $25.00 | $25.00 | Called for | 2/15/2024 | None | Ba1 | NF | 4/26/2023 | 2/15, 5/15, 8/15 & 11/15 | YES",,2026-08-21T19:55:09Z
FNMAG,True,"Fannie Mae, 5.375% Non-Cumulative Preferred Stock, Series I",Traditional Preferred Stock,PREFERRED,FNMA,313586877,OTOTC,USD,False,True,FIXED,5.375,50.0,,10/28/2007,,,,,,,5.38% $2.69 $50.00 $50.00 10/28/2007 None Ca D 6/15/2025 Suspended!,"3/31, 6/30, 9/30 & 12/31",,FNM-I,7/07/2010,False,"OTOTCn | OTOTCps | 5.38% | $2.69 | $50.00 | $50.00 | 10/28/2007 | None | Ca | D | 6/15/2025 | Suspended! | 3/31, 6/30, 9/30 & 12/31 | YES",,2026-08-21T19:55:10Z
FNMAH,True,"Fannie Mae, Variable Rate Non-Cumulative Preferred Stock, Series P",Traditional Preferred Stock,PREFERRED,FNMA,313586786,OTOTC,USD,False,True,FIXED,,25.0,,9/30/2012,,,,,,,Variable n.a. $25.00 $25.00 9/30/2012 None Ca D 6/15/2025 Suspended!,"3/31, 6/30, 9/30 & 12/31",,FNM-P,7/07/2010,False,"OTOTCn | OTOTCps | Variable | n.a. | $25.00 | $25.00 | 9/30/2012 | None | Ca | D | 6/15/2025 | Suspended! | 3/31, 6/30, 9/30 & 12/31 | YES",coupon_pct,2026-08-21T19:55:12Z
FNMAI,True,"Fannie Mae, 6.75% Non-Cumulative Preferred Stock, Series Q",Traditional Preferred Stock,PREFERRED,FNMA,313586778,OTOTC,USD,False,True,FIXED,6.75,25.0,,9/30/2010,,,,,,,6.75% $1.69 $25.00 $25.00 9/30/2010 None Ca D 6/15/2025 Suspended!,"3/31, 6/30, 9/30 & 12/31",,FNM-Q,7/07/2010,False,"OTOTCn | OTOTCps | 6.75% | $1.69 | $25.00 | $25.00 | 9/30/2010 | None | Ca | D | 6/15/2025 | Suspended! | 3/31, 6/30, 9/30 & 12/31 | YES",,2026-08-21T19:55:13Z
FNMAJ,True,"Fannie Mae, 7.625% Non-Cumulative Preferred Stock, Series R",Traditional Preferred Stock,PREFERRED,FNMA,313586760,OTOTC,USD,False,True,FIXED,7.625,25.0,,11/21/2012,,,,,,,7.63% $1.91 $25.00 $25.00 11/21/2012 None Ca D 6/15/2025 Suspended!,"3/31, 6/30, 9/30 & 12/31",,FNM-R,7/07/2010,False,"OTOTCn | OTOTCps | 7.63% | $1.91 | $25.00 | $25.00 | 11/21/2012 | None | Ca | D | 6/15/2025 | Suspended! | 3/31, 6/30, 9/30 & 12/31 | YES",,2026-08-21T19:55:14Z
FNMAK,True,"Fannie Mae, 5.50% Non-Cumulative Preferred Stock, Series N",Traditional Preferred Stock,PREFERRED,FNMA,313586828,OTOTC,USD,False,True,FIXED,5.5,50.0,,9/25/2008,,,,,,,5.50% $2.75 $50.00 $50.00 9/25/2008 None Ca D 6/15/2025 Suspended!,"3/31, 6/30, 9/30 & 12/31",,FNM-N,7/07/2010,False,"OTOTCn | OTOTCps | 5.50% | $2.75 | $50.00 | $50.00 | 9/25/2008 | None | Ca | D | 6/15/2025 | Suspended! | 3/31, 6/30, 9/30 & 12/31 | YES",,2026-08-21T19:55:16Z
FNMAL,True,"Fannie Mae, 4.75% Non-Cumulative Preferred Stock, Series M",Traditional Preferred Stock,PREFERRED,FNMA,313586836,OTOTC,USD,False,True,FIXED,4.75,50.0,,6/10/2008,,,,,,,4.75% $2.38 $50.00 $50.00 6/10/2008 None Ca D 6/15/2025 Suspended!,"3/31, 6/30, 9/30 & 12/31",,FNM-M,7/07/2010,False,"OTOTCn | OTOTCps | 4.75% | $2.38 | $50.00 | $50.00 | 6/10/2008 | None | Ca | D | 6/15/2025 | Suspended! | 3/31, 6/30, 9/30 & 12/31 | YES",,2026-08-21T19:55:17Z
FNMAM,True,"Fannie Mae, 5.81% Non-Cumulative Preferred Stock, Series H",Traditional Preferred Stock,PREFERRED,FNMA,313586885,OTOTC,USD,False,True,FIXED,5.81,50.0,,4/06/2006,,,,,,,5.81% $2.91 $50.00 $50.00 4/06/2006 None Ca D 6/15/2025 Suspended!,"3/31, 6/30, 9/30 & 12/31",,FNM-H,7/07/2010,False,"OTOTCn | OTOTCps | 5.81% | $2.91 | $50.00 | $50.00 | 4/06/2006 | None | Ca | D | 6/15/2025 | Suspended! | 3/31, 6/30, 9/30 & 12/31 | YES",,2026-08-21T19:55:19Z
FNMAN,True,"Fannie Mae, 5.125% Non-Cumulative Preferred Stock, Series L",Traditional Preferred Stock,PREFERRED,FNMA,313586844,OTOTC,USD,False,True,FIXED,5.125,50.0,,4/29/2008,,,,,,,5.13% $2.56 $50.00 $50.00 4/29/2008 None Ca D 6/15/2025 Suspended!,"3/31, 6/30, 9/30 & 12/31",,FNM-L,7/07/2010,False,"OTOTCn | OTOTCps | 5.13% | $2.56 | $50.00 | $50.00 | 4/29/2008 | None | Ca | D | 6/15/2025 | Suspended! | 3/31, 6/30, 9/30 & 12/31 | YES",,2026-08-21T19:55:20Z
FNMAO,True,"Fannie Mae, Variable Rate Non-Cumulative Preferred Stock, Series G",Traditional Preferred Stock,PREFERRED,FNMA,313586802,OTOTC,USD,False,True,FIXED,,50.0,,9/30/2002,,,,,,,Variable n.a. $50.00 $50.00 9/30/2002 None Ca D 6/15/2025 Suspended!,"3/31, 6/30, 9/30 & 12/31",,FNM-G,7/07/2010,False,"OTOTCn | OTOTCps | Variable | n.a. | $50.00 | $50.00 | 9/30/2002 | None | Ca | D | 6/15/2025 | Suspended! | 3/31, 6/30, 9/30 & 12/31 | YES",coupon_pct,2026-08-21T19:55:22Z
FNMAP,True,"Fannie Mae, Variable Rate Non-Cumulative Preferred Stock, Series F",Traditional Preferred Stock,PREFERRED,FNMA,313586703,OTOTC,USD,False,True,FIXED,,50.0,,3/31/2002,,,,,,,Variable n.a. $50.00 $50.00 3/31/2002 None Ca D 6/15/2025 Suspended!,"3/31, 6/30, 9/30 & 12/31",,FNM-F,7/07/2010,False,"OTOTCn | OTOTCps | Variable | n.a. | $50.00 | $50.00 | 3/31/2002 | None | Ca | D | 6/15/2025 | Suspended! | 3/31, 6/30, 9/30 & 12/31 | YES",coupon_pct,2026-08-21T19:55:23Z
FNMAS,True,"Fannie Mae, 8.25% Fixed to Floating Rate Non-Cumul Preferred Stock, Series S",Traditional Preferred Stock,PREFERRED,FNMA,313586752,OTOTC,USD,False,True,FIXED,8.25,25.0,,,,,,,,,FixFloat $2.06 $25.00 $25.00 12/31/2010 None Ca D 6/15/2025 Suspended!,"3/31, 6/30, 9/30 & 12/31",,FNM-S,7/07/2010,False,"OTOTCn | OTOTCps | FixFloat | $2.06 | $25.00 | $25.00 | 12/31/2010 | None | Ca | D | 6/15/2025 | Suspended! | 3/31, 6/30, 9/30 & 12/31 | YES",,2026-08-21T19:55:24Z
FNMAT,True,"Fannie Mae, 8.25% Non-Cumulative Preferred Stock, Series T",Traditional Preferred Stock,PREFERRED,FNMA,313586737,OTCBB,USD,False,True,FIXED,8.25,25.0,,5/20/2013,,,,,,,8.25% $2.06 $25.00 $25.00 5/20/2013 None Ca D 6/15/2025 Suspended!,"3/31, 6/30, 9/30 & 12/31",,FNM-T,7/07/2010,False,"OTCBBn | OTCBBps | 8.25% | $2.06 | $25.00 | $25.00 | 5/20/2013 | None | Ca | D | 6/15/2025 | Suspended! | 3/31, 6/30, 9/30 & 12/31 | YES",,2026-08-21T19:55:26Z
FNMFM,True,"Fannie Mae, 5.10% Non-Cumulative Preferred Stock, Series E",Traditional Preferred Stock,PREFERRED,FNMA,313586604,OTOTC,USD,False,True,FIXED,5.1,50.0,,4/15/2004,,,,,,,5.10% $2.55 $50.00 $50.00 4/15/2004 None Ca D 6/15/2025 Suspended!,"3/31, 6/30, 9/30 & 12/31",,,,False,"OTOTCn | OTOTCps | 5.10% | $2.55 | $50.00 | $50.00 | 4/15/2004 | None | Ca | D | 6/15/2025 | Suspended! | 3/31, 6/30, 9/30 & 12/31 | YES",,2026-08-21T19:55:27Z
FNMFN,True,"Fannie Mae, Variable Rate Non-Cumulative Preferred Stock, Series O",Traditional Preferred Stock,PREFERRED,FNMA,313586794,OTCBB,USD,False,True,FIXED,,50.0,,12/31/2007,,,,,,,Variable n.a. $50.00 $50.00 12/31/2018 None Ca D 6/15/2025 Suspended!,"3/31, 6/30, 9/30 & 12/31",,,,False,"OTCBBn | OTCBBps | Variable | n.a. | $50.00 | $50.00 | 12/31/2018 | None | Ca | D | 6/15/2025 | Suspended! | 3/31, 6/30, 9/30 & 12/31 | YES",coupon_pct,2026-08-21T19:55:28Z
FNMFO,True,"Fannie Mae, 5.375% Non-Cumulative Convertible Series 2004-1 Preferred Stock",Traditional Convertible Preferred Stock,PREFERRED,FNMA,313586810,OTOTC,USD,False,True,CONVERTIBLE,5.375,100000.0,,1/5/2008,,,,,,,"5.38% $5375.00 $100,000.00 $105,000.00 1/05/2008 None Ca D 6/15/2025 1060.3329 $94.31 Suspended!","3/31, 6/30, 9/30 & 12/31",,,,False,"OTOTCn | OTOTCps | 5.38% | $5375.00 | $100,000.00 | $105,000.00 | 1/05/2008 | None | Ca | D | 6/15/2025 | 1060.3329 | $94.31 | Suspended! | 3/31, 6/30, 9/30 & 12/31 | YES",,2026-08-21T19:55:30Z
FORFF,True,"Fortis, Inc 4.90% Cumulative Redeemable First Preference Shares Series F",Traditional Preferred Stock,PREFERRED,FTS,349553867,OTOTC,CAD,True,False,FIXED,4.9,25.0,,12/01/2011,,,,,,,4.90% $1.225 $25.00 $25.00 12/01/2015 None NR BBB,"3/1, 6/1, 9/1 & 12/1",8/16/2023,,,False,"OTOTCn | OTOTCps | 4.90% | $1.225 | $25.00 | $25.00 | 12/01/2015 | None | NR | BBB | 8/16/2023 | 3/1, 6/1, 9/1 & 12/1 | No",,2026-08-21T19:55:31Z
FOSLL,True,"Fossil Group, Inc 7.00% Senior Notes Due 11/30/2026",Exchange-Traded Debt Security,BABY_BOND,FOSL,34988V304,NGS,USD,,False,FIXED,7.0,25.0,1.75,11/30/2025,25.0,11/30/2026,,,,,NR CCC,"2/28, 5/31, 8/31 & 11/30",4/18/2025,,,False,"NGS | 7.00% | $1.75 | $25.00 | $25.00 | 11/30/2025 | 11/30/2026 | NR | CCC | 4/18/2025 | 2/28, 5/31, 8/31 & 11/30 | No",,2026-08-21T19:55:32Z
FOUR-A,True,"Shift4 Payments, 6.00% Series A Mandatory Convertible Preferred Stock",Mandatory Convertible Security,PREFERRED,FOUR,82452J307,NYSE,USD,True,True,MAND_CONVERT,6.0,100.0,6.0,,100.0,,,,,,Not Callable 5/21/2028 NR NR 5/02/2025 1.2224@$102.25+ 0.9780@$81.81-,"2/1, 5/3, 8/1 & 11/1",,,,False,"NYSE | 6.00% | $6 | $100.00 | $100.00 | Not Callable | 5/21/2028 | NR NR | 5/02/2025 | 1.2224@$102.25+ | 0.9780@$81.81- | 2/1, 5/3, 8/1 & 11/1 | YES",,2026-08-21T19:55:34Z
FRCCL,True,"First Republic Bank, 4.50% Dep Shares Non-Cumul Perp Series N Preferred Stock",Traditional Preferred Stock,PREFERRED,FRCB,33616C696,OTOTC,USD,False,True,FIXED,4.5,25.0,,12/31/2026,,,,,,,4.50% $1.125 $25.00 $25.00 12/31/2026 None NR NR 6/15/2025 Suspended!,"1/30, 4/30, 7/30 & 10/30",,FRC-N,5/02/2023,False,"OTOTCn | OTOTCps | 4.50% | $1.125 | $25.00 | $25.00 | 12/31/2026 | None | NR NR | 6/15/2025 | Suspended! | 1/30, 4/30, 7/30 & 10/30 | YES",,2026-08-21T19:55:35Z
FRCHL,True,"First Republic Bank, 5.125% Dep Shares Non-Cumul Perp Series H Preferred Stock",Traditional Preferred Stock,PREFERRED,FRCB,33616C811,OTOTC,USD,False,True,FIXED,5.125,25.0,,6/30/2022,,,,,,,5.13% $1.28 $25.00 $25.00 6/30/2022 None WR NR 6/15/2025 Suspended!,"3/30, 6/30, 9/30 & 12/30",,FRC-H,5/02/2023,False,"OTOTCn | OTOTCps | 5.13% | $1.28 | $25.00 | $25.00 | 6/30/2022 | None | WR | NR | 6/15/2025 | Suspended! | 3/30, 6/30, 9/30 & 12/30 | YES",,2026-08-21T19:55:37Z
FRCIL,True,"First Republic Bank, 5.50% Dep Shares Non-Cumul Perp Series I Preferred Stock",Traditional Preferred Stock,PREFERRED,FRCB,336158803,OTOTC,USD,False,True,FIXED,5.5,25.0,,6/30/2023,,,,,,,5.50% $1.38 $25.00 $25.00 6/30/2023 None WR NR 6/15/2025 Suspended!,"3/30, 6/30, 9/30 & 12/30",,FRC-I,5/02/2023,False,"OTOTCn | OTOTCps | 5.50% | $1.38 | $25.00 | $25.00 | 6/30/2023 | None | WR | NR | 6/15/2025 | Suspended! | 3/30, 6/30, 9/30 & 12/30 | YES",,2026-08-21T19:55:38Z
FRCJL,True,"First Republic Bank, 4.70% Dep Shares Non-Cumul Perp Series J Preferred Stock",Traditional Preferred Stock,PREFERRED,FRCB,33616C787,OTOTC,USD,False,True,FIXED,4.7,25.0,,12/31/2024,,,,,,,4.70% $1.18 $25.00 $25.00 12/31/2024 None WR NR 6/15/2025 Suspended!,"1/30, 4/30, 7/30 & 10/30",,FRC-J,5/02/2023,False,"OTOTCn | OTOTCps | 4.70% | $1.18 | $25.00 | $25.00 | 12/31/2024 | None | WR | NR | 6/15/2025 | Suspended! | 1/30, 4/30, 7/30 & 10/30 | YES",,2026-08-21T19:55:39Z
FRCKL,True,"First Republic Bank, 4.125% Dep Shares Non-Cumul Perp Series K Preferred Stock",Traditional Preferred Stock,PREFERRED,FRCB,33616C761,OTOTC,USD,False,True,FIXED,4.125,25.0,,10/30/2025,,,,,,,4.13% $1.03125 $25.00 $25.00 10/30/2025 None WR NR 6/15/2025 Suspended!,"1/30, 4/30, 7/30 & 10/30",,FRC-K,5/02/2023,False,"OTOTCn | OTOTCps | 4.13% | $1.03125 | $25.00 | $25.00 | 10/30/2025 | None | WR | NR | 6/15/2025 | Suspended! | 1/30, 4/30, 7/30 & 10/30 | YES",,2026-08-21T19:55:41Z
FRCLL,True,"First Republic Bank, 4.25% Dep Shares Non-Cumul Perp Series L Preferred Stock",Traditional Preferred Stock,PREFERRED,FRCB,33616C746,OTOTC,USD,False,True,FIXED,4.25,25.0,,03/30/2026,,,,,,,4.25% $1.0625 $25.00 $25.00 3/30/2026 None WL NR 6/15/2025 Suspended!,"1/30, 4/30, 7/30 & 10/30",,FRC-L,5/02/2023,False,"OTOTCn | OTOTCps | 4.25% | $1.0625 | $25.00 | $25.00 | 3/30/2026 | None | WL NR | 6/15/2025 | Suspended! | 1/30, 4/30, 7/30 & 10/30 | YES",,2026-08-21T19:55:42Z
FRCML,True,"First Republic Bank, 4.0% Dep Shares Non-Cumul Perp Series M Preferred Stock",Traditional Preferred Stock,PREFERRED,FRCB,33616C720,OTOTC,USD,False,True,FIXED,4.0,25.0,,08/30/2026,,,,,,,4.00% $1 $25.00 $25.00 8/30/2026 None WR NR 6/15/2025 Suspended!,"1/30, 4/30, 7/30 & 10/30",,FRC-M,5/02/2023,False,"OTOTCn | OTOTCps | 4.00% | $1 | $25.00 | $25.00 | 8/30/2026 | None | WR | NR | 6/15/2025 | Suspended! | 1/30, 4/30, 7/30 & 10/30 | YES",,2026-08-21T19:55:44Z
FREGP,True,"Freddie Mac, 5.81% Non-Cumulative Preferred",Traditional Preferred Stock,PREFERRED,FMCC,313400889,OTCBB,USD,False,False,FIXED,5.81,50.0,,10/27/1998,,,,,,,5.81% $2.905 $50.00 $50.00 N/A None Ca D 2/20/2024 Suspended!,"3/31, 6/30, 9/30 & 12/31",,,,False,"OTCBBn | OTCBBps | 5.81% | $2.905 | $50.00 | $50.00 | N/A | None | Ca | D | 2/20/2024 | Suspended! | 3/31, 6/30, 9/30 & 12/31 | No",,2026-08-21T19:55:45Z
FREJP,True,"Freddie Mac, 5.30% Non-Cumulative Perpetual Preferred Stock",Traditional Preferred Stock,PREFERRED,FMCC,313400822,OTCBB,USD,False,True,FIXED,5.3,50.0,,10/30/2000,,,,,,,5.30% $2.65 $50.00 $50.00 10/30/2000 None Ca D 2/20/2024 Suspended!,"3/31, 6/30, 9/30 & 12/31",,,,False,"OTCBBn | OTCBBps | 5.30% | $2.65 | $50.00 | $50.00 | 10/30/2000 | None | Ca | D | 2/20/2024 | Suspended! | 3/31, 6/30, 9/30 & 12/31 | YES",,2026-08-21T19:55:47Z
FRMEP,True,First Merchants Corp. 7.50% Dep Shares Non-Cumulative Preferred Stock Series A,Traditional Preferred Stock,PREFERRED,FRME,320817208,NGS,USD,False,True,FIXED,7.5,25.0,1.875,8/15/2025,25.0,,,,,,NR NF,"2/15, 5/15, 8/15 & 11/15",11/30/2025,LEVLP,4/01/2022,False,"NGS | 7.50% | $1.875 | $25.00 | $25.00 | 8/15/2025 | None | NR NF | 11/30/2025 | 2/15, 5/15, 8/15 & 11/15 | YES",,2026-08-21T19:55:48Z
FRT-C,True,"Federal Realty Investment Trust, 5.00% Dep Shares Series C Cumul Red Prfd Shares",Traditional Preferred Stock,PREFERRED,FRT,313747701,NYSE,USD,True,False,FIXED,5.0,25.0,1.25,9/29/2022,25.0,,,,,,Baa2 BBB-,"1/15, 4/15, 7/15 & 10/15",4/21/2025,FDDRP,10/06/2017,False,"NYSE | 5.00% | $1.25 | $25.00 | $25.00 | 9/29/2022 | None | Baa2 | BBB- | 4/21/2025 | 1/15, 4/15, 7/15 & 10/15 | No",,2026-08-21T19:55:49Z
FTAIM,True,FTAI Aviation Ltd Reset Rate Cumulative Series D Preferred Shares,Traditional Preferred Stock,PREFERRED,FTAI,G3730V147,NGS,USD,True,False,RESET,9.5,25.0,2.375,6/15/2028,25.0,,,516.2,,,NR NR,"3/15, 6/15, 9/15 & 12/15",4/20/2025,FTVTP,3/16/2023,False,"NGS | Reset Rate | $2.375 | $25.00 | $25.00 | 6/15/2028 | None | NR NR | 4/20/2025 | 3/15, 6/15, 9/15 & 12/15 | No",reference_rate,2026-08-21T19:55:51Z
FTAIN,True,FTAI Aviation Ltd Reset Rate Cumulative Series C Preferred Shares,Traditional Preferred Stock,PREFERRED,FTAI,G3730V139,NGS,USD,True,False,RESET,8.25,25.0,2.0625,06/15/2026,25.0,,,737.8,,,Called for 6/15/2026 None NR NR,"3/15, 6/15, 9/15 & 12/15",12/31/2023,FTAI-C,4/26/2022,False,"NGS | Reset Rate | $2.0625 | $25.00 | $25.00 | Called for | 6/15/2026 | None | NR NR | 12/31/2023 | 3/15, 6/15, 9/15 & 12/15 | No",reference_rate,2026-08-21T19:55:52Z
FTAIO,True,FTAI Aviation Ltd. 8.0% Fix/Float Series B Cumulative Preferred Shares,Traditional Preferred Stock,PREFERRED,FTAI,G3730V121,NGS,USD,True,False,FIX_TO_FLOAT,8.0,25.0,2.0,12/15/2024,25.0,,3M_LIBOR,,,12/15/2024,Called for 2/16/2025 None NF NF,"3/15, 6/15, 9/15 & 12/15",12/31/2023,FTAI-B,4/26/2022,True,"NGS | FixFloat | $2.00 | $25.00 | $25.00 | Called for | 2/16/2025 | None | NF NF | 12/31/2023 | 3/15, 6/15, 9/15 & 12/15 | No",float_spread_bps,2026-08-21T19:55:54Z
FTAIP,True,FTAI Aviation Ltd 8.25% Fix/Float Series A Cumulative Preferred Shares,Traditional Preferred Stock,PREFERRED,FTAI,G3730V113,NGS,USD,True,False,FIX_TO_FLOAT,8.25,25.0,2.06,9/15/2024,25.0,,3M_LIBOR,,,9/15/2024,Called for 10/30/2024 None NF NF,"3/15, 6/15, 9/15 & 12/15",12/31/2023,FTAI-A,4/26/2022,True,"NGS | FixFloat | $2.06 | $25.00 | $25.00 | Called for | 10/30/2024 | None | NF NF | 12/31/2023 | 3/15, 6/15, 9/15 & 12/15 | No",float_spread_bps,2026-08-21T19:55:56Z
FTBXL,True,"Fifth Third Bancorp, 5.10% Dep Shares Fix/Float Non-cumul Pfd Stock Series H",Traditional Preferred Stock,PREFERRED,FITB,316773CM0,TRACE,USD,False,True,FIXED,5.1,1000.0,1000.0,6/30/2023,,,,,,,Baa3 BB+,6/30 & 12/31,12/31/2023,,,False,"FixFloat | $51.00 | $1,000.00 | $1,000.00 | 6/30/2023 | None | Baa3 | BB+ | 12/31/2023 | 6/30 & 12/31 | YES",,2026-08-21T19:55:57Z
FTRSF,True,"Fortis, Inc. Reset Rate Cumulative First Preference Shares, Series G",Traditional Preferred Stock,PREFERRED,FTS,349553834,OTOTC,CAD,True,False,FIXED,,25.0,,,,,,,,,Reset Rate $1.53075 $25.00 $25.00 9/01/2013 None NR NR,"3/1, 6/1, 9/1 & 12/1",8/16/2023,,,False,"OTOTCn | OTOTCps | Reset Rate | $1.53075 | $25.00 | $25.00 | 9/01/2013 | None | NR NR | 8/16/2023 | 3/1, 6/1, 9/1 & 12/1 | No",coupon_pct,2026-08-21T19:55:58Z
FULTP,True,"Fulton Financial Corp 5.125% Dep Shares Non-Cumul Preferred Stock, Series A",Traditional Preferred Stock,PREFERRED,FULT,360271308,NGS,USD,False,True,FIXED,5.125,25.0,1.28125,1/15/2026,25.0,,,,,,Ba1 NF,"1/15, 4/15, 7/15 & 10/15",12/08/2023,FULPP,11/03/2020,False,"NGS | 5.13% | $1.28125 | $25.00 | $25.00 | 1/15/2026 | None | Ba1 | NF | 12/08/2023 | 1/15, 4/15, 7/15 & 10/15 | YES",,2026-08-21T19:56:00Z
GAB-G,True,"Gabelli Equity Trust, 5.00%/6.00% Series G Cumulative Preferred Stock",Traditional Preferred Stock,PREFERRED,GAB,362397176,NYSE,USD,True,,FIXED,5.0,25.0,1.25,8/01/2017,25.0,,,,,,A1 NF 12/31/2023 Variable,"3/26, 6/26, 9/26 & 12/26",,,,False,"NYSE | 5.00% | $1.25 | $25.00 | $25.00 | 8/01/2017 | None | A1 | NF | 12/31/2023 | 3/26, 6/26, 9/26 & 12/26 | Variable",qdi_eligible,2026-08-21T19:56:01Z
GAB-H,True,"Gabelli Equity Trust, 5.00% Series H Cumulative Preferred Stock",Traditional Preferred Stock,PREFERRED,GAB,362397861,NYSE,USD,True,,FIXED,5.0,25.0,1.25,9/28/2017,25.0,,,,,,A1 NF 10/09/2023 Variable,"3/26, 6/26, 9/26 & 12/26",,GBEEP,10/03/2012,False,"NYSE | 5.00% | $1.25 | $25.00 | $25.00 | 9/28/2017 | None | A1 | NF | 10/09/2023 | 3/26, 6/26, 9/26 & 12/26 | Variable",qdi_eligible,2026-08-21T19:56:02Z
GAB-K,True,"Gabelli Equity Trust, 5.00% Series K Cumulative Preferred Stock",Traditional Preferred Stock,PREFERRED,GAB,362397846,NYSE,USD,True,,FIXED,5.0,25.0,1.25,12/16/2024,25.0,,,,,,A1 NF 12/31/2023 Variable,"3/26, 6/26, 9/26 & 12/26",,GBLQP,12/18/2019,False,"NYSE | 5.00% | $1.25 | $25.00 | $25.00 | 12/16/2024 | None | A1 | NF | 12/31/2023 | 3/26, 6/26, 9/26 & 12/26 | Variable",qdi_eligible,2026-08-21T19:56:04Z
GAING,True,Gladstone Investment Corp 7.125% Notes due 05/01/2031,Exchange-Traded Debt Security,BABY_BOND,GAIN,376546859,NGS,USD,,False,FIXED,7.125,25.0,1.78125,5/01/2028,25.0,5/01/2031,,,,,NR NR,"2/1, 5/1, 8/1 & 11/1",2/11/2026,,,False,"NGS | 7.13% | $1.78125 | $25.00 | $25.00 | 5/01/2028 | 5/01/2031 | NR NR | 2/11/2026 | 2/1, 5/1, 8/1 & 11/1 | No",,2026-08-21T19:56:05Z
GAINI,True,Gladstone Investment Corp 7.875% Notes Due 12/01/2030,Exchange-Traded Debt Security,BABY_BOND,GAIN,376546867,NGS,USD,,False,FIXED,7.875,25.0,1.96875,2/01/2027,25.0,2/01/2030,,,,,NR NR,"2/1, 5/1, 8/1 & 11/1",12/11/2024,,,False,"NGS | 7.88% | $1.96875 | $25.00 | $25.00 | 2/01/2027 | 2/01/2030 | NR NR | 12/11/2024 | 2/1, 5/1, 8/1 & 11/1 | No",,2026-08-21T19:56:07Z
GAINL,True,Gladstone Investment Corp. 8.00% Notes Due 8/1/2028,Exchange-Traded Debt Security,BABY_BOND,GAIN,376546875,NGS,USD,,False,FIXED,8.0,25.0,2.0,8/01/2025,25.0,8/01/2028,,,,,NR NR,"2/1, 5/1, 8/1 & 11/1",5/25/2023,,,False,"NGS | 8.00% | $2 | $25.00 | $25.00 | 8/01/2025 | 8/01/2028 | NR NR | 5/25/2023 | 2/1, 5/1, 8/1 & 11/1 | No",,2026-08-21T19:56:08Z
GAINN,True,Gladstone Investment Corp. 5.00% Notes Due 5/1/2026,Exchange-Traded Debt Security,BABY_BOND,GAIN,376546800,NGS,USD,,False,FIXED,5.0,25.0,1.25,5/03/2023,25.0,5/01/2026,,,,,NF NF,"2/1, 5/1, 8/1 & 11/1",6/15/2025,,,False,"NGS | 5.00% | $1.25 | $25.00 | $25.00 | 5/03/2023 | 5/01/2026 | NF NF | 6/15/2025 | 2/1, 5/1, 8/1 & 11/1 | No",,2026-08-21T19:56:10Z
GAINZ,True,Gladstone Investment Corp. 4.875% Notes Due 11/01/2028,Exchange-Traded Debt Security,BABY_BOND,GAIN,376546883,NGS,USD,,False,FIXED,4.875,25.0,1.21875,11/01/2023,25.0,11/01/2028,,,,,NF NF,"2/1, 5/1, 8/1 & 11/1",6/15/2025,,,False,"NGS | 4.88% | $1.21875 | $25.00 | $25.00 | 11/01/2023 | 11/01/2028 | NF NF | 6/15/2025 | 2/1, 5/1, 8/1 & 11/1 | No",,2026-08-21T19:56:11Z
GAM-B,True,"General American Investors, 5.95% Cumulative Preferred Stock, Series B",Traditional Preferred Stock,PREFERRED,GAM,368802401,NYSE,USD,True,,FIXED,5.95,25.0,1.49,9/24/2008,25.0,,,,,,A1 NF 11/30/2025 Variable,"3/24, 6/24, 9/24 & 12/24",,,,False,"NYSE | 5.95% | $1.49 | $25.00 | $25.00 | 9/24/2008 | None | A1 | NF | 11/30/2025 | 3/24, 6/24, 9/24 & 12/24 | Variable",qdi_eligible,2026-08-21T19:56:12Z
GDL-C,True,"GDL Fund, 4.00% Ser C Cumul Puttable and Callable Preferred Shares Due 3/26/2025",Traditional Preferred Stock,PREFERRED,GDL,361570401,NYSE,USD,True,,RESET,4.0,50.0,2.0,3/26/2021,50.0,3/26/2025,,,,,NF NF 5/21/2023 Variable,"3/26, 6/26, 9/26 & 12/26",,,,False,"NYSE | Reset Rate | $2.00 | $50.00 | $50.00 | 3/26/2021 | 3/26/2025 | NF NF | 5/21/2023 | 3/26, 6/26, 9/26 & 12/26 | Variable",qdi_eligible;reference_rate;float_spread_bps,2026-08-21T19:56:14Z
GDV-H,True,"Gabelli Dividend & Income Trust, 5.375% Series H Cumul Preferred Shares",Traditional Preferred Stock,PREFERRED,GDV,36242H880,NYSE,USD,,,FIXED,5.375,25.0,1.34,6/07/2024,25.0,,,,,,Aa3 NF 12/31/2023 Variable,"3/26, 6/26, 9/26 & 12/26",,GDVVP,6/12/2019,False,"NYSE | 5.38% | $1.34 | $25.00 | $25.00 | 6/07/2024 | None | Aa3 | NF | 12/31/2023 | 3/26, 6/26, 9/26 & 12/26 | Variable",qdi_eligible;cumulative,2026-08-21T19:56:15Z
GDV-K,True,"Gabelli Dividend & Income Trust, 4.25% Series K Cumulative Preferred Shares",Traditional Preferred Stock,PREFERRED,GDV,36242H864,NYSE,USD,True,,FIXED,4.25,25.0,1.0625,10/07/2026,25.0,,,,,,Aa3 NR 4/18/2025 Variable,"3/26, 6/26, 9/26 & 12/26",,GDVKP,10/11/2021,False,"NYSE | 4.25% | $1.0625 | $25.00 | $25.00 | 10/07/2026 | None | Aa3 | NR | 4/18/2025 | 3/26, 6/26, 9/26 & 12/26 | Variable",qdi_eligible,2026-08-21T19:56:17Z
GEAPO,True,"General Electric Capital Corp., 5.25% Fixed/Float Non-cum Preferred Stk Series C",Traditional Preferred Stock,PREFERRED,GE,369622ST3,TRACE,USD,False,True,FIX_TO_FLOAT,5.25,100000.0,100000.0,6/15/2023,,,3M_LIBOR,296.7,,,WR NR,6/15 & 12/15,4/21/2024,,,False,"FixFloat | $5250.00 | $100,000.00 | $100,000.00 | 6/15/2023 | None | WR | NR | 4/21/2024 | 6/15 & 12/15 | YES",,2026-08-21T19:56:18Z
GEAPP,True,"General Electric Capital Corp., 6.25% Fixed/Float Non-cum Preferred Stk Series B",Traditional Preferred Stock,PREFERRED,GE,369622SP1,TRACE,USD,False,True,FIXED,6.25,100000.0,100000.0,12/15/2022,,,,,,,WR NF,6/15 & 12/15,4/21/2024,,,False,"FixFloat | $6250.00 | $100,000.00 | $100,000.00 | 12/15/2022 | None | WR | NF | 4/21/2024 | 6/15 & 12/15 | YES",,2026-08-21T19:56:20Z
GECCG,True,Great Elm Capital Corp 7.75% Notes due 12/31/2030,Exchange-Traded Debt Security,BABY_BOND,GECC,390320869,NGM,USD,,False,FIXED,7.75,25.0,1.9375,12/31/2027,25.0,12/31/2030,,,,,NR NR,"3/31, 6/30, 9/30 & 12/31",9/05/2025,,,False,"NGM | 7.75% | $1.9375 | $25.00 | $25.00 | 12/31/2027 | 12/31/2030 | NR NR | 9/05/2025 | 3/31, 6/30, 9/30 & 12/31 | No",,2026-08-21T19:56:21Z
GECCH,True,Great Elm Capital Corp. 8.125% Notes Due 12/312029,Exchange-Traded Debt Security,BABY_BOND,GECC,390320877,NGM,USD,,False,FIXED,8.125,25.0,2.03125,12/31/2026,25.0,12/31/2029,,,,,NR NR,"3/31, 6/30, 9/30 & 12/31",9/13/2024,,,False,"NGM | 8.13% | $2.03125 | $25.00 | $25.00 | 12/31/2026 | 12/31/2029 | NR NR | 9/13/2024 | 3/31, 6/30, 9/30 & 12/31 | No",,2026-08-21T19:56:23Z
GECCI,True,Great Elm Capital Corp 8.50% Notes due 04/30/2029,Exchange-Traded Debt Security,BABY_BOND,GECC,390320885,NGM,USD,,False,FIXED,8.5,25.0,2.125,4/30/2026,25.0,4/30/2029,,,,,NF NF,"3/31, 6/30, 9/30 & 12/31",4/11/2024,,,False,"NGM | 8.50% | $2.125 | $25.00 | $25.00 | 4/30/2026 | 4/30/2029 | NF NF | 4/11/2024 | 3/31, 6/30, 9/30 & 12/31 | No",,2026-08-21T19:56:24Z
GECCO,True,"Great Elm Capital Corp., 5.875% Notes due 6/302026",Exchange-Traded Debt Security,BABY_BOND,GECC,390320604,NGM,USD,,False,FIXED,5.875,25.0,1.46875,6/30/2023,25.0,6/30/2026,,,,,NF NF,"3/31, 6/30, 9/30 & 12/31",4/21/2025,,,False,"NGM | 5.88% | $1.46875 | $25.00 | $25.00 | 6/30/2023 | 6/30/2026 | NF NF | 4/21/2025 | 3/31, 6/30, 9/30 & 12/31 | No",,2026-08-21T19:56:26Z
GECCZ,True,"Great Elm Capital Corp, 8.75% Notes Due 09/30/2028",Exchange-Traded Debt Security,BABY_BOND,GECC,390320802,NCM,USD,,False,FIXED,8.75,25.0,2.1875,09/30/2025,25.0,,,,,,Called for 9/30/2025 9/30/2028 NR NR,"3/31, 6/30, 9/30 & 12/31",8/10/2023,,,False,"NCM | 8.75% | $2.1875 | $25.00 | $25.00 | Called for | 9/30/2025 | 9/30/2028 | NR NR | 8/10/2023 | 3/31, 6/30, 9/30 & 12/31 | No",,2026-08-21T19:56:27Z
GEGGL,True,"Great Elm Group, Inc. 7.25% Notes due 06/30/2027",Exchange-Traded Debt Security,BABY_BOND,GEG,39037G208,NCM,USD,,False,FIXED,7.25,25.0,1.8125,6/30/2024,25.0,6/30/2027,,,,,NR NR,"3/31, 6/30, 9/30 & 12/31",4/15/2025,,,False,"NCM | 7.25% | $1.8125 | $25.00 | $25.00 | 6/30/2024 | 6/30/2027 | NR NR | 4/15/2025 | 3/31, 6/30, 9/30 & 12/31 | No",,2026-08-21T19:56:29Z
GGN-B,True,"GAMCO Global Gold, Nat Res & Inc Trust, 5% Series B Cumul Preferred Shares",Traditional Preferred Stock,PREFERRED,GGN,36465A307,AMEX,USD,True,False,FIXED,5.0,25.0,1.25,5/07/2018,25.0,,,,,,A2 NF,"3/26, 6/26, 9/26 & 12/26",6/15/2025,,,False,"AMEX | 5.00% | $1.25 | $25.00 | $25.00 | 5/07/2018 | None | A2 | NF | 6/15/2025 | 3/26, 6/26, 9/26 & 12/26 | No",,2026-08-21T19:56:31Z
GGT-E,True,"Gabelli Multimedia Trust, 5.125% Series E Cumulative Preferred Shares",Traditional Preferred Stock,PREFERRED,GGT,36239Q505,NYSE,USD,True,,FIXED,5.125,25.0,1.28,9/26/2022,25.0,,,,,,A3 NF 4/21/2024 Variable,"3/26, 6/26, 9/26 & 12/26",,GBBLP,9/29/2017,False,"NYSE | 5.13% | $1.28 | $25.00 | $25.00 | 9/26/2022 | None | A3 | NF | 4/21/2024 | 3/26, 6/26, 9/26 & 12/26 | Variable",qdi_eligible,2026-08-21T19:56:32Z
GGT-G,True,"Gabelli Multimedia Trust, 5.125% Series G Cumulative Preferred Shares",Traditional Preferred Stock,PREFERRED,GGT,36239Q604,NYSE,USD,True,,FIXED,5.125,25.0,1.28,12/20/2024,25.0,,,,,,A3 NR 4/21/2024 Variable,"3/26, 6/26, 9/26 & 12/26",,GABGP,12/24/2019,False,"NYSE | 5.13% | $1.28 | $25.00 | $25.00 | 12/20/2024 | None | A3 | NR | 4/21/2024 | 3/26, 6/26, 9/26 & 12/26 | Variable",qdi_eligible,2026-08-21T19:56:33Z
GJH,True,"Synthetic Fixed-Income Sec STRATS 2004-06, 6.375% US Cellular Corp.",Third Party Trust Preferred,TP,AD,86311Q204,NYSE,USD,,False,FIXED,6.375,10.0,0.64,4/21/2009,10.0,12/15/2033,,,,,NR BB,6/15 & 12/15,4/20/2025,,,False,NYSE | 6.38% | $0.64 | $10.00 | $10.00 | 4/21/2009 | 12/15/2033 | NR | BB | 4/20/2025 | 6/15 & 12/15 | No,cumulative,2026-08-21T19:56:35Z
GJO,True,"Synthetic Fixed-Income Sec STRATS 2005-04, Float Rate Wal-Mart Stores",Third Party Trust Preferred,TP,WMT,86312E200,NYSE,USD,,False,VARIABLE,,,,,,,3M_LIBOR,50.0,,,$25.00 N/A Not Callable 2/15/2030 NF NR 8/15/2024 15th day of each month,,,,,False,NYSE | Variable | n.a. | $25.00 | N/A | Not Callable | 2/15/2030 | NF NR | 8/15/2024 | 15th day of each month | No,cumulative;coupon_pct;par,2026-08-21T19:56:36Z
GJP,True,"Synthetic Fixed-Income Sec STRATS 2005-06, Float Rate Dominion Energy, Inc.",Third Party Trust Preferred,TP,D,78478P889,NYSE,USD,,False,FIX_TO_FLOAT,,,,,,,,115.0,,,$25.00 $25.00 Any time 6/15/2035 NF NF 5/26/2025 15th day of each month,,,,,False,NYSE | FixFloat | n.a. | $25.00 | $25.00 | Any time | 6/15/2035 | NF NF | 5/26/2025 | 15th day of each month | No,cumulative;coupon_pct;par;reference_rate,2026-08-21T19:56:38Z
GJR,True,"Synthetic Fixed-Income Sec STRATS 2006-01, Float Rate Procter & Gamble",Third Party Trust Preferred,TP,PG,863121208,NYSE,USD,,False,FIX_TO_FLOAT,,,,,,,,70.0,,,$25.00 $25.00 Any Time 8/15/2034 NF NF 4/18/2025 15th day of each month,,,,,False,NYSE | FixFloat | n.a. | $25.00 | $25.00 | Any Time | 8/15/2034 | NF NF | 4/18/2025 | 15th day of each month | No,cumulative;coupon_pct;par;reference_rate,2026-08-21T19:56:39Z
GJS,True,"Synthetic Fixed-Income Sec STRATS 2006-02, Float Rate Goldman Sachs Group",Third Party Trust Preferred,TP,GS,86311R301,NYSE,USD,,False,FIX_TO_FLOAT,,,,,,,,90.0,,,$25.00 $25.00 Any Time 2/15/2033 NF NF 6/15/2025 15th day of each month,,,,,False,NYSE | FixFloat | n.a. | $25.00 | $25.00 | Any Time | 2/15/2033 | NF NF | 6/15/2025 | 15th day of each month | No,cumulative;coupon_pct;par;reference_rate,2026-08-21T19:56:41Z
GJT,True,"Synthetic Fixed-Income Sec STRATS 2006-03, Float Rate Allstate Corp.",Third Party Trust Preferred,TP,ALL,86310N202,NYSE,USD,,False,FIX_TO_FLOAT,,,,,,,,80.0,,,$25.00 $25.00 Any Time 4/01/2036 NF NF 6/15/2025 1st day of each month.,,,GJS,,False,NYSE | FixFloat | n.a. | $25.00 | $25.00 | Any Time | 4/01/2036 | NF NF | 6/15/2025 | 1st day of each month. | No,cumulative;coupon_pct;par;reference_rate,2026-08-21T19:56:42Z
GL-D,True,Globe Life Inc. 4.250% Junior Subordinated Debentures Due 6/15/2061,Exchange-Traded Debt Security,BABY_BOND,GL,37959E300,NYSE,USD,,False,FIXED,4.25,25.0,1.0625,6/15/2026,25.0,6/15/2061,,,,,Baa2 BBB+,"3/15, 6/15, 9/15 & 12/15",4/21/2024,,,False,"NYSE | 4.25% | $1.0625 | $25.00 | $25.00 | 6/15/2026 | 6/15/2061 | Baa2 | BBB+ | 4/21/2024 | 3/15, 6/15, 9/15 & 12/15 | No",,2026-08-21T19:56:44Z
GLADZ,True,Gladstone Capital Corp 7.75% Notes due 9/1/2028,Exchange-Traded Debt Security,BABY_BOND,GLAD,376535886,NGS,USD,,False,FIXED,7.75,25.0,1.9375,09/01/2025,25.0,,,,,,Called for 10/15/2025 9/01/2028 NR NR,"3/1, 6/1, 9/1 & 12/1",8/11/2023,,,False,"NGS | 7.75% | $1.9375 | $25.00 | $25.00 | Called for | 10/15/2025 | 9/01/2028 | NR NR | 8/11/2023 | 3/1, 6/1, 9/1 & 12/1 | No",,2026-08-21T19:56:45Z
GLOG-A,True,"GasLog Ltd., 8.75% Series A Cumulative Redeemable Perpetual Preference Shares",Traditional Preferred Stock,PREFERRED,GLOG*,G37585117,NYSE,USD,True,True,FIXED,8.75,25.0,2.19,4/07/2020,25.0,,,,,,NF NF,"1/1, 4/1, 7/1 & 10/1",12/31/2023,GKLGF,4/08/2015,False,"NYSE | 8.75% | $2.19 | $25.00 | $25.00 | 4/07/2020 | None | NF NF | 12/31/2023 | 1/1, 4/1, 7/1 & 10/1 | YES",,2026-08-21T19:56:47Z
GLOP-A,True,"GasLog Partners LP, 8.625% Series A Cumul Red Perp Fixed/Float Preference Units",Traditional Preferred Stock,PREFERRED,GLOP*,Y2687W116,NYSE,USD,True,True,FIX_TO_FLOAT,8.625,25.0,2.16,6/15/2027,25.0,,3M_LIBOR,631.0,,,NF NF,"3/15, 6/15, 9/15 & 12/15",6/15/2025,GSLGF,5/17/2017,False,"NYSE | FixFloat | $2.16 | $25.00 | $25.00 | 6/15/2027 | none | NF NF | 6/15/2025 | 3/15, 6/15, 9/15 & 12/15 | YES",,2026-08-21T19:56:48Z
GLOP-B,True,"GasLog Partners LP, 8.20% Series B Cumul Red Perp Fixed/Float Preference Units",Traditional Preferred Stock,PREFERRED,GLOP*,Y2687W124,NYSE,USD,True,True,FIX_TO_FLOAT,8.2,25.0,2.05,3/15/2023,25.0,,3M_LIBOR,583.9,,,NF NF,"3/15, 6/15, 9/15 & 12/15",6/15/2025,GSLPF,1/19/2018,False,"NYSE | FixFloat | $2.05 | $25.00 | $25.00 | 3/15/2023 | None | NF NF | 6/15/2025 | 3/15, 6/15, 9/15 & 12/15 | YES",,2026-08-21T19:56:49Z
GLOP-C,True,"GasLog Partners LP, 8.50% Series C Cumul Red Perp Fixed/Float Preference Units",Traditional Preferred Stock,PREFERRED,GLOP*,Y2687W132,NYSE,USD,True,True,FIX_TO_FLOAT,8.5,25.0,2.13,3/15/2024,25.0,,3M_LIBOR,531.7,,,NF NF,"3/15, 6/15, 9/15 & 12/15",6/15/2025,GLOUF,11/19/2018,False,"NYSE | 8.50% | $2.13 | $25.00 | $25.00 | 3/15/2024 | None | NF NF | 6/15/2025 | 3/15, 6/15, 9/15 & 12/15 | YES",,2026-08-21T19:56:51Z
GLP-B,True,"Global Partners, 9.50% Series B Fixed Rate Cumulative Red Perp Preferred Units",Traditional Preferred Stock,PREFERRED,GLP,37946R307,NYSE,USD,True,False,FIXED,9.5,25.0,2.375,05/15/2026,25.0,,,,,,Called for 7/30/2026 None NR NR,"2/15, 5/15, 8/15 & 11/15",4/15/2025,GLPRP,3/25/2021,False,"NYSE | 9.50% | $2.375 | $25.00 | $25.00 | Called for | 7/30/2026 | None | NR NR | 4/15/2025 | 2/15, 5/15, 8/15 & 11/15 | No",,2026-08-21T19:56:52Z
GLU-A,True,"Gabelli Global Utility & Income Trust, Series A Cumul Put/Call Preferred Shares",Traditional Preferred Stock,PREFERRED,GLU,36242L204,AMEX,USD,True,,VARIABLE,,50.0,,06/19/2018,,,,,,,$50.00 $50.00 6/19/2018 None NF NF 4/20/2025 Variable,"3/26, 6/26, 9/26, & 12/26",,,,False,"AMEX | Variable | n.a. | $50.00 | $50.00 | 6/19/2018 | None | NF NF | 4/20/2025 | 3/26, 6/26, 9/26, & 12/26 | Variable",qdi_eligible;coupon_pct;reference_rate;float_spread_bps,2026-08-21T19:56:54Z
GLU-B,True,"Gabelli Global Utility & Income Trust, Series B Cumul Put/Call Preferred Shares",Traditional Preferred Stock,PREFERRED,GLU,36242L303,AMEX,USD,True,,FIXED,5.2,50.0,2.6,12/26/2024,50.0,,,,,,NF NF 4/20/2025 Variable,"3/26, 6/26, 9/26, & 12/26",,,,False,"AMEX | 5.20% | $2.6 | $50.00 | $50.00 | 12/26/2024 | None | NF NF | 4/20/2025 | 3/26, 6/26, 9/26, & 12/26 | Variable",qdi_eligible,2026-08-21T19:56:55Z
GMBLP,True,"Esports Entertainment Group, Inc. 10% Series A Cumul Convertible Preferred Stock",Traditional Convertible Preferred Stock,PREFERRED,GMBL,29667K405,OTOTC,USD,True,True,CONVERTIBLE,10.0,11.0,,01/01/2023,,,,,,,10.00% $1 $11.00 $11.00 1/01/2023 N/A NF NF 4/18/2025 N/A $17.50 Suspended! Last day of the Month,,,,,False,OTOTCn | OTOTCps | 10.00% | $1 | $11.00 | $11.00 | 1/01/2023 | N/A | NF NF | 4/18/2025 | N/A | $17.50 | Suspended! | Last day of the Month | YES,,2026-08-21T19:56:57Z
GMLPF,True,"Golar LNG Partners LP, 8.75% Series A Cumulative Redeemable Preferred Units",Traditional Preferred Stock,PREFERRED,NFE,Y2745C110,OTOTC,USD,True,True,FIXED,8.75,25.0,,10/31/2022,,,,,,,8.75% $2.19 $25.00 $25.00 10/31/2022 None NR NR 6/15/2025 Suspended!,"2/15, 5/15, 8/15 & 11/15",,GMLPP,5/21/2021,False,"OTOTCn | OTOTCps | 8.75% | $2.19 | $25.00 | $25.00 | 10/31/2022 | None | NR NR | 6/15/2025 | Suspended! | 2/15, 5/15, 8/15 & 11/15 | YES",,2026-08-21T19:56:58Z
GMRE-A,True,"Chiron Real Estate Inc., 7.50% Series A Cumulative Redeemable Preferred Stock",Traditional Preferred Stock,PREFERRED,XRN,37957W203,NYSE,USD,True,False,FIXED,7.5,25.0,1.88,9/15/2022,25.0,,,,,,NF NF,"1/31, 4/30, 7/31 & 10/31",6/15/2025,GMRE-A,2/23/2026,False,"NYSE | 7.50% | $1.88 | $25.00 | $25.00 | 9/15/2022 | None | NF NF | 6/15/2025 | 1/31, 4/30, 7/31 & 10/31 | No",,2026-08-21T19:57:00Z
GNL-A,True,"Global Net Lease, 7.25% Series A Cumulative Redeemable Preferred Stock",Traditional Preferred Stock,PREFERRED,GNL,379378300,NYSE,USD,True,False,FIXED,7.25,25.0,1.81,9/12/2022,25.0,,,,,,NF NF,"1/15, 4/15, 7/15 & 10/15",6/15/2025,GNLPP,,False,"NYSE | 7.25% | $1.81 | $25.00 | $25.00 | 9/12/2022 | None | NF NF | 6/15/2025 | 1/15, 4/15, 7/15 & 10/15 | No",,2026-08-21T19:57:01Z
GNL-B,True,Global Net Lease 6.875% Series B Cumulative Redeemable Perp Preferred Stock,Traditional Preferred Stock,PREFERRED,GNL,379378409,NYSE,USD,True,False,FIXED,6.875,25.0,1.72,11/26/2024,25.0,,,,,,NF NF,"1/15, 4/15, 7/15 & 10/15",6/15/2025,GBLNP,11/29/2019,False,"NYSE | 6.88% | $1.72 | $25.00 | $25.00 | 11/26/2024 | None | NF NF | 6/15/2025 | 1/15, 4/15, 7/15 & 10/15 | No",,2026-08-21T19:57:03Z
GNL-D,True,"Global Net Lease, Inc. 7.50% Series D Cumul Red Perp Preferred Stock",Traditional Preferred Stock,PREFERRED,GNL,02607T406,NYSE,USD,True,False,FIXED,7.5,25.0,1.88,3/26/2024,25.0,,,,,,NF NF,"1/15, 4/15, 7/15 & 10/15",5/26/2025,RTLPP,9/12/2023,False,"NYSE | 7.50% | $1.88 | $25.00 | $25.00 | 3/26/2024 | None | NF NF | 5/26/2025 | 1/15, 4/15, 7/15 & 10/15 | No",,2026-08-21T19:57:04Z
GNL-E,True,"Global Net Lease, Inc. 7.375% Series E Cumulative Preferred Stock",Traditional Preferred Stock,PREFERRED,GNL,02607T505,NYSE,USD,True,False,FIXED,7.375,25.0,1.84375,12/18/2025,25.0,,,,,,NF NF,"1/15, 4/15, 7/15 & 10/15",4/21/2025,RTLPO,9/13/2023,False,"NYSE | 7.38% | $1.84375 | $25.00 | $25.00 | 12/18/2025 | None | NF NF | 4/21/2025 | 1/15, 4/15, 7/15 & 10/15 | No",,2026-08-21T19:57:06Z
GNT-A,True,GAMCO Natural Resource Gold & Income Trust 5.20% Series A Cumul Preferred Shares,Traditional Preferred Stock,PREFERRED,GNT,36465E200,NYSE,USD,True,,FIXED,5.2,25.0,1.3,10/26/2022,25.0,,,,,,A2 NF 5/21/2023 Variable,"3/26, 6/26, 9/26 & 12/26",,GNGTP,10/30/2017,False,"NYSE | 5.20% | $1.30 | $25.00 | $25.00 | 10/26/2022 | None | A2 | NF | 5/21/2023 | 3/26, 6/26, 9/26 & 12/26 | Variable",qdi_eligible,2026-08-21T19:57:07Z
GOODN,True,"Gladstone Commercial Corp., 6.625% Series E Cumul Redeem Preferred Stock",Traditional Preferred Stock,PREFERRED,GOOD,376536702,NGS,USD,True,False,FIXED,6.625,25.0,1.66,10/04/2024,25.0,,,,,,NF NF,Last business day of the month,5/26/2025,GLSDP,10/04/2019,False,NGS | 6.63% | $1.66 | $25.00 | $25.00 | 10/04/2024 | None | NF NF | 5/26/2025 | Last business day of the month | No,,2026-08-21T19:57:08Z
GOODO,True,Gladstone Commercial Corp 6.00% Series G Cumulative Redeemable Preferred Stock,Traditional Preferred Stock,PREFERRED,GOOD,376536884,NGS,USD,True,False,FIXED,6.0,25.0,1.5,6/28/2026,25.0,,,,,,NF NF 4/21/2025 Last day of the Month,,,GSCCP,6/28/2021,False,NGS | 6.00% | $1.5 | $25.00 | $25.00 | 6/28/2026 | None | NF NF | 4/21/2025 | Last day of the Month | No,,2026-08-21T19:57:10Z
GOOGM,True,Alphabet Inc Dep Shares 6.25% Series A Mandatory Convertible Preferred Stock,Mandatory Convertible Security,PREFERRED,GOOG,02079K404,NGS,USD,True,True,MAND_CONVERT,6.25,50.0,3.125,,,,,,,,N/A Not Callable 5/15/2029 NR NR 6/03/2026 0.1126 @$444.0497+ 0.1408 @ 355.1136-,"2/15, 5/15, 8/15 & 11/15",,GGLAP,6/08/2026,False,"NGS | 6.25% | $3.125 | $50.00 | N/A | Not Callable | 5/15/2029 | NR NR | 6/03/2026 | 0.1126 @$444.0497+ | 0.1408 @ 355.1136- | 2/15, 5/15, 8/15 & 11/15 | YES",,2026-08-21T19:57:11Z
GOOGN,True,Alphabet Inc Dep Shares 6.25% Series B Mandatory Convertible Preferred Stock,Mandatory Convertible Security,PREFERRED,GOOG,02079K701,NGS,USD,True,True,MAND_CONVERT,6.25,50.0,3.125,,,,,,,,N/A Not Callable 5/15/2029 NR NR 6/03/2026 0.1137 @$439.7537+ 0.1421@351.8649-,"2/15, 5/15, 8/15 & 11/15",,GGLBP,6/08/2026,False,"NGS | 6.25% | $3.125 | $50.00 | N/A | Not Callable | 5/15/2029 | NR NR | 6/03/2026 | 0.1137 @$439.7537+ | 0.1421@351.8649- | 2/15, 5/15, 8/15 & 11/15 | YES",,2026-08-21T19:57:13Z
GPJA,True,"Georgia Power Co., 5.00% Series 2017A Junior Subordinated Notes due 10/1/2077",Exchange-Traded Debt Security,BABY_BOND,SO,373334440,NYSE,USD,,False,FIXED,5.0,25.0,1.25,10/01/2022,25.0,10/01/2077,,,,,Baa1 BBB+,"1/1, 4/1, 7/1 & 10/1",4/20/2025,,,False,"NYSE | 5.00% | $1.25 | $25.00 | $25.00 | 10/01/2022 | 10/01/2077 | Baa1 | BBB+ | 4/20/2025 | 1/1, 4/1, 7/1 & 10/1 | No",,2026-08-21T19:57:14Z
GPMT-A,True,"Granite Point Mortgage Trust, Inc. 7.0% Ser A Fix/Float Cumul Prrd Stock",Traditional Preferred Stock,PREFERRED,GPMT,38741L305,NYSE,USD,True,False,FIX_TO_FLOAT,7.0,25.0,1.75,11/30/2026,25.0,,3M_SOFR,583.0,7.0,01/15/2027,NF NF,"1/15, 4/15, 7/15 & 10/15",4/18/2025,GPMTP,12/02/2021,False,"NYSE | 7.00% | $1.75 | $25.00 | $25.00 | 11/30/2026 | None | NF NF | 4/18/2025 | 1/15, 4/15, 7/15 & 10/15 | No",,2026-08-21T19:57:16Z
GPUS-D,True,"Hyperscale Data, Inc 13.00% Series D Cumulative Redeemable Preferred Stock",Traditional Preferred Stock,PREFERRED,GPUS,09175M200,AMEX,USD,True,False,FIXED,13.0,25.0,3.25,,25.5,,,,,,Anytime None NF NF 3/19/2024 Last day of the month,,,AULT-D,9/06/2024,False,AMEX | 13.00% | $3.25 | $25.00 | $25.50 | Anytime | None | NF NF | 3/19/2024 | Last day of the month | No,,2026-08-21T19:57:17Z
GRBK-A,True,"Green Brick Partners, Inc. 5.75% Dep Shares Series A Cumulative Preferred Stock",Traditional Preferred Stock,PREFERRED,GRBK,392709200,NYSE,USD,True,True,FIXED,5.75,25.0,1.4375,12/23/2026,25.0,,,,,,NR NR,"3/15, 6/15, 9/15 & 12/15",4/18/2025,GBRPP,12/29/2021,False,"NYSE | 5.75% | $1.4375 | $25.00 | $25.00 | 12/23/2026 | None | NR NR | 4/18/2025 | 3/15, 6/15, 9/15 & 12/15 | YES",,2026-08-21T19:57:18Z
GREEL,True,Greenidge Generation Holdings Inc. 8.50% Senior Notes due 10/31/2026,Exchange-Traded Debt Security,BABY_BOND,GREE,39531G209,NGS,USD,,False,FIXED,8.5,25.0,2.125,10/31/2024,25.0,10/31/2026,,,,,NF NF,"1/31, 4/30, 7/31 & 10/31",4/18/2025,,,False,"NGS | 8.50% | $2.125 | $25.00 | $25.00 | 10/31/2024 | 10/31/2026 | NF NF | 4/18/2025 | 1/31, 4/30, 7/31 & 10/31 | No",,2026-08-21T19:57:20Z
GRWLF,True,"Great-West Lifeco Inc 4.85% Non-Cumulative First Preferred Shares, Series H",Traditional Preferred Stock,PREFERRED,,39138C874,OTOTC,CAD,False,False,FIXED,4.85,25.0,,09/30/2010,,,,,,,4.85% $1.2125 $25.00 $25.00 9/30/2014 None NR A- 3/19/2024 Notes: All pricing is in Canadian Dollars.,"3/31, 6/30, 9/30 & 12/31",,,,False,"OTOTCn | OTOTCps | 4.85% | $1.2125 | $25.00 | $25.00 | 9/30/2014 | None | NR | A- | 3/19/2024 | 3/31, 6/30, 9/30 & 12/31 | No | Notes: All pricing is in Canadian Dollars.",,2026-08-21T19:57:21Z
GS-A,True,"Goldman Sachs Group, Dep Shares Float Rate Non-cumul Preferred Stock, Series A",Traditional Preferred Stock,PREFERRED,GS,38143Y665,NYSE,USD,False,True,VARIABLE,,25.0,,4/10/2010,,,3M_TERM_SOFR,,3.75,,$25.00 $25.00 4/10/2010 None Ba1 BB+,"2/10, 5/10, 8/10 & 11/10",2/20/2024,GSGIL,4/25/2005,False,"NYSE | Variable | n.a. | $25.00 | $25.00 | 4/10/2010 | None | Ba1 | BB+ | 2/20/2024 | 2/10, 5/10, 8/10 & 11/10 | YES",coupon_pct;float_spread_bps,2026-08-21T19:57:23Z
GS-C,True,"Goldman Sachs Group, Dep Shares Float Rate Non-cumul Preferred Stock, Series C",Traditional Preferred Stock,PREFERRED,GS,38144X609,NYSE,USD,False,True,VARIABLE,,25.0,,10/31/2010,,,LIBOR,,4.0,,$25.00 $25.00 10/31/2010 None Ba1 BB+,"2/10, 5/10, 8/10 & 11/10",2/20/2024,GSGDP,11/03/2005,False,"NYSE | Variable | n.a. | $25.00 | $25.00 | 10/31/2010 | None | Ba1 | BB+ | 2/20/2024 | 2/10, 5/10, 8/10 & 11/10 | YES",coupon_pct;float_spread_bps,2026-08-21T19:57:24Z
GS-D,True,"Goldman Sachs Group, Dep Shares Float Rate Non-Cumul Preferred Stock, Series D",Traditional Preferred Stock,PREFERRED,GS,38144G804,NYSE,USD,False,True,VARIABLE,,25.0,,5/24/2011,,,SOFR,,4.0,,$25.00 $25.00 5/24/2011 None Ba1 BB+,"2/10, 5/10, 8/10 & 11/10",2/20/2024,GSGRP,6/07/2006,False,"NYSE | Variable | n.a. | $25.00 | $25.00 | 5/24/2011 | None | Ba1 | BB+ | 2/20/2024 | 2/10, 5/10, 8/10 & 11/10 | YES",coupon_pct;float_spread_bps,2026-08-21T19:57:26Z
GS-K,True,"Goldman Sachs Group, 6.375% Dep Sh Fixd/Float Non-Cumul Preferred Stock Series K",Traditional Preferred Stock,PREFERRED,GS,38148B108,NYSE,USD,False,True,FIX_TO_FLOAT,6.375,25.0,1.59,5/10/2024,25.0,,3M_TERM_SOFR,355.0,,,Called for 5/17/2024 None Ba1 BB+,"2/10, 5/10, 8/10 & 11/10",2/20/2024,GSSCL,5/01/2014,True,"NYSE | FixFloat | $1.59 | $25.00 | $25.00 | Called for | 5/17/2024 | None | Ba1 | BB+ | 2/20/2024 | 2/10, 5/10, 8/10 & 11/10 | YES",,2026-08-21T19:57:27Z
GSL-B,True,"Global Ship Lease, 8.75% Dep Shares Cumulative Perpetual Preferred Series B",Traditional Preferred Stock,PREFERRED,GSL,Y27183121,NYSE,USD,True,True,FIXED,8.75,25.0,2.19,8/20/2019,25.0,,,,,,NR NR,"1/1, 4/1, 7/1 & 10/1",6/15/2025,GPSLF,8/25/2014,False,"NYSE | 8.75% | $2.19 | $25.00 | $25.00 | 8/20/2019 | None | NR NR | 6/15/2025 | 1/1, 4/1, 7/1 & 10/1 | YES",,2026-08-21T19:57:29Z
GTLS-B,True,"Chart Industries, Inc. 6.75% Series B Mandatory Convertible Preferred Stock",Mandatory Convertible Security,PREFERRED,GTLS,16115Q407,NYSE,USD,True,False,MAND_CONVERT,6.75,50.0,3.375,,,,,,,,N/A Not Redeemable 12/15/2025 NR NR 3/19/2024 0.3526@141.81048+ 0.4231@118.1754-,"3/15, 6/15, 9/15 & 12/15",,GTLCL,12/19/2022,False,"NYSE | 6.75% | $3.375 | $50.00 | N/A | Not Redeemable | 12/15/2025 | NR NR | 3/19/2024 | 0.3526@141.81048+ | 0.4231@118.1754- | 3/15, 6/15, 9/15 & 12/15 | No",,2026-08-21T19:57:30Z
GUT-C,True,"Gabelli Utility Trust, 5.375% Series C Cumulative Preferred Shares",Traditional Preferred Stock,PREFERRED,GUT,36240A408,NYSE,USD,True,,FIXED,5.375,25.0,1.34,5/31/2021,25.0,,,,,,A1 NF 6/15/2025 Variable,"3/26, 6/26, 9/26 & 12/26",,GABUP,6/02/2016,False,"NYSE | 5.38% | $1.34 | $25.00 | $25.00 | 5/31/2021 | None | A1 | NF | 6/15/2025 | 3/26, 6/26, 9/26 & 12/26 | Variable",qdi_eligible,2026-08-21T19:57:31Z
GWLPF,True,"Great-West Lifeco Inc 5.20% Non-Cumulative First Preferred Shares, Series G",Traditional Preferred Stock,PREFERRED,,39138C882,OTOTC,CAD,False,False,FIXED,5.2,25.0,,,,,,,,,5.30% $1.325 $25.00 $25.00 12/31/2014 None NR A- 11/30/2025 Notes: All pricing is in Canadian dollars.,"3/31, 6/30, 9/30 & 12/31",,,,False,"OTOTCn | OTOTCps | 5.30% | $1.325 | $25.00 | $25.00 | 12/31/2014 | None | NR | A- | 11/30/2025 | 3/31, 6/30, 9/30 & 12/31 | No | Notes: All pricing is in Canadian dollars.",,2026-08-21T19:57:33Z
HAWEL,True,"Hawaiian Electric Co. Inc., 5.00% Series E Cumul Preferred Stock",Traditional Preferred Stock,PREFERRED,HE,419866405,OTOTC,USD,True,True,FIXED,5.0,20.0,,,,,,,,,5.00% $1.00 $20.00 $21.00 Called for 10/15/2025 None B3 NR,"1/15, 4/15, 7/15 & 10/15",5/26/2025,,,True,"OTOTCn | OTOTCps | 5.00% | $1.00 | $20.00 | $21.00 | Called for | 10/15/2025 | None | B3 | NR | 5/26/2025 | 1/15, 4/15, 7/15 & 10/15 | YES",,2026-08-21T19:57:34Z
HAWEM,True,"Hawaiian Electric Co. Inc., 5.00% Series D Cumul Preferred Stock",Traditional Preferred Stock,PREFERRED,HE,419866306,OTOTC,USD,True,True,FIXED,5.0,20.0,,,,,,,,,5.00% $1.00 $20.00 $21.00 Called for 10/15/2025 None B3 NR,"1/15, 4/15, 7/15 & 10/15",5/26/2025,,,True,"OTOTCn | OTOTCps | 5.00% | $1.00 | $20.00 | $21.00 | Called for | 10/15/2025 | None | B3 | NR | 5/26/2025 | 1/15, 4/15, 7/15 & 10/15 | YES",,2026-08-21T19:57:36Z
HAWEN,True,"Hawaiian Electric Co. Inc., 4 1/4% Series C Cumul Preferred Stock",Traditional Preferred Stock,PREFERRED,HE,419866207,OTOTC,USD,True,True,FIXED,4.0,20.0,,,,,,,,,4.25% $0.85 $20.00 $21.00 Called for 10/15/2025 None B2 NR,"1/15, 4/15, 7/15 & 10/15",6/15/2025,,,True,"OTOTCn | OTOTCps | 4.25% | $0.85 | $20.00 | $21.00 | Called for | 10/15/2025 | None | B2 | NR | 6/15/2025 | 1/15, 4/15, 7/15 & 10/15 | YES",,2026-08-21T19:57:37Z
HAWLI,True,"Hawaiian Electric Co. Inc., 4 3/4% Series J Cumulative Preferred Stock",Traditional Preferred Stock,PREFERRED,HE,419866850,OTOTC,USD,True,True,FIXED,4.0,20.0,,,,,,,,,4.75% $0.95 $20.00 $21.00 Called for 10/15/2025 None B3 NR,"1/15, 4/15, 7/15 & 10/15",5/26/2025,,,True,"OTOTCn | OTOTCps | 4.75% | $0.95 | $20.00 | $21.00 | Called for | 10/15/2025 | None | B3 | NR | 5/26/2025 | 1/15, 4/15, 7/15 & 10/15 | YES",,2026-08-21T19:57:39Z
HAWLL,True,"Hawaiian Electric Co. Inc., 4.65% Series K Cumul Preferred Stock",Traditional Preferred Stock,PREFERRED,HE,419866868,OTOTC,USD,True,True,FIXED,4.65,20.0,,,,,,,,,4.65% $0.93 $20.00 $21.00 Called for 10/15/2025 None B2 NR,"1/15, 4/15, 7/15 & 10/15",6/15/2025,,,True,"OTOTCn | OTOTCps | 4.65% | $0.93 | $20.00 | $21.00 | Called for | 10/15/2025 | None | B2 | NR | 6/15/2025 | 1/15, 4/15, 7/15 & 10/15 | YES",,2026-08-21T19:57:40Z
HAWLM,True,"Hawaiian Electric Co. Inc., 5 1/4% Series H Cumul Preferred Stock",Traditional Preferred Stock,PREFERRED,HE,419866843,OTOTC,USD,True,True,FIXED,4.0,20.0,,,,,,,,,5.25% $1.05 $20.00 $21.00 Called for 10/16/2025 None B3 NF,"1/15, 4/15, 7/15 & 10/15",5/26/2025,HAWLM,10/16/2025,False,"OTOTCn | OTOTCps | 5.25% | $1.05 | $20.00 | $21.00 | Called for | 10/16/2025 | None | B3 | NF | 5/26/2025 | 1/15, 4/15, 7/15 & 10/15 | YES",,2026-08-21T19:57:42Z
HAWLN,True,"Hawaiian Electric Co. Inc., 5.00% Series I Cumul Preferred Stock",Traditional Preferred Stock,PREFERRED,HE,419866504,OTOTC,USD,True,True,FIXED,5.0,20.0,,,,,,,,,5.00% $1.00 $20.00 $20.00 Called for 10/07/2025 None B3 NR,"1/15, 4/15, 7/15 & 10/15",5/26/2025,HAWLN,10/07/2025,False,"OTOTCn | OTOTCps | 5.00% | $1.00 | $20.00 | $20.00 | Called for | 10/07/2025 | None | B3 | NR | 5/26/2025 | 1/15, 4/15, 7/15 & 10/15 | YES",,2026-08-21T19:57:43Z
HBANL,True,Huntington Bancshares Dep Shares Series J Reset Rate Non-Cumul Preferred Stock,Traditional Preferred Stock,PREFERRED,HBAN,446150773,NGS,USD,False,True,RESET,6.875,25.0,1.71875,4/15/2028,25.0,,,270.4,,,Baa3 BB+,"1/15, 4/15, 7/15 & 10/15",4/20/2025,HBNJL,3/07/2023,False,"NGS | Reset Rate | $1.71875 | $25.00 | $25.00 | 4/15/2028 | None | Baa3 | BB+ | 4/20/2025 | 1/15, 4/15, 7/15 & 10/15 | YES",reference_rate,2026-08-21T19:57:45Z
HBANM,True,"Huntington Bancshares, Inc., 5.70% Dep Share Series I Non-Cumul Preferred Stock",Traditional Preferred Stock,PREFERRED,HBAN,872307202,NGS,USD,False,True,FIXED,5.7,25.0,1.43,12/01/2022,25.0,,,,,,Baa3 BB+,"3/1, 6/1, 9/1 & 12/1",2/20/2024,TCFCP,6/09/2021,False,"NGS | 5.70% | $1.43 | $25.00 | $25.00 | 12/01/2022 | None | Baa3 | BB+ | 2/20/2024 | 3/1, 6/1, 9/1 & 12/1 | YES",,2026-08-21T19:57:46Z
HBANP,True,Huntington Bancshares 4.50% Dep Shares Series H Non-Cumul Perp Preferred Stock,Traditional Preferred Stock,PREFERRED,HBAN,446150823,NGS,USD,False,True,FIXED,4.5,25.0,1.125,4/15/2026,25.0,,,,,,Baa3 BB+,"1/15, 4/15, 7/15 & 10/15",12/31/2023,HBAJL,3/07/2023,False,"NGS | 4.50% | $1.125 | $25.00 | $25.00 | 4/15/2026 | None | Baa3 | BB+ | 12/31/2023 | 1/15, 4/15, 7/15 & 10/15 | YES",,2026-08-21T19:57:47Z
HBANZ,True,"Huntington Bancshares, 5.50% Series A Non-Cumulative Perpetual Preferred Stock",Traditional Preferred Stock,PREFERRED,HBAN,05971J201,NGS,USD,False,True,FIXED,5.5,25.0,1.38,11/20/2024,25.0,,,,,,Ba1 BB+,"2/20, 5/20, 8/20 & 11/20",12/31/2023,CADE-A,6/05/2026,False,"NGS | 5.50% | $1.38 | $25.00 | $25.00 | 11/20/2024 | None | Ba1 | BB+ | 12/31/2023 | 2/20, 5/20, 8/20 & 11/20 | YES",,2026-08-21T19:57:49Z
HCDIP,True,"Harbor Custom Development, Inc 8.0% Series A Cumulative Convertible Prfd Stock",Traditional Convertible Preferred Stock,PREFERRED,HCDIQ*,41150T207,NCM,USD,True,True,CONVERTIBLE,8.0,25.0,2.0,6/09/2024,25.0,,,,,,NF NF 3/19/2024 5.556 $4.50 Suspended! 20 days after end of the month,,,HCDIP,12/11/2023,True,NCM | 8.00% | $2 | $25.00 | $25.00 | 6/09/2024 | None | NF NF | 3/19/2024 | 5.556 | $4.50 | Suspended! | 20 days after end of the month | YES,,2026-08-21T19:57:50Z
HCXY,True,"Hercules Capital, 6.25% Notes due 10/30/2033",Exchange-Traded Debt Security,BABY_BOND,HTGC,427096847,NYSE,USD,,False,FIXED,6.25,25.0,1.56,10/30/2023,25.0,10/30/2033,,,,,NF NF,"1/30, 4/30, 7/30 & 10/30",4/21/2025,,,False,"NYSE | 6.25% | $1.56 | $25.00 | $25.00 | 10/30/2023 | 10/30/2033 | NF NF | 4/21/2025 | 1/30, 4/30, 7/30 & 10/30 | No",,2026-08-21T19:57:52Z
HFRO-A,True,Highland Opportunities and Income Fund 5.375% Ser A Cumulative Preferred Shares,Traditional Preferred Stock,PREFERRED,HFRO,43010E503,NYSE,USD,True,,FIXED,5.375,25.0,1.34375,9/30/2024,25.0,,,,,,A2 NF 3/11/2025 Variable,"3/31, 6/30, 9/30 & 12/31",,HFROP,,False,"NYSE | 5.38% | $1.34375 | $25.00 | $25.00 | 9/30/2024 | None | A2 | NF | 3/11/2025 | 3/31, 6/30, 9/30 & 12/31 | Variable",qdi_eligible,2026-08-21T19:57:53Z
HFRO-B,True,Highland Opportunities and Income Fund 5.375% Ser B Cumulative Preferred Shares,Traditional Preferred Stock,PREFERRED,HFRO,43010E602,NYSE,USD,True,,FIXED,5.375,25.0,1.34375,any time,25.0,,,,,,Anytime None A2 NR 3/11/2025 Variable,"3/31, 6/30, 9/30 & 12/31",,,,False,"NYSE | 5.38% | $1.34375 | $25.00 | $25.00 | Anytime | None | A2 | NR | 3/11/2025 | 3/31, 6/30, 9/30 & 12/31 | Variable",qdi_eligible,2026-08-21T19:57:55Z
HIG-G,True,"Hartford Financial Services Group, 6.00% Dep Shares Non-Cumul Prfrd Stock Ser G",Traditional Preferred Stock,PREFERRED,HIG,416518603,NYSE,USD,False,True,FIXED,6.0,25.0,1.5,11/15/2023,25.0,,,,,,Baa3 BBB-,"2/15, 5/15, 8/15 & 11/15",6/15/2025,HIGJL,11/16/2018,False,"NYSE | 6.00% | $1.50 | $25.00 | $25.00 | 11/15/2023 | None | Baa3 | BBB- | 6/15/2025 | 2/15, 5/15, 8/15 & 11/15 | YES",,2026-08-21T19:57:56Z
HL-B,True,"Hecla Mining Co., $3.50 Series B Cumulative Convertible Preferred Stock",Traditional Convertible Preferred Stock,PREFERRED,HL,422704205,NYSE,USD,True,True,CONVERTIBLE,7.0,50.0,3.5,7/01/2003,50.0,,,,,,WR NR 4/15/2025 N/A $15.55,"1/1, 4/1, 7/1 & 10/1",,,,False,"NYSE | 7.00% | $3.50 | $50.00 | $50.00 | 7/01/2003 | None | WR | NR | 4/15/2025 | N/A | $15.55 | 1/1, 4/1, 7/1 & 10/1 | YES",,2026-08-21T19:57:58Z
HMLPF,True,"Hoegh LNG Partners LP, 8.75% Series A Cumulative Redeemable Preferred Units",Traditional Preferred Stock,PREFERRED,HMLP*,Y3262R118,OTOTC,USD,True,True,FIXED,8.75,25.0,,10/5/2022,,,,,,,8.75% $2.19 $25.00 $25.00 10/05/2022 None NF NF,"2/15, 5/15, 8/15 & 11/15",12/31/2023,HWLP-A,1/03/2023,False,"OTOTCn | OTOTCps | 8.75% | $2.19 | $25.00 | $25.00 | 10/05/2022 | None | NF NF | 12/31/2023 | 2/15, 5/15, 8/15 & 11/15 | YES",,2026-08-21T19:57:59Z
HNNAZ,True,"Hennessy Advisors, Inc. 4.875% Notes Due 12/31/2026",Exchange-Traded Debt Security,BABY_BOND,HNNA,425885209,NGM,USD,,False,FIXED,4.875,25.0,1.21875,12/31/2023,25.0,,,,,,Called for 6/30/2026 12/31/2026 NR NR,"3/31, 6/30, 9/30 & 12/31",4/18/2025,,,False,"NGM | 4.88% | $1.21875 | $25.00 | $25.00 | Called for | 6/30/2026 | 12/31/2026 | NR NR | 4/18/2025 | 3/31, 6/30, 9/30 & 12/31 | No",,2026-08-21T19:58:00Z
HOVNP,True,"Hovnanian Enterprises, 7.625% Depositary Shares Series A Preferred Stock",Traditional Preferred Stock,PREFERRED,HOV,442487112,NGM,USD,False,True,FIXED,7.625,25.0,1.91,7/12/2010,25.0,,,,,,Caa3 CCC-,"1/15, 4/15, 7/15 & 10/15",2/20/2024,HOVVP,7/25/2005,False,"NGM | 7.63% | $1.91 | $25.00 | $25.00 | 7/12/2010 | None | Caa3 | CCC- | 2/20/2024 | 1/15, 4/15, 7/15 & 10/15 | YES",,2026-08-21T19:58:02Z
HPE-C,True,Hewlett Packard Enterprise Co 7.625% Ser C Mandatory Convertible Preferred Stock,Mandatory Convertible Security,PREFERRED,HPE,42824C208,NYSE,USD,True,True,MAND_CONVERT,7.625,50.0,3.8125,,50.0,,,,,,Not Callable 9/01/2027 NR NR 9/11/2024 2.5352@$19.72+ 3.1056@16.10-,"3/1, 6/1, 9/31& 12/1",,,,False,"NYSE | 7.63% | $3.8125 | $50.00 | $50.00 | Not Callable | 9/01/2027 | NR NR | 9/11/2024 | 2.5352@$19.72+ | 3.1056@16.10- | 3/1, 6/1, 9/31& 12/1 | YES",,2026-08-21T19:58:03Z
HPP-C,True,"Hudson Pacific Properties, Inc. 4.750% Series C Cumulative Preferred Stock",Traditional Preferred Stock,PREFERRED,HPP,444097307,NYSE,USD,True,False,FIXED,4.75,25.0,1.1875,11/16/2026,25.0,,,,,,Caa1 NR,"3/31, 6/30, 9/30 & 12/31",4/18/2025,HPPCP,,False,"NYSE | 4.75% | $1.1875 | $25.00 | $25.00 | 11/16/2026 | None | Caa1 | NR | 4/18/2025 | 3/31, 6/30, 9/30 & 12/31 | No",,2026-08-21T19:58:05Z
HROWL,True,"Harrow Health, Inc. 8.625% Senior Notes due 4/30/2026",Exchange-Traded Debt Security,BABY_BOND,HROW,415858208,NGM,USD,,False,FIXED,8.625,25.0,2.15625,02/01/2026,25.0,,,,,,Called for 10/13/2025 4/30/2026 NF NF,"1/31, 4/30, 7/31 & 10/31",3/19/2024,,,True,"NGM | 8.63% | $2.15625 | $25.00 | $25.00 | Called for | 10/13/2025 | 4/30/2026 | NF NF | 3/19/2024 | 1/31, 4/30, 7/31 & 10/31 | No",,2026-08-21T19:58:06Z
HROWM,True,"Harrow Health, Inc. 11.875% Senior Notes due 12/31/2027",Exchange-Traded Debt Security,BABY_BOND,HROW,415858307,NGM,USD,,False,FIXED,11.875,25.0,2.96875,,25.5,,,,,,Called for 10/08/2025 12/31/2027 NR NR,"1/31, 4/30, 7/31 & 10/31",3/19/2024,,,False,"NGM | 11.88% | $2.96875 | $25.00 | $25.50 | Called for | 10/08/2025 | 12/31/2027 | NR NR | 3/19/2024 | 1/31, 4/30, 7/31 & 10/31 | No",,2026-08-21T19:58:07Z
HT-C,True,"Hersha Hospitality Trust, 6.875% Series C Cumulative Redeemable Preferred Shares",Traditional Preferred Stock,PREFERRED,HT*,427825401,NYSE,USD,True,False,FIXED,6.875,25.0,1.72,3/06/2018,25.0,,,,,,NF NF,"1/15, 4/15, 7/15 & 10/15",1/24/2023,,,True,"NYSE | 6.88% | $1.72 | $25.00 | $25.00 | 3/06/2018 | None | NF NF | 1/24/2023 | 1/15, 4/15, 7/15 & 10/15 | No",,2026-08-21T19:58:09Z
HT-D,True,"Hersha Hospitality Trust, 6.50% Series D Cumulative Redeemable Preferred Shares",Traditional Preferred Stock,PREFERRED,HT*,427825609,NYSE,USD,True,False,FIXED,6.5,25.0,1.63,5/31/2021,25.0,,,,,,NF NF,"1/15, 4/15, 7/15 & 10/15",1/24/2023,HRHPP,6/02/2016,True,"NYSE | 6.50% | $1.63 | $25.00 | $25.00 | 5/31/2021 | None | NF NF | 1/24/2023 | 1/15, 4/15, 7/15 & 10/15 | No",,2026-08-21T19:58:10Z
HT-E,True,"Hersha Hospitality Trust, 6.50% Series E Cumulative Redeemable Preferred Shares",Traditional Preferred Stock,PREFERRED,HT*,427825708,NYSE,USD,True,False,FIXED,6.5,25.0,1.63,11/07/2021,25.0,,,,,,NF NF,"1/15, 4/15, 7/15 & 10/15",1/24/2023,HRSHP,11/09/2016,True,"NYSE | 6.50% | $1.63 | $25.00 | $25.00 | 11/07/2021 | None | NF NF | 1/24/2023 | 1/15, 4/15, 7/15 & 10/15 | No",,2026-08-21T19:58:12Z
HTFB,True,"Horizon Technology Finance Corp., 4.875% Notes due 03/30/2026",Exchange-Traded Debt Security,BABY_BOND,HRZN,44045A409,NYSE,USD,,False,FIXED,4.875,25.0,1.21875,3/30/2023,25.0,3/30/2026,,,,,NF NF,"3/30, 6/30, 9/30 & 12/30",12/31/2023,,,False,"NYSE | 4.88% | $1.21875 | $25.00 | $25.00 | 3/30/2023 | 3/30/2026 | NF NF | 12/31/2023 | 3/30, 6/30, 9/30 & 12/30 | No",,2026-08-21T19:58:13Z
HTFC,True,"Horizon Technology Finance Corp., 6.25% Notes due 06/15/2027",Exchange-Traded Debt Security,BABY_BOND,HRZN,44045A508,NYSE,USD,,False,FIXED,6.25,25.0,1.5625,6/15/2024,25.0,6/15/2027,,,,,NF NF,"3/30, 6/30, 9/30 & 12/30",4/18/2025,,,False,"NYSE | 6.25% | $1.5625 | $25.00 | $25.00 | 6/15/2024 | 6/15/2027 | NF NF | 4/18/2025 | 3/30, 6/30, 9/30 & 12/30 | No",,2026-08-21T19:58:15Z
HTIA,True,National Healthcare Properties Inc. 7.375% Series A Cumulative Perp Prfd Stock,Traditional Preferred Stock,PREFERRED,HLTC,42226B204,NGM,USD,True,False,FIXED,7.375,25.0,1.84,12/11/2024,25.0,,,,,,NR NF,"1/15, 4/15, 7/15 & 10/15",4/20/2025,HTIA,1/03/2025,False,"NGM | 7.38% | $1.84 | $25.00 | $25.00 | 12/11/2024 | None | NR NF | 4/20/2025 | 1/15, 4/15, 7/15 & 10/15 | No",,2026-08-21T19:58:16Z
HTIBP,True,National Healthcare Properties 7.125% Series B Cumulative Redeemable Preferred,Traditional Preferred Stock,PREFERRED,HLTC,42226B303,NGM,USD,True,False,FIXED,7.125,25.0,1.78125,10/06/2026,25.0,,,,,,NR NR,"1/15, 4/15, 7/15 & 10/15",4/18/2025,HTIBP,10/07/2021,False,"NGM | 7.13% | $1.78125 | $25.00 | $25.00 | 10/06/2026 | None | NR NR | 4/18/2025 | 1/15, 4/15, 7/15 & 10/15 | No",,2026-08-21T19:58:17Z
HWCPZ,True,Hancock Whitney Corp. 6.25% Subordinated Notes due 6/15/2060,Exchange-Traded Debt Security,BABY_BOND,HWC,410120406,NGS,USD,,False,FIXED,6.25,25.0,1.5625,6/15/2025,25.0,6/15/2060,,,,,Baa3 BBB-,"3/15, 6/15, 9/15 & 12/15",5/26/2025,,,False,"NGS | 6.25% | $1.5625 | $25.00 | $25.00 | 6/15/2025 | 6/15/2060 | Baa3 | BBB- | 5/26/2025 | 3/15, 6/15, 9/15 & 12/15 | No",,2026-08-21T19:58:19Z
HWM-,True,Howmet Aerospace Inc. $3.75 Serial Preferred Stock,Traditional Preferred Stock,PREFERRED,HWM,013817200,NYSE,USD,True,True,FIXED,3.75,100.0,3.75,,100.0,,,,,,Called for 12/17/2025 None Baa3 BB+,"1/1, 4/1, 7/1 & 10/1",6/15/2025,ARNC-,4/01/2020,False,"NYSE | 3.75% | $3.75 | $100.00 | $100.00 | Called for | 12/17/2025 | None | Baa3 | BB+ | 6/15/2025 | 1/1, 4/1, 7/1 & 10/1 | YES",,2026-08-21T19:58:20Z
ICR-A,True,InPoint Commercial Real Estate Income Inc 6.75% Ser A Cumulative Preferred Stock,Traditional Preferred Stock,PREFERRED,,S45781T20,NYSE,USD,True,False,FIXED,6.75,25.0,1.6875,9/22/2026,25.0,,,,,,NF NF,"3/30, 6/30, 9/30 & 12/30",4/15/2025,IPCRP,9/23/2021,False,"NYSE | 6.75% | $1.6875 | $25.00 | $25.00 | 9/22/2026 | None | NF NF | 4/15/2025 | 3/30, 6/30, 9/30 & 12/30 | No",,2026-08-21T19:58:22Z
IFTPF,True,Intact Financial Corp Reset Rate Non-Cumulative Preference Shares Class A Ser 7,Traditional Preferred Stock,PREFERRED,,45823T874,OTOTC,CAD,False,False,FIXED,,25.0,,06/30/2023,,,,,,,Reset Rate n.a. $25.00 $25.00 6/30/2023 None NR NF 4/18/2025 Notes: All pricing listed is in Canadian Dollars.,"3/31, 6/30, 9/30 & 12/31",,,,False,"OTOTCn | OTOTCps | Reset Rate | n.a. | $25.00 | $25.00 | 6/30/2023 | None | NR NF | 4/18/2025 | 3/31, 6/30, 9/30 & 12/31 | No | Notes: All pricing listed is in Canadian Dollars.",coupon_pct,2026-08-21T19:58:23Z
IFZZF,True,"Intact Financial Corp 5.40% Non-Cumulative Class A Shares, Series 9",Traditional Preferred Stock,PREFERRED,,45823T858,OTOTC,CAD,False,False,FIXED,5.4,25.0,,03/31/2025,,,,,,,5.40% $1.35 $25.00 $26.00 3/31/2025 None NR NF 3/19/2024 Notes: All Pricing is in Canadian Dollars.,"3/31, 6/30, 9/30 & 12/31",,,,False,"OTOTCn | OTOTCps | 5.40% | $1.35 | $25.00 | $26.00 | 3/31/2025 | None | NR NF | 3/19/2024 | 3/31, 6/30, 9/30 & 12/31 | No | Notes: All Pricing is in Canadian Dollars.",,2026-08-21T19:58:25Z
IIPR-A,True,"Innovative Industrial Properties, 9.00% Series A Cumulative Red Preferred Stock",Traditional Preferred Stock,PREFERRED,IIPR,45781V200,NYSE,USD,True,False,FIXED,9.0,25.0,2.25,10/19/2022,25.0,,,,,,NF NF,"1/15, 4/15, 7/15 & 10/15",6/15/2025,,,False,"NYSE | 9.00% | $2.25 | $25.00 | $25.00 | 10/19/2022 | None | NF NF | 6/15/2025 | 1/15, 4/15, 7/15 & 10/15 | No",,2026-08-21T19:58:26Z
IMPPP,True,Imperial Petroleum Inc. 8.75% Series A Preferred Shares,Traditional Preferred Stock,PREFERRED,IMPP,Y3894J112,NCM,USD,True,False,FIXED,8.75,25.0,2.1875,6/30/2022,25.25,,,,,,NF NF,"3/30, 6/30, 9/30 & 12/30",4/18/2025,,,False,"NCM | 8.75% | $2.1875 | $25.00 | $25.25 | 6/30/2022 | None | NF NF | 4/18/2025 | 3/30, 6/30, 9/30 & 12/30 | No",,2026-08-21T19:58:27Z
INBKZ,True,"First Internet Bancorp, 6.00% Fixed-to-Floating Rate Sub Notes due 6/30/2029",Exchange-Traded Debt Security,BABY_BOND,INBK,320557309,NGS,USD,,False,FIX_TO_FLOAT,6.0,25.0,1.5,6/30/2024,25.0,6/30/2029,3M_LIBOR,411.4,,,NF NF,"3/30, 6/30, 9/30 & 12/30",4/18/2025,,,False,"NGS | FixFloat | $1.50 | $25.00 | $25.00 | 6/30/2024 | 6/30/2029 | NF NF | 4/18/2025 | 3/30, 6/30, 9/30 & 12/30 | No",,2026-08-21T19:58:29Z
INFFF,True,Intact Financial Corp 5.20% Non-Cumulative Preference Shares Class A Series 5,Traditional Preferred Stock,PREFERRED,,45823T809,OTOTC,CAD,False,False,FIXED,5.2,25.0,,06/30/2022,,,,,,,5.20% $1.3 $25.00 $25.25 6/30/2022 None NR NF 4/15/2025 Notes: All pricing listed is in Canadian Dollars.,"3/31, 6/30, 9/30 & 12/31",,,,False,"OTOTCn | OTOTCps | 5.20% | $1.3 | $25.00 | $25.25 | 6/30/2022 | None | NR NF | 4/15/2025 | 3/31, 6/30, 9/30 & 12/31 | No | Notes: All pricing listed is in Canadian Dollars.",,2026-08-21T19:58:30Z
INN-E,True,"Summit Hotel Properties, 6.25% Series E Cumulative Redeemable Preferred Stock",Traditional Preferred Stock,PREFERRED,INN,866082605,NYSE,USD,True,False,FIXED,6.25,25.0,1.56,11/13/2022,25.0,,,,,,NF NF,"2/28, 5/31, 8/31 & 11/30",4/21/2024,SMYYP,11/14/2017,False,"NYSE | 6.25% | $1.56 | $25.00 | $25.00 | 11/13/2022 | None | NF NF | 4/21/2024 | 2/28, 5/31, 8/31 & 11/30 | No",,2026-08-21T19:58:32Z
INN-F,True,"Summit Hotel Properties, Inc., 5.875% Series F Cumulative Preferred Stock",Traditional Preferred Stock,PREFERRED,INN,866082704,NYSE,USD,True,False,FIXED,5.875,25.0,1.46875,8/12/2026,25.0,,,,,,NR NR,"2/28, 5/31, 8/31 & 11/30",4/15/2025,SMTHP,8/16/2021,False,"NYSE | 5.88% | $1.46875 | $25.00 | $25.00 | 8/12/2026 | None | NR NR | 4/15/2025 | 2/28, 5/31, 8/31 & 11/30 | No",,2026-08-21T19:58:33Z
INPAP,True,"Intl Paper Co., $4 Cumulative Preferred Stock",Traditional Preferred Stock,PREFERRED,IP,460146202,OTOTC,USD,True,True,FIXED,,100.0,,,,,,,,,4.00% $4.00 $100.00 N/A N/A N/A NR NR 2/20/2024,,n.a.,,,False,OTOTCn | OTOTCps | 4.00% | $4.00 | $100.00 | N/A | N/A | N/A | NR NR | 2/20/2024 | n.a. | YES,coupon_pct,2026-08-21T19:58:35Z
INTAF,True,Intact Financial Corp Non-Cumulative Rate Reset Class A Shares Series 3,Traditional Preferred Stock,PREFERRED,,45823T601,OTOTC,CAD,False,False,FIXED,3.332,25.0,,09/30/2016,,,,,,,"3.46% $0.833 $25.00 $25.00 9/30/2016 None NR NF 4/15/2025 Notes: The annual dividend rate for the Series 3 Preferred Shares for the five-year period from and including September 30, 2021 to but excluding September 30, 2026 will be 3.457%, as determined in accordance with the terms of the Series 3 Preferred Shares. The annual dividend rate for the Series 3 Preferred Shares for the five-year period from and including September 30, 2016 to but excluding September 30, 2021 will be 3.332%, as determined in accordance with the terms of the Series 3 Preferred Shares. _________________ Series 4 shares listed under IFCPF. ________________ All pricing listed is in Canadian Dollars.","3/31, 6/30, 9/30 & 12/31",,,,False,"OTOTCn | OTOTCps | 3.46% | $0.833 | $25.00 | $25.00 | 9/30/2016 | None | NR NF | 4/15/2025 | 3/31, 6/30, 9/30 & 12/31 | No | Notes: The annual dividend rate for the Series 3 Preferred Shares for the five-year period from and including September 30, 2021 to but excluding September 30, 2026 will be 3.457%, as determined in accordance with the terms of the Series 3 Preferred Shares. The annual dividend rate for the Series 3 Preferred Shares for the five-year period from and including September 30, 2016 to but excluding September 30, 2021 will be 3.332%, as determined in accordance with the terms of the Series 3 Preferred Shares. _________________ Series 4 shares listed under IFCPF. ________________ All pricing listed is in Canadian Dollars.",,2026-08-21T19:58:36Z
INVUP,True,"Investview, Inc. 13% Series B Cumulative Redeemable Perpetual Preferred Stock",Traditional Preferred Stock,PREFERRED,INVU,46183W309,OTOTC,USD,True,True,FIXED,13.0,25.0,,,,,,,,,13.00% $3.25 $25.00 $25.00 N/A None NF NF 4/18/2025 15th of the Month,,,INVUB,7/28/2021,False,OTOTCn | OTOTCps | 13.00% | $3.25 | $25.00 | $25.00 | N/A | None | NF NF | 4/18/2025 | 15th of the Month | YES,,2026-08-21T19:58:37Z
IPB,True,ML Depositor 6.0518% IndexPlus Trust Series 2003-1 due 5/15/2033,Third Party Trust Preferred,TP,BAC,45408V203,NYSE,USD,,False,FIXED,6.0518,25.0,1.51,,,,,,,,N/A N/A 5/15/2033 Baa3 NF,6/20 & 12/20,4/21/2025,,,False,NYSE | 6.05% | $1.51 | $25.00 | N/A | N/A | 5/15/2033 | Baa3 | NF | 4/21/2025 | 6/20 & 12/20 | No,cumulative,2026-08-21T19:58:39Z
IVR-B,True,"Invesco Mortgage Capital, 7.75% Fixed/Float Series B Cumul Red Preferred Stock",Traditional Preferred Stock,PREFERRED,IVR,46131B407,NYSE,USD,True,False,FIX_TO_FLOAT,7.75,25.0,1.94,12/27/2024,25.0,,3M_LIBOR,518.0,,,Called for 12/27/2024 None NF NF,"3/27, 6/27, 9/27 & 12/27",4/23/2023,IVSGP,9/12/2014,True,"NYSE | FixFloat | $1.94 | $25.00 | $25.00 | Called for | 12/27/2024 | None | NF NF | 4/23/2023 | 3/27, 6/27, 9/27 & 12/27 | No",,2026-08-21T19:58:41Z
IVR-C,True,"Invesco Mortgage Capital, 7.50% Fixed/Float Series C Cumul Red Preferred Stock",Traditional Preferred Stock,PREFERRED,IVR,46131B506,NYSE,USD,True,False,FIX_TO_FLOAT,7.5,25.0,1.88,9/27/2027,25.0,,3M_LIBOR,528.9,,9/27/2027,NF NF,"3/27, 6/27, 9/27 & 12/27",6/15/2025,IVSOP,8/21/2017,False,"NYSE | FixFloat | $1.88 | $25.00 | $25.00 | 9/27/2027 | None | NF NF | 6/15/2025 | 3/27, 6/27, 9/27 & 12/27 | No",,2026-08-21T19:58:42Z
JAKP,True,"Jakks Pacific, Inc. 6.00% Series A Senior Preferred Stock",Traditional Preferred Stock,PREFERRED,JAKK,Unknown,OTOTC,USD,True,False,FIXED,6.0,,,,,,,,,,6.00% n.a. N/A N/A N/A None NF NF,"3/31, 6/30, 9/30 & 12/31",11/30/2025,,,False,"OTOTCn | OTOTCps | 6.00% | n.a. | N/A | N/A | N/A | None | NF NF | 11/30/2025 | 3/31, 6/30, 9/30 & 12/31 | No",par,2026-08-21T19:58:43Z
JBK,True,"Lehman ABS Corp Bkd Trust Certs 2004-06, Floating Rate Goldman Sachs Cap I",Third Party Trust Preferred,TP,GS,21988K859,NYSE,USD,,False,FIX_TO_FLOAT,,,,,,,3M_LIBOR,75.0,,,$25.00 N/A 3/19/2006 2/15/2034 Baa3 BB+,2/15 & 8/15,6/15/2025,,,False,NYSE | FixFloat | n.a. | $25.00 | N/A | 3/19/2006 | 2/15/2034 | Baa3 | BB+ | 6/15/2025 | 2/15 & 8/15 | No,cumulative;coupon_pct;par,2026-08-21T19:58:45Z
JPJQL,True,"JP Morgan Chase & Co., 6.75% Dep Shares Fixed/Float Non-Cumul Pfd Stock Series S",Traditional Preferred Stock,PREFERRED,JPM,46625HJQ4,TRACE,USD,False,True,FIX_TO_FLOAT,6.75,1000.0,1000.0,2/01/2024,,,3M_LIBOR,378.0,,2/1/2024,Baa2 BBB-,2/1 & 8/1,4/21/2024,,,False,"FixFloat | $67.50 | $1,000.00 | $1,000.00 | 2/01/2024 | None | Baa2 | BBB- | 4/21/2024 | 2/1 & 8/1 | YES",,2026-08-21T19:58:46Z
JPM-C,True,"JPMorgan Chase & Co., 6.00% Dep Shares Non-Cumul Preferred Stock Series EE",Traditional Preferred Stock,PREFERRED,JPM,48128B648,NYSE,USD,False,True,FIXED,6.0,25.0,1.5,3/21/2024,25.0,,,,,,Baa2 BBB-,"3/1, 6/1, 9/1 & 12/1",4/21/2024,JPEEL,2/01/2019,False,"NYSE | 6.00% | $1.50 | $25.00 | $25.00 | 3/21/2024 | None | Baa2 | BBB- | 4/21/2024 | 3/1, 6/1, 9/1 & 12/1 | YES",,2026-08-21T19:58:48Z
JPM-D,True,"JPMorgan Chase & Co., 5.75% Dep Shares Non-Cumul Preferred Stock Series DD",Traditional Preferred Stock,PREFERRED,JPM,48128B655,NYSE,USD,False,True,FIXED,5.75,25.0,1.44,12/01/2023,25.0,,,,,,Baa2 BBB-,"3/1, 6/1, 9/1 & 12/1",4/21/2024,JPMLL,9/28/2018,False,"NYSE | 5.75% | $1.44 | $25.00 | $25.00 | 12/01/2023 | None | Baa2 | BBB- | 4/21/2024 | 3/1, 6/1, 9/1 & 12/1 | YES",,2026-08-21T19:58:49Z
JPM-J,True,"JPMorgan Chase & Co., 4.75% Dep Shares Non-Cumulative Preferred Stock Series GG",Traditional Preferred Stock,PREFERRED,JPM,48128B622,NYSE,USD,False,True,FIXED,4.75,25.0,1.19,12/01/2024,25.0,,,,,,Baa2 BBB-,"3/1, 6/1, 9/1 & 12/1",4/21/2024,JPGGL,11/14/2019,False,"NYSE | 4.75% | $1.19 | $25.00 | $25.00 | 12/01/2024 | None | Baa2 | BBB- | 4/21/2024 | 3/1, 6/1, 9/1 & 12/1 | YES",,2026-08-21T19:58:51Z
JPM-K,True,"JPMorgan Chase & Co., 4.55% Dep Shares Non-Cumulative Preferred Stock Series JJ",Traditional Preferred Stock,PREFERRED,JPM,48128B580,NYSE,USD,False,True,FIXED,4.55,25.0,1.1375,6/01/2026,25.0,,,,,,Baa2 BBB-,"3/1, 6/1, 9/1 & 12/1",3/19/2024,JPMJL,3/23/2021,False,"NYSE | 4.55% | $1.1375 | $25.00 | $25.00 | 6/01/2026 | None | Baa2 | BBB- | 3/19/2024 | 3/1, 6/1, 9/1 & 12/1 | YES",,2026-08-21T19:58:52Z
JPM-L,True,"JPMorgan Chase & Co., 4.625% Dep Shares Non-Cumulative Preferred Stock Series LL",Traditional Preferred Stock,PREFERRED,JPM,48128B549,NYSE,USD,False,True,FIXED,4.625,25.0,1.15625,6/01/2026,25.0,,,,,,Baa2 BBB-,"3/1, 6/1, 9/1 & 12/1",3/19/2024,JPMLP,5/25/2021,False,"NYSE | 4.63% | $1.15625 | $25.00 | $25.00 | 6/01/2026 | None | Baa2 | BBB- | 3/19/2024 | 3/1, 6/1, 9/1 & 12/1 | YES",,2026-08-21T19:58:54Z
JPM-M,True,"JPMorgan Chase & Co., 4.20% Dep Shares Non-Cumulative Preferred Stock Series MM",Traditional Preferred Stock,PREFERRED,JPM,48128B523,NYSE,USD,False,True,FIXED,4.2,25.0,1.05,9/01/2026,25.0,,,,,,Baa2 BBB-,"3/1, 6/1, 9/1 & 12/1",3/19/2024,JPMML,8/04/2021,False,"NYSE | 4.20% | $1.05 | $25.00 | $25.00 | 9/01/2026 | None | Baa2 | BBB- | 3/19/2024 | 3/1, 6/1, 9/1 & 12/1 | YES",,2026-08-21T19:58:55Z
JPMQL,True,"JPMorgan Chase & Co., 6.125% Dep Shares Fixed/Float Non-Cumul Pfd Stock Series U",Traditional Preferred Stock,PREFERRED,JPM,46625HJW1,TRACE,USD,False,True,FIX_TO_FLOAT,6.125,1000.0,1000.0,4/30/2024,,,SOFR,333.0,,,Baa2 BBB-,4/30 & 10/30,4/21/2024,,,False,"FixFloat | $61.25 | $1,000.00 | $1,000.00 | 4/30/2024 | None | Baa2 | BBB- | 4/21/2024 | 4/30 & 10/30 | YES",,2026-08-21T19:58:57Z
JPYYL,True,"JPMorgan, 5.15% Dep Shares Fixed/Float Non-Cumul Preferred Stock, Series Q",Traditional Preferred Stock,PREFERRED,JPM,48124BAC9,TRACE,USD,False,True,FIX_TO_FLOAT,5.15,1000.0,1000.0,5/01/2023,,,SOFR,325.0,,5/1/2023,Baa2 BBB-,5/1 & 11/1,4/21/2024,,,False,"FixFloat | $51.50 | $1,000.00 | $1,000.00 | 5/01/2023 | None | Baa2 | BBB- | 4/21/2024 | 5/1 & 11/1 | YES",,2026-08-21T19:58:58Z
JSM,True,"Navient Corp., 6.00% Senior Notes due 12/15/2043",Exchange-Traded Debt Security,BABY_BOND,NAVI,78442P304,NGS,USD,,False,FIXED,6.0,25.0,1.5,12/15/2008,25.0,12/15/2043,,,,,Ba3 B+,"3/15, 6/15, 9/15 & 12/15",12/31/2023,SLMCP,12/30/2003,False,"NGS | 6.00% | $1.50 | $25.00 | $25.00 | 12/15/2008 | 12/15/2043 | Ba3 | B+ | 12/31/2023 | 3/15, 6/15, 9/15 & 12/15 | No",,2026-08-21T19:59:00Z
JXN-A,True,Jackson Financial Inc Dep Shares Reset Rate Series A Preferred Stock,Traditional Preferred Stock,PREFERRED,JXN,46817M206,NYSE,USD,False,True,RESET,,25.0,,03/30/2028,,,,372.8,,,$25.00 $25.00 3/30/2028 None Ba2 BB+,"3/30, 6/30, 9/30 & 12/30",4/20/2025,JXNFL,3/22/2023,False,"NYSE | Reset Rate | n.a. | $25.00 | $25.00 | 3/30/2028 | None | Ba2 | BB+ | 4/20/2025 | 3/30, 6/30, 9/30 & 12/30 | YES",coupon_pct;reference_rate,2026-08-21T19:59:01Z
KEY-I,True,"KeyCorp, 6.125% Dep Shares Fixed/Float Perp Non-Cumul Preferred Stock Series E",Traditional Preferred Stock,PREFERRED,KEY,493267702,NYSE,USD,False,True,FIX_TO_FLOAT,6.125,25.0,1.53,12/15/2026,25.0,,3M_LIBOR,389.2,,,Ba1 BB,"3/15, 6/15, 9/15 & 12/15",4/21/2025,KYYPP,12/15/2016,False,"NYSE | FixFloat | $1.53 | $25.00 | $25.00 | 12/15/2026 | None | Ba1 | BB | 4/21/2025 | 3/15, 6/15, 9/15 & 12/15 | YES",,2026-08-21T19:59:02Z
KEY-J,True,"KeyCorp, 5.65% Dep Shares Fixed-Rate Perp Non-Cumul Preferred Stock Series F",Traditional Preferred Stock,PREFERRED,KEY,493267876,NYSE,USD,False,True,FIXED,5.65,25.0,1.41,12/15/2023,25.0,,,,,,Ba1 BB,"3/15, 6/15, 9/15 & 12/15",4/21/2025,KYYCP,8/01/2018,False,"NYSE | 5.65% | $1.41 | $25.00 | $25.00 | 12/15/2023 | None | Ba1 | BB | 4/21/2025 | 3/15, 6/15, 9/15 & 12/15 | YES",,2026-08-21T19:59:04Z
KEY-K,True,"KeyCorp, 5.625% Dep Shares Fixed-Rate Perp Non-Cumul Preferred Stock Series G",Traditional Preferred Stock,PREFERRED,KEY,493267868,NYSE,USD,False,True,FIXED,5.625,25.0,1.41,9/15/2024,25.0,,,,,,Ba1 BB,"3/15, 6/15, 9/15 & 12/15",4/21/2025,KEYLL,5/02/2019,False,"NYSE | 5.63% | $1.41 | $25.00 | $25.00 | 9/15/2024 | None | Ba1 | BB | 4/21/2025 | 3/15, 6/15, 9/15 & 12/15 | YES",,2026-08-21T19:59:05Z
KEY-L,True,"KeyCorp, Dep Shares Rate Reset Perp Non-Cumul Preferred Stock Series H",Traditional Preferred Stock,PREFERRED,KEY,493267843,NYSE,USD,False,True,RESET,6.2,25.0,1.55,12/15/2027,25.0,,,313.2,,,Baa3 BB+,"3/15, 6/15, 9/15 & 12/15",4/21/2025,KEYHL,8/26/2022,False,"NYSE | Reset Rate | $1.55 | $25.00 | $25.00 | 12/15/2027 | None | Baa3 | BB+ | 4/21/2025 | 3/15, 6/15, 9/15 & 12/15 | YES",reference_rate,2026-08-21T19:59:07Z
KIM-L,True,"Kimco Realty Corp., 5.125% Dep Shares Class L Cumul Redeem Preferred Stock",Traditional Preferred Stock,PREFERRED,KIM,49446R737,NYSE,USD,True,False,FIXED,5.125,25.0,1.28,8/16/2022,25.0,,,,,,Baa2 BBB-,"1/15, 4/15, 7/15 & 10/15",2/20/2024,KIMRP,8/17/2017,False,"NYSE | 5.13% | $1.28 | $25.00 | $25.00 | 8/16/2022 | None | Baa2 | BBB- | 2/20/2024 | 1/15, 4/15, 7/15 & 10/15 | No",,2026-08-21T19:59:08Z
KIM-M,True,"Kimco Realty Corp., 5.25% Dep Shares Class M Cumul Redeem Preferred Stock",Traditional Preferred Stock,PREFERRED,KIM,49446R711,NYSE,USD,True,False,FIXED,5.25,25.0,1.31,12/20/2022,25.0,,,,,,Baa2 BBB-,"1/15, 4/15, 7/15 & 10/15",2/20/2024,KMCCP,12/20/2017,False,"NYSE | 5.25% | $1.31 | $25.00 | $25.00 | 12/20/2022 | None | Baa2 | BBB- | 2/20/2024 | 1/15, 4/15, 7/15 & 10/15 | No",,2026-08-21T19:59:10Z
KIM-N,True,"Kimco Realty Corp., 7.25% Dep Shares Class N Cumulative Preferred Stock",Traditional Convertible Preferred Stock,PREFERRED,KIM,49446R687,NYSE,USD,True,False,FIXED,7.25,50.0,3.625,,50.0,,,,,,Not Redeemable None Baa2 BBB- 2/20/2024 2.296.3 $21.77,"1/15, 4/15, 7/15 & 10/15",,RPT-D,1/02/2024,False,"NYSE | 7.25% | $3.625 | $50.00 | $50.00 | Not Redeemable | None | Baa2 | BBB- | 2/20/2024 | 2.296.3 | $21.77 | 1/15, 4/15, 7/15 & 10/15 | No",,2026-08-21T19:59:11Z
KKR-D,True,KKR & Co. Inc 6.25% Series D Mandatory Convertible Preferred Stock,Mandatory Convertible Security,PREFERRED,KKR,48251W500,NYSE,USD,True,True,MAND_CONVERT,6.25,50.0,3.125,,50.0,,,,,,Not Callable 3/01/2028 NR NR 3/05/2025 0.3312@$150.96+ 0.4140@$120.77-,"3/1, 6/1, 9/1 & 12/1",,,,False,"NYSE | 6.25% | $3.125 | $50.00 | $50.00 | Not Callable | 3/01/2028 | NR NR | 3/05/2025 | 0.3312@$150.96+ | 0.4140@$120.77- | 3/1, 6/1, 9/1 & 12/1 | YES",,2026-08-21T19:59:12Z
KKRS,True,KKR Group Finance Co. IX LLC 4.625% Subordinated Notes due 4/1/2061,Exchange-Traded Debt Security,BABY_BOND,KKR,48253M104,NYSE,USD,,False,FIXED,4.625,25.0,1.15625,4/01/2026,25.0,4/01/2061,,,,,NF NR,"1/1, 4/1, 7/1 & 10/1",4/21/2025,,,False,"NYSE | 4.63% | $1.15625 | $25.00 | $25.00 | 4/01/2026 | 4/01/2061 | NF NR | 4/21/2025 | 1/1, 4/1, 7/1 & 10/1 | No",,2026-08-21T19:59:14Z
KKRT,True,KKR & Co. Inc. 6.875% Subordinated Notes due 2065,Exchange-Traded Debt Security,BABY_BOND,KKR,48251W609,NYSE,USD,,False,FIXED,6.875,25.0,1.71875,6/01/2030,25.0,6/01/2065,,,,,NF NR,"3/1, 6/1, 9/1 & 12/1",6/02/2025,,,False,"NYSE | 6.88% | $1.71875 | $25.00 | $25.00 | 6/01/2030 | 6/01/2065 | NF NR | 6/02/2025 | 3/1, 6/1, 9/1 & 12/1 | No",,2026-08-21T19:59:15Z
KMPB,True,Kemper Corp 5.875% Fixed-Rate Reset Junior Sub Debentures due 03/15/2062,Exchange-Traded Debt Security,BABY_BOND,KMPR,488401308,NYSE,USD,,False,RESET,5.875,25.0,1.46875,3/15/2027,25.0,3/15/2062,,414.0,,,Ba1 BB,"3/15, 6/15, 9/15 & 12/15",11/30/2025,,,False,"NYSE | Reset Rate | $1.46875 | $25.00 | $25.00 | 3/15/2027 | 3/15/2062 | Ba1 | BB | 11/30/2025 | 3/15, 6/15, 9/15 & 12/15 | No",reference_rate,2026-08-21T19:59:17Z
KREF-A,True,KKR Real Estate Finance Trust Inc. 6.50% Series A Cumulative Red Prfd Stock,Traditional Preferred Stock,PREFERRED,KREF,48251K209,NYSE,USD,True,False,FIXED,6.5,25.0,1.625,4/16/2026,25.0,,,,,,NR NR,"3/15, 6/15, 9/15 & 12/15",3/19/2024,KREFP,4/26/2021,False,"NYSE | 6.50% | $1.625 | $25.00 | $25.00 | 4/16/2026 | None | NR NR | 3/19/2024 | 3/15, 6/15, 9/15 & 12/15 | No",,2026-08-21T19:59:18Z
KTBA,True,"Structured Products CorTS, BellSouth Debentures 7.00% Certificates Due 12/1/2095",Third Party Trust Preferred,TP,T,22080E205,OTOTC,USD,,False,FIXED,7.0,25.0,,,,,,,,,7.00% $1.75 $25.00 N/A Noncallable 12/01/2095 WR NF,6/1 & 12/1,5/26/2025,KTB,2/23/2007,False,OTOTCn | OTOTCps | 7.00% | $1.75 | $25.00 | N/A | Noncallable | 12/01/2095 | WR | NF | 5/26/2025 | 6/1 & 12/1 | No,cumulative,2026-08-21T19:59:20Z
KTH,True,"Structured Products CorTS, PECO Energy Cap Trust III, 8% Certificates",Third Party Trust Preferred,TP,EXC,22080R206,NYSE,USD,True,False,FIXED,8.0,27.1,2.0,,27.1,,,,,,Noncallable 4/06/2028 A3 BBB,4/30 & 10/31,6/15/2025,,,False,NYSE | 8.00% | $2.00 | $27.10 | $27.10 | Noncallable | 4/06/2028 | A3 | BBB | 6/15/2025 | 4/30 & 10/31 | No,,2026-08-21T19:59:21Z
KTN,True,"Structured Products CorTS, Aon Capital A, 8.205% Certificates",Third Party Trust Preferred,TP,AON,22532R101,NYSE,USD,,False,FIXED,8.205,25.0,2.05,,25.0,,,,,,Noncallable 1/01/2027 WR BBB,1/1 & 7/1,4/20/2025,,,False,NYSE | 8.21% | $2.05 | $25.00 | $25.00 | Noncallable | 1/01/2027 | WR | BBB | 4/20/2025 | 1/1 & 7/1 | No,cumulative,2026-08-21T19:59:22Z
LANDM,True,Gladstone Land Corp 5.00% Series D Cumulative Term Preferred Stock Due 1/31/2026,Traditional Preferred Stock,PREFERRED,LAND,376549507,NGM,USD,True,False,FIXED,5.0,25.0,1.25,1/31/2023,25.0,1/31/2026,,,,,NF NF 11/30/2025 5th day of the Month,,,LANPP,1/25/2021,True,NGM | 5.00% | $1.25 | $25.00 | $25.00 | 1/31/2023 | 1/31/2026 | NF NF | 11/30/2025 | 5th day of the Month | No,,2026-08-21T19:59:24Z
LANDO,True,"Gladstone Land Corp., 6.00% Series B Cumulative Redeemable Preferred Stock",Traditional Preferred Stock,PREFERRED,LAND,376549309,NGM,USD,True,False,FIXED,6.0,25.0,1.5,1/10/2022,25.0,,,,,,NF NF 5/21/2023 Last day of each month,,,GDVPP,10/20/2020,False,NGM | 6.00% | $1.50 | $25.00 | $25.00 | 1/10/2022 | None | NF NF | 5/21/2023 | Last day of each month | No,,2026-08-21T19:59:25Z
LANDP,True,Gladstone Land Corp 6.00% Series C Cumulative Redeemable Preferred Stock,Traditional Preferred Stock,PREFERRED,LAND,376549408,NGM,USD,True,False,FIXED,6.0,25.0,1.5,6/01/2024,25.0,,,,,,NF NF 6/08/2023 5th day of the Month,,,,,False,NGM | 6.00% | $1.5 | $25.00 | $25.00 | 6/01/2024 | NONE | NF NF | 6/08/2023 | 5th day of the Month | No,,2026-08-21T19:59:27Z
LAUCF,True,"Laurentian Bank of Canada Non-Cumulative Class A Preferred Shares, Series 13",Traditional Preferred Stock,PREFERRED,LRCDF,51925D825,OTOTC,CAD,False,False,FIXED,,25.0,,,,,,,,,Reset Rate $1.03 $25.00 $25.00 6/15/2024 None NF BB-,"3/15, 6/15, 9/15 & 12/15",11/30/2025,,,False,"OTOTCn | OTOTCps | Reset Rate | $1.03 | $25.00 | $25.00 | 6/15/2024 | None | NF | BB- | 11/30/2025 | 3/15, 6/15, 9/15 & 12/15 | No",coupon_pct,2026-08-21T19:59:28Z
LBRDP,True,Liberty Broadband Series A Cumulative Redeemable Preferred Stock,Traditional Preferred Stock,PREFERRED,LBRDA,36164V503,NGM,USD,True,False,FIXED,,,,,,,,,,,$25.00 $25.00 N/A N/A - - -,"1/15, 4/15, 7/15 & 10/15",,GLIBP,12/18/2020,False,"NGM | n.a. | n.a. | $25.00 | $25.00 | N/A | N/A | - | - | - | 1/15, 4/15, 7/15 & 10/15 | No",coupon_pct;par,2026-08-21T19:59:30Z
LEHKQ,True,"Lehman Brothers Holdings Capital Trust III, 6.375% Preferred Securities Series K",Trust Preferred Security,TRUPS,LEHMQ,52519Y209,OTOTC,USD,,False,FIXED,6.375,25.0,,3/15/2008,,,,,,,6.38% $1.59 $25.00 $25.00 3/15/2008 3/15/2052 WR NF 3/19/2024 Suspended!,"3/15, 6/15, 9/15 & 12/15",,LEH-K,9/17/2008,False,"OTOTCn | OTOTCps | 6.38% | $1.59 | $25.00 | $25.00 | 3/15/2008 | 3/15/2052 | WR | NF | 3/19/2024 | Suspended! | 3/15, 6/15, 9/15 & 12/15 | No",cumulative,2026-08-21T19:59:31Z
LEHLQ,True,"Lehman Brothers Holdings Capital Trust IV, 6.375% Preferred Securities Series L",Trust Preferred Security,TRUPS,LEHMQ,52520B206,OTOTC,USD,,False,FIXED,6.375,25.0,,10/31/2008,,,,,,,6.38% $1.59 $25.00 $25.00 10/31/2008 10/31/2052 WR NF 3/19/2024 Suspended!,"1/31, 4/30, 7/31 & 10/31",,LEH-L,9/17/2008,False,"OTOTCn | OTOTCps | 6.38% | $1.59 | $25.00 | $25.00 | 10/31/2008 | 10/31/2052 | WR | NF | 3/19/2024 | Suspended! | 1/31, 4/30, 7/31 & 10/31 | No",cumulative,2026-08-21T19:59:32Z
LEHNQ,True,"Lehman Brothers Holdings Capital Trust VI, 6.24% Preferred Securities, Series N",Trust Preferred Security,TRUPS,LEHMQ,52520X208,OTOTC,USD,,False,FIXED,6.24,25.0,,1/18/2010,,,,,,,6.24% $1.56 $25.00 $25.00 1/18/2010 1/18/2054 WR NF 3/19/2024 Suspended!,"1/18, 4/18, 7/18 & 10/18",,LEH-N,9/17/2008,False,"OTOTCn | OTOTCps | 6.24% | $1.56 | $25.00 | $25.00 | 1/18/2010 | 1/18/2054 | WR | NF | 3/19/2024 | Suspended! | 1/18, 4/18, 7/18 & 10/18 | No",cumulative,2026-08-21T19:59:34Z
LFMDP,True,"LifeMD, Inc. 8.875% Series A Cumulative Perpetual Preferred Stock",Traditional Preferred Stock,PREFERRED,LFMD,53216B203,NCM,USD,True,True,FIXED,8.875,25.0,2.21875,10/15/2024,25.25,,,,,,NR NR,"1/15, 4/15, 7/15 & 10/15",4/18/2025,,,False,"NCM | 8.88% | $2.21875 | $25.00 | $25.25 | 10/15/2024 | None | NR NR | 4/18/2025 | 1/15, 4/15, 7/15 & 10/15 | YES",,2026-08-21T19:59:35Z
LFT-A,True,"Lument Finance Trust, Inc. 7.875% Series A Cumulative Redeemable Preferred Stock",Traditional Preferred Stock,PREFERRED,LFT,55025L207,NYSE,USD,True,False,FIXED,7.875,25.0,1.96875,5/05/2026,25.0,,,,,,NF NF,"1/15, 4/15, 7/15 & 10/15",3/19/2024,LFTPP,5/10/2021,False,"NYSE | 7.88% | $1.96875 | $25.00 | $25.00 | 5/05/2026 | None | NF NF | 3/19/2024 | 1/15, 4/15, 7/15 & 10/15 | No",,2026-08-21T19:59:37Z
LHHMQ,True,"Lehman Brothers Holdings Capital Trust V, 6.00% Preferred Securities Series M",Trust Preferred Security,TRUPS,LEHMQ,52520E200,OTOTC,USD,,False,FIXED,6.0,25.0,,4/22/2009,,,,,,,6.00% $1.50 $25.00 $25.00 4/22/2009 4/22/2053 WR NF 3/19/2024 Suspended!,"1/22, 4/22, 7/22 & 10/22",,LEH-M,9/17/2008,False,"OTOTCn | OTOTCps | 6.00% | $1.50 | $25.00 | $25.00 | 4/22/2009 | 4/22/2053 | WR | NF | 3/19/2024 | Suspended! | 1/22, 4/22, 7/22 & 10/22 | No",cumulative,2026-08-21T19:59:38Z
LNC-D,True,"Lincoln National Corp 9.0% Dep Shares Non-cumulative Preferred Stock, Series D",Traditional Preferred Stock,PREFERRED,LNC,534187885,NYSE,USD,False,True,FIXED,9.0,25.0,2.25,12/01/2027,25.0,,,,,,Ba1 BBB-,"3/1, 6/1, 9/1 & 12/1",2/20/2024,LNCDL,12/02/2022,False,"NYSE | 9.00% | $2.25 | $25.00 | $25.00 | 12/01/2027 | None | Ba1 | BBB- | 2/20/2024 | 3/1, 6/1, 9/1 & 12/1 | YES",,2026-08-21T19:59:40Z
LOB-A,True,Live Oak Bancshares 8.375% Dep Shares Series A Non-Cumulative Preferred Stock,Traditional Preferred Stock,PREFERRED,LOB,53803X402,NYSE,USD,False,True,FIXED,8.375,25.0,2.09375,9/15/2030,25.0,,,,,,NR NR,"3/15, 6/15, 9/15 & 12/15",7/30/2025,LOBCL,8/06/2025,False,"NYSE | 8.38% | $2.09375 | $25.00 | $25.00 | 9/15/2030 | None | NR NR | 7/30/2025 | 3/15, 6/15, 9/15 & 12/15 | YES",,2026-08-21T19:59:41Z
LTSA,True,,,,,,,,,,,,,,,,,,,,,,,,,,,,no_ticker_label,2026-08-21T19:59:42Z
LTSAP,True,"Osaic Financial Services, 8.00% Series A Cumul Redeem Pfd Stock",Traditional Preferred Stock,PREFERRED,LTS*,50575Q201,OTOTC,USD,True,True,FIXED,8.0,25.0,,5/24/2018,,,,,,,8.00% $2.00 $25.00 $25.00 5/24/2018 None NF NF 5/26/2025 28th day of each month,,,LTS-A,3/10/2020,False,OTOTCn | OTOTCps | 8.00% | $2.00 | $25.00 | $25.00 | 5/24/2018 | None | NF NF | 5/26/2025 | 28th day of each month | YES,,2026-08-21T19:59:44Z
LTSF,True,"Osaic Financial Services, 7.00% Senior Notes due 5/31//2028",Exchange-Traded Debt Security,BABY_BOND,LTS*,50575Q110,OTOTC,USD,,False,FIXED,7.0,25.0,,5/31/2021,,,,,,,7.00% $1.75 $25.00 $25.00 5/31/2021 5/31/2028 NF NF,"3/31, 6/30, 9/30 & 12/31",5/26/2025,,,False,"OTOTCn | OTOTCps | 7.00% | $1.75 | $25.00 | $25.00 | 5/31/2021 | 5/31/2028 | NF NF | 5/26/2025 | 3/31, 6/30, 9/30 & 12/31 | No",,2026-08-21T19:59:45Z
LTSH,True,"Osaic Financial Services, 7.75% Senior Notes due 6/30/2029",Exchange-Traded Debt Security,BABY_BOND,LTS*,50575Q508,OTOTC,USD,,False,FIXED,7.75,25.0,,6/30/2022,,,,,,,7.75% $1.94 $25.00 $25.00 6/30/2022 6/30/2029 NF NF,"3/31, 6/30, 9/30 & 12/31",5/26/2025,,,False,"OTOTCn | OTOTCps | 7.75% | $1.94 | $25.00 | $25.00 | 6/30/2022 | 6/30/2029 | NF NF | 5/26/2025 | 3/31, 6/30, 9/30 & 12/31 | No",,2026-08-21T19:59:47Z
LTSK,True,Osaic Financial Services 7.25% Senior Notes due 9/30/2028,Exchange-Traded Debt Security,BABY_BOND,LTS*,50575Q409,OTOTC,USD,,False,FIXED,7.25,25.0,,9/30/2021,,,,,,,7.25% $1.81 $25.00 $25.00 9/30/2021 9/30/2028 NF NF,"3/31, 6/30, 9/30 & 12/31",5/26/2025,,,False,"OTOTCn | OTOTCps | 7.25% | $1.81 | $25.00 | $25.00 | 9/30/2021 | 9/30/2028 | NF NF | 5/26/2025 | 3/31, 6/30, 9/30 & 12/31 | No",,2026-08-21T19:59:48Z
LTSL,True,"Osaic Financial Services, 6.50% Senior Notes due 11/30/2027",Exchange-Traded Debt Security,BABY_BOND,LTS*,50575Q300,OTOTC,USD,,False,FIXED,6.5,25.0,,11/30/2020,,,,,,,6.50% $1.63 $25.00 $25.00 11/30/2020 11/30/2027 NF NF,"3/31, 6/30, 9/30 & 12/31",5/26/2025,,,False,"OTOTCn | OTOTCps | 6.50% | $1.63 | $25.00 | $25.00 | 11/30/2020 | 11/30/2027 | NF NF | 5/26/2025 | 3/31, 6/30, 9/30 & 12/31 | No",,2026-08-21T19:59:50Z
LUXPQ,True,LuxUrban Hotels Inc. 13% Series A Cumulative Redeemable Preferred Stock,Traditional Preferred Stock,PREFERRED,LUXHQ,21985R204,OTOTC,USD,True,False,FIXED,13.0,25.0,,10/26/2026,,,,,,,13.00% $3.25 $25.00 $26.00 AnyTime None NR NR 10/03/2023 Last Day of the Month,,,LLUXHP,9/18/2025,False,OTOTCn | OTOTCps | 13.00% | $3.25 | $25.00 | $26.00 | AnyTime | None | NR NR | 10/03/2023 | Last Day of the Month | No,,2026-08-21T19:59:51Z
LXP-C,True,"Lexington Realty Trust, 6.50% Series C Cumul Convertible Preferred Stock",Traditional Convertible Preferred Stock,PREFERRED,LXP,529043309,NYSE,USD,True,False,CONVERTIBLE,6.5,50.0,3.25,11/16/2009,50.0,,,,,,NR NR 6/15/2025 1.8643 $26.82,"2/15, 5/15, 8/15 & 11/15",,LXPJP,12/17/2004,False,"NYSE | 6.50% | $3.25 | $50.00 | $50.00 | 11/16/2009 | None | NR NR | 6/15/2025 | 1.8643 | $26.82 | 2/15, 5/15, 8/15 & 11/15 | No",,2026-08-21T19:59:53Z
MAA-I,True,"Mid-America Apartment Communities, 8 1/2% Series I Cumul Redeem Preferred Shares",Traditional Preferred Stock,PREFERRED,MAA,737464206,NYSE,USD,True,False,FIXED,2.0,50.0,4.25,10/01/2026,50.0,,,,,,WR BBB,"3/31, 6/30, 9/30 & 12/31",6/15/2025,PPS-A,12/01/2016,False,"NYSE | 8.50% | $4.25 | $50.00 | $50.00 | 10/01/2026 | None | WR | BBB | 6/15/2025 | 3/31, 6/30, 9/30 & 12/31 | No",,2026-08-21T19:59:54Z
MBINL,True,"Merchants Bancorp, 7.625% Dep Shares Series E Non-Cumul Perp Preferred Stock",Traditional Preferred Stock,PREFERRED,MBIN,58844R850,NCM,USD,False,True,FIXED,7.625,25.0,1.913,1/01/2030,25.0,,,,,,Ba3 NR,"1/1, 4/1, 7/1 & 10/1",11/19/2024,MBIEL,11/25/2024,False,"NCM | 7.63% | $1.913 | $25.00 | $25.00 | 1/01/2030 | None | Ba3 | NR | 11/19/2024 | 1/1, 4/1, 7/1 & 10/1 | YES",,2026-08-21T19:59:56Z
MBINM,True,"Merchants Bancorp, Reset Rate Dep Shares Series D Non-Cumul Preferred Stock",Traditional Preferred Stock,PREFERRED,MBIN,58844R884,NCM,USD,False,True,RESET,8.25,25.0,2.0625,10/01/2027,25.0,,,434.0,,,Ba3 NF,"1/1, 4/1, 7/1 & 10/1",6/15/2025,MBIPL,9/27/2022,False,"NCM | Reset Rate | $2.0625 | $25.00 | $25.00 | 10/01/2027 | None | Ba3 | NF | 6/15/2025 | 1/1, 4/1, 7/1 & 10/1 | YES",reference_rate,2026-08-21T19:59:57Z
MBINN,True,"Merchants Bancorp, 6.00% Dep Shares Series C Non-Cumul Perp Preferred Stock",Traditional Preferred Stock,PREFERRED,MBIN,58844R702,NCM,USD,False,True,FIXED,6.0,25.0,1.5,4/01/2026,25.0,,,,,,Ba3 NF,"1/1, 4/1, 7/1 & 10/1",6/15/2025,MRHBP,3/23/2021,False,"NCM | 6.00% | $1.5 | $25.00 | $25.00 | 4/01/2026 | None | Ba3 | NF | 6/15/2025 | 1/1, 4/1, 7/1 & 10/1 | YES",,2026-08-21T19:59:58Z
MBINO,True,"Merchants Bancorp, 6.00% Fixed/Float Series B Non-Cumul Perp Preferred Stock",Traditional Preferred Stock,PREFERRED,MBIN,58844R603,NCM,USD,False,True,FIX_TO_FLOAT,6.0,25.0,1.5,10/01/2024,25.0,,3M_SOFR,456.9,,,Called for 1/02/2025 None Ba3 NF,"1/1, 4/1, 7/1 & 10/1",4/23/2023,MCSBL,8/19/2019,True,"NCM | FixFloat | $1.50 | $25.00 | $25.00 | Called for | 1/02/2025 | None | Ba3 | NF | 4/23/2023 | 1/1, 4/1, 7/1 & 10/1 | YES",,2026-08-21T20:00:00Z
MBINP,True,"Merchants Bancorp, 7.00% Fixed/Float Series A Non-Cumul Perp Preferred Stock",Traditional Preferred Stock,PREFERRED,MBIN,58844R405,NCM,USD,False,True,FIX_TO_FLOAT,7.0,25.0,1.75,4/1/2024,25.0,,3M_LIBOR,460.5,,,Called for 4/01/2024 None Ba3 NF,"1/1, 4/1, 7/1 & 10/1",4/23/2023,MRBPP,3/29/2019,True,"NCM | FixFloat | $1.75 | $25.00 | $25.00 | Called for | 4/01/2024 | None | Ba3 | NF | 4/23/2023 | 1/1, 4/1, 7/1 & 10/1 | YES",,2026-08-21T20:00:02Z
MBNKO,True,"Medallion Bank Reset Rate Non-Cumulative Perpetual Preferred Stock, Ser G",Traditional Preferred Stock,PREFERRED,MFIN,58404D309,NGS,USD,False,True,FIXED,9.0,25.0,2.25,7/01/2030,25.0,,,,,,NR NF,"1/1, 4/1, 7/1 & 10/1",5/22/2025,MBNKG,5/22/2025,False,"NGS | 9.00% | $2.25 | $25.00 | $25.00 | 7/01/2030 | None | NR NF | 5/22/2025 | 1/1, 4/1, 7/1 & 10/1 | YES",,2026-08-21T20:00:03Z
MBNKP,True,"Medallion Bank 8.0% Fix/Float Non-Cumulative Perpetual Preferred Stock, Ser F",Traditional Preferred Stock,PREFERRED,MFIN,58403B205,NCM,USD,False,True,FIX_TO_FLOAT,8.0,25.0,2.0,4/01/2025,25.0,,3M_SOFR,646.0,,4/01/2025,Called for 7/01/2025 None NR NF,"1/1, 4/1, 7/1 & 10/1",6/15/2025,,,False,"NCM | FixFloat | $2.00 | $25.00 | $25.00 | Called for | 7/01/2025 | None | NR NF | 6/15/2025 | 1/1, 4/1, 7/1 & 10/1 | YES",,2026-08-21T20:00:05Z
MCHPP,True,Microchip Technology Dep Shares 7.50% Ser A Mandatory Convertible Prfd Stock,Mandatory Convertible Security,PREFERRED,MCHP,595017302,NGS,USD,True,False,MAND_CONVERT,7.5,50.0,3.75,,50.0,,,,,,Not Callable 3/15/2028 NR NR 3/21/2025 0.8003@$62.4766+ 0.9804@$50.9996-,"3/15, 6/15, 9/15 & 12/15",,MROCL,3/26/2025,False,"NGS | 7.50% | $3.75 | $50.00 | $50.00 | Not Callable | 3/15/2028 | NR NR | 3/21/2025 | 0.8003@$62.4766+ | 0.9804@$50.9996- | 3/15, 6/15, 9/15 & 12/15 | No",,2026-08-21T20:00:06Z
MCLPF,True,mCloud Technologies Corp 9.0% Series A Cumulative Perpetual Preferred Shares,Traditional Convertible Preferred Stock,PREFERRED,MCLDF,582270708,OTOTC,USD,True,False,FIXED,9.0,25.0,,12/22/23,,,,,,,9.00% $2.25 $25.00 $25.00 12/22/2023 None NF NF 3/19/2024 9.0909 N/A Suspended! 23rd of the Month,,,MCLDP,10/12/2023,False,OTOTCn | OTOTCps | 9.00% | $2.25 | $25.00 | $25.00 | 12/22/2023 | None | NF NF | 3/19/2024 | 9.0909 | N/A | Suspended! | 23rd of the Month | No,,2026-08-21T20:00:08Z
MDRRP,True,"Medalist Diversified REIT, Inc. 8.0% Ser A Cumulative Prfd Stock Due 02/19/2025",Traditional Preferred Stock,PREFERRED,MDRR,58403P204,NCM,USD,True,False,FIXED,8.0,25.0,2.0,02/19/2022,25.0,,,,,,Called for 1/10/2025 2/19/2025 NF NF,"1/25, 4/25, 7/25 & 10/25",3/19/2024,,,True,"NCM | 8.00% | $2 | $25.00 | $25.00 | Called for | 1/10/2025 | 2/19/2025 | NF NF | 3/19/2024 | 1/25, 4/25, 7/25 & 10/25 | No",,2026-08-21T20:00:09Z
MER-K,True,"Bank of America Corp, 6.45% Income Capital Obligation Notes ICONS due 12/15/2066",Exchange-Traded Debt Security,BABY_BOND,BAC,060505179,NYSE,USD,,False,FIXED,6.45,25.0,1.61,12/15/2011,25.0,12/15/2066,,,,,Baa2 BBB-,"3/15, 6/15, 9/15, & 12/15",3/19/2024,,,False,"NYSE | 6.45% | $1.61 | $25.00 | $25.00 | 12/15/2011 | 12/15/2066 | Baa2 | BBB- | 3/19/2024 | 3/15, 6/15, 9/15, & 12/15 | No",,2026-08-21T20:00:11Z
MET-A,True,"MetLife, Floating Rating Non-Cumulative Preferred Stock, Series A",Traditional Preferred Stock,PREFERRED,MET,59156R504,NYSE,USD,False,True,VARIABLE,,25.0,,9/15/2010,,,3M_TERM_SOFR,,,,$25.00 $25.00 9/15/2010 None Baa3 BBB-,"3/15, 6/15, 9/15 & 12/15",4/21/2025,METFP,6/27/2005,False,"NYSE | Variable | n.a. | $25.00 | $25.00 | 9/15/2010 | None | Baa3 | BBB- | 4/21/2025 | 3/15, 6/15, 9/15 & 12/15 | YES",coupon_pct;float_spread_bps,2026-08-21T20:00:12Z
MET-E,True,"MetLife, 5.625% Depositary Shares Non-Cumulative Preferred Stock Series E",Traditional Preferred Stock,PREFERRED,MET,59156R876,NYSE,USD,False,True,FIXED,5.625,25.0,1.41,6/15/2023,25.0,,,,,,Baa2 BBB,"3/15, 6/15, 9/15 & 12/15",4/21/2025,MTLLP,6/08/2018,False,"NYSE | 5.63% | $1.41 | $25.00 | $25.00 | 6/15/2023 | None | Baa2 | BBB | 4/21/2025 | 3/15, 6/15, 9/15 & 12/15 | YES",,2026-08-21T20:00:13Z
MET-F,True,"MetLife, 4.75% Depositary Shares Non-Cumulative Preferred Stock, Series F",Traditional Preferred Stock,PREFERRED,MET,59156R850,NYSE,USD,False,True,FIXED,4.75,25.0,1.1875,3/15/2025,25.0,,,,,,Baa2 BBB,"3/15, 6/15, 9/15 & 12/15",4/20/2025,METFL,1/17/2020,False,"NYSE | 4.75% | $1.1875 | $25.00 | $25.00 | 3/15/2025 | None | Baa2 | BBB | 4/20/2025 | 3/15, 6/15, 9/15 & 12/15 | YES",,2026-08-21T20:00:15Z
METCI,True,"Ramaco Resources, Inc. 8.250% Senior Notes due 2030",Exchange-Traded Debt Security,BABY_BOND,METC,75134P808,NGS,USD,,False,FIXED,8.25,25.0,2.0625,7/31/2027,25.0,7/31/2030,,,,,NR NR,"1/30, 4/30, 7/30 & 10/30",7/24/2025,,,False,"NGS | 8.25% | $2.0625 | $25.00 | $25.00 | 7/31/2027 | 7/31/2030 | NR NR | 7/24/2025 | 1/30, 4/30, 7/30 & 10/30 | No",,2026-08-21T20:00:16Z
METCL,True,"Ramaco Resources, Inc. 9.00% Senior Notes due 07/30/2026",Exchange-Traded Debt Security,BABY_BOND,METC,75134P402,NGS,USD,,False,FIXED,9.0,25.0,2.25,07/30/2023,25.0,,,,,,Called for 8/04/2025 7/30/2026 NR NR,"1/30, 4/30, 7/30 & 10/30",4/21/2024,,,True,"NGS | 9.00% | $2.25 | $25.00 | $25.00 | Called for | 8/04/2025 | 7/30/2026 | NR NR | 4/21/2024 | 1/30, 4/30, 7/30 & 10/30 | No",,2026-08-21T20:00:18Z
METCZ,True,"Ramaco Resources, Inc 8.375% Senior Notes due 11/30/2029",Exchange-Traded Debt Security,BABY_BOND,METC,75134P709,NGS,USD,,False,FIXED,8.375,25.0,2.09375,11/30/2026,25.0,11/30/2029,,,,,NR NR,"1/30, 4/30, 7/30 & 10/30",1/20/2025,,,False,"NGS | 8.38% | $2.09375 | $25.00 | $25.00 | 11/30/2026 | 11/30/2029 | NR NR | 1/20/2025 | 1/30, 4/30, 7/30 & 10/30 | No",,2026-08-21T20:00:19Z
MFA-B,True,"MFA Financial, 7.50% Series B Cumulative Redeemable Preferred Stock",Traditional Preferred Stock,PREFERRED,MFA,55272X409,NYSE,USD,True,False,FIXED,7.5,25.0,1.88,4/15/2018,25.0,,,,,,NF NF,"3/31, 6/30, 9/30 & 12/31",2/20/2024,MFABP,4/18/2013,False,"NYSE | 7.50% | $1.88 | $25.00 | $25.00 | 4/15/2018 | None | NF NF | 2/20/2024 | 3/31, 6/30, 9/30 & 12/31 | No",,2026-08-21T20:00:21Z
MFA-C,True,"MFA Financial, 6.50% Series C Fix/Float Cumulative Redeemable Preferred Stock",Traditional Preferred Stock,PREFERRED,MFA,55272X508,NYSE,USD,True,False,FIX_TO_FLOAT,6.5,25.0,1.625,3/31/2025,25.0,,3M_LIBOR,534.5,,3/21/2025,NF NF,"3/31, 6/30, 9/30 & 12/31",12/31/2023,MFABO,3/04/2020,False,"NYSE | FixFloat | $1.625 | $25.00 | $25.00 | 3/31/2025 | None | NF NF | 12/31/2023 | 3/31, 6/30, 9/30 & 12/31 | No",,2026-08-21T20:00:22Z
MFAN,True,"MFA Financial, Inc. 8.875% Senior Notes due 02/15/2029",Exchange-Traded Debt Security,BABY_BOND,MFA,55272X706,NYSE,USD,,False,FIXED,8.875,25.0,2.21875,2/15/2026,25.0,2/15/2029,,,,,NR NR,"2/15, 5/15, 8/15 & 11/15",1/09/2024,,,False,"NYSE | 8.88% | $2.21875 | $25.00 | $25.00 | 2/15/2026 | 2/15/2029 | NR NR | 1/09/2024 | 2/15, 5/15, 8/15 & 11/15 | No",,2026-08-21T20:00:24Z
MFAO,True,"MFA Financial, Inc. 9.00% Senior Notes due 08/15/2029",Exchange-Traded Debt Security,BABY_BOND,MFA,55272X805,NYSE,USD,,False,FIXED,9.0,25.0,2.25,8/15/2026,25.0,8/15/2029,,,,,NF NF,"2/15, 5/15, 8/15 & 11/15",4/16/2024,,,False,"NYSE | 9.00% | $2.25 | $25.00 | $25.00 | 8/15/2026 | 8/15/2029 | NF NF | 4/16/2024 | 2/15, 5/15, 8/15 & 11/15 | No",,2026-08-21T20:00:25Z
MFCPF,True,"Manulife Financial Corp., 4.10% Class A Preferred Shares, Series 1",Traditional Preferred Stock,PREFERRED,MFC,Unknown,OTOTC,CAD,False,False,FIXED,4.1,25.0,,06/19/2010,,,,,,,4.10% $1.125 $25.00 $25.00 3/19/2014 None NR BBB+,"3/19, 6/19, 9/19 & 12/19",4/18/2025,,,False,"OTOTCn | OTOTCps | 4.10% | $1.125 | $25.00 | $25.00 | 3/19/2014 | None | NR | BBB+ | 4/18/2025 | 3/19, 6/19, 9/19 & 12/19 | No",,2026-08-21T20:00:27Z
MFICL,True,MidCap Financial Investment Corp 8.00% Unsecured Notes Due 12/15/2028,Exchange-Traded Debt Security,BABY_BOND,MFIC,03761U601,NGS,USD,,False,FIXED,8.0,25.0,2.0,12/15/2025,25.0,12/15/2028,,,,,NR NR,"3/15, 6/15, 9/15 & 12/15",12/07/2023,,,False,"NGS | 8.00% | $2 | $25.00 | $25.00 | 12/15/2025 | 12/15/2028 | NR NR | 12/07/2023 | 3/15, 6/15, 9/15 & 12/15 | No",,2026-08-21T20:00:28Z
MGR,True,"Affiliated Managers Group, 5.875% Junior Subordinated Notes due 3/30/2059",Exchange-Traded Debt Security,BABY_BOND,AMG,008252850,NYSE,USD,,False,FIXED,5.875,25.0,1.47,3/30/2024,25.0,3/30/2059,,,,,Baa1 BBB-,"3/30, 6/30, 9/30 & 12/30",4/18/2025,,,False,"NYSE | 5.88% | $1.47 | $25.00 | $25.00 | 3/30/2024 | 3/30/2059 | Baa1 | BBB- | 4/18/2025 | 3/30, 6/30, 9/30 & 12/30 | No",,2026-08-21T20:00:29Z
MGRB,True,"Affiliated Managers Group, Inc. 4.75% Junior Subordinated Notes due 9/30/2060",Exchange-Traded Debt Security,BABY_BOND,AMG,008252843,NYSE,USD,,False,FIXED,4.75,25.0,1.1875,9/30/2025,25.0,9/30/2060,,,,,Baa1 BBB-,"3/30, 6/30, 9/30 & 12/30",4/18/2025,,,False,"NYSE | 4.75% | $1.1875 | $25.00 | $25.00 | 9/30/2025 | 9/30/2060 | Baa1 | BBB- | 4/18/2025 | 3/30, 6/30, 9/30 & 12/30 | No",,2026-08-21T20:00:31Z
MGRD,True,"Affiliated Managers Group, Inc. 4.20% Junior Subordinated Notes due 09/30/2061",Exchange-Traded Debt Security,BABY_BOND,AMG,008252835,NYSE,USD,,False,FIXED,4.2,25.0,1.05,9/30/2026,25.0,9/30/2061,,,,,Baa1 BBB-,"3/30, 6/30, 9/30 & 12/30",4/18/2025,,,False,"NYSE | 4.20% | $1.05 | $25.00 | $25.00 | 9/30/2026 | 9/30/2061 | Baa1 | BBB- | 4/18/2025 | 3/30, 6/30, 9/30 & 12/30 | No",,2026-08-21T20:00:32Z
MGRE,True,"Affiliated Managers Group, Inc. 6.750% Junior Subordinated Notes due 03/30/2064",Exchange-Traded Debt Security,BABY_BOND,AMG,008252827,NYSE,USD,,False,FIXED,6.75,25.0,1.6875,3/30/2029,25.0,3/30/2064,,,,,Baa1 BBB-,"3/30, 6/30, 9/30 & 12/30",3/29/2024,,,False,"NYSE | 6.75% | $1.6875 | $25.00 | $25.00 | 3/30/2029 | 3/30/2064 | Baa1 | BBB- | 3/29/2024 | 3/30, 6/30, 9/30 & 12/30 | No",,2026-08-21T20:00:34Z
MHGUP,True,"Meritage Hospitality Group, Convertible Preferred, Series B",Traditional Convertible Preferred Stock,PREFERRED,,59000K408,OTOTC,USD,True,False,CONVERTIBLE,8.0,10.0,,,,,,,,,"8.00% $0.8 $10.00 $10.00 3/18/2007 None NF NF 4/18/2025 N/A $5.57 Notes: The Company held a special meeting of shareholders at 10:00 a.m. on January 23, 2007. At the special meeting, a majority of outstanding common shares voted in favor of a going private transaction by means of a reverse stock split of the Company’s issued and outstanding common shares at a ratio of 1-for-300, followed immediately by a 300-for-1 forward stock split of common shares. The proposal passed with 3,122,000 common shares voting in favor of the Transaction. The aggregate number of common shares represented in person or by proxy at the special meeting was 4,272,417 or 78.5% of the 5,440,598 issued and outstanding common shares entitled to vote on the proposal, and constituted a quorum for the transaction of business.","3/1, 6/1, 9/1 & 12/1",,,,False,"OTOTCn | OTOTCps | 8.00% | $0.8 | $10.00 | $10.00 | 3/18/2007 | None | NF NF | 4/18/2025 | N/A | $5.57 | 3/1, 6/1, 9/1 & 12/1 | No | Notes: The Company held a special meeting of shareholders at 10:00 a.m. on January 23, 2007. At the special meeting, a majority of outstanding common shares voted in favor of a going private transaction by means of a reverse stock split of the Company’s issued and outstanding common shares at a ratio of 1-for-300, followed immediately by a 300-for-1 forward stock split of common shares. The proposal passed with 3,122,000 common shares voting in favor of the Transaction. The aggregate number of common shares represented in person or by proxy at the special meeting was 4,272,417 or 78.5% of the 5,440,598 issued and outstanding common shares entitled to vote on the proposal, and constituted a quorum for the transaction of business.",,2026-08-21T20:00:35Z
MHLA,True,"Maiden Holdings Ltd, 6.625% Notes due 6/14/2046",Exchange-Traded Debt Security,BABY_BOND,MHLD,560292302,NYSE,USD,,False,FIXED,6.625,25.0,1.66,6/14/2021,25.0,6/14/2046,,,,,NF NF,"3/14, 6/14, 9/14 & 12/14",11/30/2025,,,False,"NYSE | 6.63% | $1.66 | $25.00 | $25.00 | 6/14/2021 | 6/14/2046 | NF NF | 11/30/2025 | 3/14, 6/14, 9/14 & 12/14 | No",,2026-08-21T20:00:37Z
MHNC,True,"Maiden Holdings North America Ltd, 7.75% Notes due 12/1/2043",Exchange-Traded Debt Security,BABY_BOND,MHLD,56029Q408,NYSE,USD,,False,FIXED,7.75,25.0,1.94,12/01/2018,25.0,12/01/2043,,,,,NF NF,"3/1, 6/1, 9/1 & 12/1",6/15/2025,,,False,"NYSE | 7.75% | $1.94 | $25.00 | $25.00 | 12/01/2018 | 12/01/2043 | NF NF | 6/15/2025 | 3/1, 6/1, 9/1 & 12/1 | No",,2026-08-21T20:00:38Z
MINDP,True,"MIND Technology, Inc., 9.00% Series A Cumulative Preferred Stock",Traditional Preferred Stock,PREFERRED,MIND,606501302,NGS,USD,True,True,FIXED,9.0,25.0,2.25,6/08/2021,25.0,,,,,,NF NF 4/23/2023 Suspended!,"1/31, 4/30, 7/31 & 10/31",,,,True,"NGS | 9.00% | $2.25 | $25.00 | $25.00 | 6/08/2021 | None | NF NF | 4/23/2023 | Suspended! | 1/31, 4/30, 7/31 & 10/31 | YES",,2026-08-21T20:00:40Z
MITN,True,AG Mortgage Investment Trust 9.500% Senior Notes due 2/15/2029,Exchange-Traded Debt Security,BABY_BOND,MITT,001228600,NYSE,USD,,False,FIXED,9.5,25.0,2.375,2/15/2026,25.0,2/15/2029,,,,,NR NR,"2/15, 5/15, 8/15 & 11/15",2/16/2024,,,False,"NYSE | 9.50% | $2.375 | $25.00 | $25.00 | 2/15/2026 | 2/15/2029 | NR NR | 2/16/2024 | 2/15, 5/15, 8/15 & 11/15 | No",,2026-08-21T20:00:41Z
MITP,True,"AG Mortgage Investment Trust, Inc 9.500% Senior Notes due 5/15/2029",Exchange-Traded Debt Security,BABY_BOND,MITT,001228709,NYSE,USD,,False,FIXED,9.5,25.0,2.375,5/15/2026,25.0,5/15/2029,,,,,NR NR,"2/15, 5/15, 8/15 & 11/15",5/09/2024,,,False,"NYSE | 9.50% | $2.375 | $25.00 | $25.00 | 5/15/2026 | 5/15/2029 | NR NR | 5/09/2024 | 2/15, 5/15, 8/15 & 11/15 | No",,2026-08-21T20:00:43Z
MITT-A,True,"AG Mortgage Investment Trust, 8.25% Series A Cumulative Redeem Preferred Stock",Traditional Preferred Stock,PREFERRED,MITT,001228204,NYSE,USD,True,False,FIXED,8.25,25.0,2.06,8/03/2017,25.0,,,,,,NF NF,"3/17, 6/17, 9/17 & 12/17",4/18/2025,MITTP,8/06/2012,False,"NYSE | 8.25% | $2.06 | $25.00 | $25.00 | 8/03/2017 | None | NF NF | 4/18/2025 | 3/17, 6/17, 9/17 & 12/17 | No",,2026-08-21T20:00:44Z
MITT-B,True,"AG Mortgage Investment Trust, 8.00% Series B Cumul Redeem Preferred Stock",Traditional Preferred Stock,PREFERRED,MITT,001228303,NYSE,USD,True,False,FIXED,8.0,25.0,2.0,9/27/2017,25.0,,,,,,NF NF,"3/17, 6/17, 9/17 & 12/17",4/18/2025,MITPP,9/27/2012,False,"NYSE | 8.00% | $2.00 | $25.00 | $25.00 | 9/27/2017 | None | NF NF | 4/18/2025 | 3/17, 6/17, 9/17 & 12/17 | No",,2026-08-21T20:00:46Z
MITT-C,True,"AG Mortgage Investment Trust, 8.00% Series C Fix/Float Cumul Redeem Prfd Stock",Traditional Preferred Stock,PREFERRED,MITT,001228402,NYSE,USD,True,False,FIX_TO_FLOAT,8.0,25.0,2.0,9/17/2024,25.0,,3M_LIBOR,647.6,,9/17/2024,NF NF,"3/17, 6/17, 9/17 & 12/17",4/18/2025,AGMGP,9/19/2019,False,"NYSE | FixFloat | $2.00 | $25.00 | $25.00 | 9/17/2024 | None | NF NF | 4/18/2025 | 3/17, 6/17, 9/17 & 12/17 | No",,2026-08-21T20:00:47Z
MLCIL,True,Mount Logan Capital Inc. 8.00% Senior Notes due 01/31/2031,Exchange-Traded Debt Security,BABY_BOND,MLCI,62188E202,NCM,USD,,False,FIXED,8.0,25.0,2.0,1/31/2028,25.0,1/31/2031,,,,,NR NR,"3/30, 6/30, 9/30 & 12/30",1/16/2026,,,False,"NCM | 8.00% | $2 | $25.00 | $25.00 | 1/31/2028 | 1/31/2031 | NR NR | 1/16/2026 | 3/30, 6/30, 9/30 & 12/30 | No",,2026-08-21T20:00:48Z
MNESP,True,MSA Safety Inc 4.50% Preferred Stock,Traditional Preferred Stock,PREFERRED,MSA,602720203,OTOTC,USD,True,True,FIXED,4.5,50.0,,,,,,,,,4.50% $2.25 $50.00 $52.50 Anytime None NF NF,"3/1, 6/1, 9/1 & 12/1",2/20/2024,,,False,"OTOTCn | OTOTCps | 4.50% | $2.25 | $50.00 | $52.50 | Anytime | None | NF NF | 2/20/2024 | 3/1, 6/1, 9/1 & 12/1 | YES",,2026-08-21T20:00:50Z
MNLCF,True,Manulife Financial Corp. Non-cumul Reset Rate Class 1 Series 19 Prfd Shares,Traditional Preferred Stock,PREFERRED,MFC,56501R676,OTOTC,CAD,False,False,FIXED,,,,,,,,,,,Reset Rate $0.91875 $25.00 $25.00 3/20/2025 None NF BBB+,"3/19, 6/19, 9/19 & 12/19",4/15/2025,,,False,"OTOTCn | OTOTCps | Reset Rate | $0.91875 | $25.00 | $25.00 | 3/20/2025 | None | NF | BBB+ | 4/15/2025 | 3/19, 6/19, 9/19 & 12/19 | No",coupon_pct;par,2026-08-21T20:00:51Z
MNQFF,True,"Manulife Financial Corp. 4.65% Non-cumulative Class A Shares, Series 2",Traditional Preferred Stock,PREFERRED,MFC,56501R403,OTOTC,CAD,False,False,FIXED,4.65,25.0,,03/19/2011,,,,,,,4.65% $1.1625 $25.00 $25.00 3/19/2014 None NR BBB+,"3/19, 6/19, 9/19 & 12/19",4/15/2025,,,False,"OTOTCn | OTOTCps | 4.65% | $1.1625 | $25.00 | $25.00 | 3/19/2014 | None | NR | BBB+ | 4/15/2025 | 3/19, 6/19, 9/19 & 12/19 | No",,2026-08-21T20:00:53Z
MNSBP,True,"MainStreet Bancshares, Inc. 7.50% Dep Shares Series A Non-Cumulative Prfd Stock",Traditional Preferred Stock,PREFERRED,MNSB,56064Y308,NCM,USD,False,True,FIXED,7.5,25.0,1.875,9/30/2025,25.0,,,,,,NF NF,"3/30, 6/30, 9/30 & 12/30",4/18/2025,,,False,"NCM | 7.50% | $1.875 | $25.00 | $25.00 | 9/30/2025 | None | NF NF | 4/18/2025 | 3/30, 6/30, 9/30 & 12/30 | YES",,2026-08-21T20:00:54Z
MNUFF,True,Manulife Financial Corp. 4.50% Non-cumulative Class A Preferred Shares Series 3,Traditional Preferred Stock,PREFERRED,MFC,56501R502,OTOTC,CAD,False,False,FIXED,4.5,25.0,,03/19/2011,,,,,,,4.50% $1.125 $25.00 $25.00 3/19/2014 None NR BBB+,"3/19, 6/19, 9/19 & 12/19",4/15/2025,,,False,"OTOTCn | OTOTCps | 4.50% | $1.125 | $25.00 | $25.00 | 3/19/2014 | None | NR | BBB+ | 4/15/2025 | 3/19, 6/19, 9/19 & 12/19 | No",,2026-08-21T20:00:55Z
MPLXP,True,MPLX LP Class A Preferred Units,Traditional Preferred Stock,PREFERRED,MPLX,55336V308,OTOTC,USD,,False,FIXED,,,,,,,,,,,2.11% n.a. N/A N/A N/A N/A - - -,,n.a.,,,False,OTOTCn | OTOTCps | 2.11% | n.a. | N/A | N/A | N/A | N/A | - | - | - | n.a. | No,cumulative;coupon_pct;par,2026-08-21T20:00:57Z
MS-A,True,Morgan Stanley Floating Rate Dep Shares Series A Non-cumul Preferred Stock,Traditional Preferred Stock,PREFERRED,MS,61747S504,NYSE,USD,False,True,VARIABLE,,25.0,,7/15/2011,,,3M_TERM_SOFR,70.0,,,$25.00 $25.00 7/15/2011 None Baa3 BBB-,"1/15, 4/15, 7/15 & 10/15",4/20/2025,MSPRJ,7/06/2006,False,"NYSE | Variable | n.a. | $25.00 | $25.00 | 7/15/2011 | None | Baa3 | BBB- | 4/20/2025 | 1/15, 4/15, 7/15 & 10/15 | YES",coupon_pct,2026-08-21T20:00:58Z
MS-E,True,"Morgan Stanley, 7.125% Dep Shares Fixed/Floating Non-Cumul Preferred Stock Ser E",Traditional Preferred Stock,PREFERRED,MS,61762V200,NYSE,USD,False,True,FIXED,7.125,25.0,1.78,10/15/2023,25.0,,,,,,Baa3 BBB-,"1/15, 4/15, 7/15 & 10/15",4/20/2025,MSDWL,10/02/2013,False,"NYSE | 7.13% | $1.78 | $25.00 | $25.00 | 10/15/2023 | None | Baa3 | BBB- | 4/20/2025 | 1/15, 4/15, 7/15 & 10/15 | YES",,2026-08-21T20:01:00Z
MS-F,True,"Morgan Stanley, 6.875% Dep Shares Fixed/Floating Non-Cumul Preferred Stock Ser F",Traditional Preferred Stock,PREFERRED,MS,61763E207,NYSE,USD,False,True,FIXED,6.875,25.0,1.72,1/15/2024,25.0,,,,,,Baa3 BBB-,"1/15, 4/15, 7/15 & 10/15",4/20/2025,MSTNL,12/13/2013,False,"NYSE | 6.88% | $1.72 | $25.00 | $25.00 | 1/15/2024 | None | Baa3 | BBB- | 4/20/2025 | 1/15, 4/15, 7/15 & 10/15 | YES",,2026-08-21T20:01:01Z
MS-I,True,"Morgan Stanley, 6.375% Dep Shares Fixed/Float Non-Cumul Preferred Stock Series I",Traditional Preferred Stock,PREFERRED,MS,61761J406,NYSE,USD,False,True,FIXED,6.375,25.0,1.59,10/15/2024,25.0,,,,,,Baa3 BBB-,"1/15, 4/15, 7/15 & 10/15",4/20/2025,MSQVP,9/23/2014,False,"NYSE | 6.38% | $1.59 | $25.00 | $25.00 | 10/15/2024 | None | Baa3 | BBB- | 4/20/2025 | 1/15, 4/15, 7/15 & 10/15 | YES",,2026-08-21T20:01:02Z
MS-K,True,"Morgan Stanley, 5.85% Dep Shares Fixed/Float Non-Cumul Preferred Stock Series K",Traditional Preferred Stock,PREFERRED,MS,61762V606,NYSE,USD,False,True,FIXED,5.85,25.0,1.46,4/15/2027,25.0,,,,,,Baa3 BBB-,"1/15, 4/15, 7/15 & 10/15",4/20/2025,MSDDP,2/03/2017,False,"NYSE | 5.85% | $1.46 | $25.00 | $25.00 | 4/15/2027 | None | Baa3 | BBB- | 4/20/2025 | 1/15, 4/15, 7/15 & 10/15 | YES",,2026-08-21T20:01:04Z
MS-L,True,Morgan Stanley Dep Shares 4.875% Non-Cumulative Preferred Stock Series L,Traditional Preferred Stock,PREFERRED,MS,61762V804,NYSE,USD,False,True,FIXED,4.875,25.0,1.22,1/15/2025,25.0,,,,,,Baa3 BBB-,"1/15, 4/15, 7/15 & 10/15",4/20/2025,MSLQL,11/27/2019,False,"NYSE | 4.88% | $1.22 | $25.00 | $25.00 | 1/15/2025 | None | Baa3 | BBB- | 4/20/2025 | 1/15, 4/15, 7/15 & 10/15 | YES",,2026-08-21T20:01:05Z
MS-O,True,"Morgan Stanley 4.250% Depositary Shares Non-Cumulative Preferred Stock, Series O",Traditional Preferred Stock,PREFERRED,MS,61762V861,NYSE,USD,False,True,FIXED,4.25,25.0,1.0625,1/15/2027,25.0,,,,,,Baa3 BBB-,"1/15, 4/15, 7/15 & 10/15",4/18/2025,MNSLL,10/29/2021,False,"NYSE | 4.25% | $1.0625 | $25.00 | $25.00 | 1/15/2027 | None | Baa3 | BBB- | 4/18/2025 | 1/15, 4/15, 7/15 & 10/15 | YES",,2026-08-21T20:01:07Z
MS-P,True,"Morgan Stanley 6.50% Depositary Shares Non-Cumulative Preferred Stock, Series P",Traditional Preferred Stock,PREFERRED,MS,61762V853,NYSE,USD,False,True,FIXED,6.5,25.0,1.625,10/15/2027,25.0,,,,,,Baa3 BBB-,"1/15, 4/15, 7/15 & 10/15",4/18/2025,MSSXL,8/08/2022,False,"NYSE | 6.50% | $1.625 | $25.00 | $25.00 | 10/15/2027 | None | Baa3 | BBB- | 4/18/2025 | 1/15, 4/15, 7/15 & 10/15 | YES",,2026-08-21T20:01:08Z
MS-Q,True,"Morgan Stanley 6.625% Depositary Shares Non-Cumulative Preferred Stock, Series Q",Traditional Preferred Stock,PREFERRED,MS,61762V838,NYSE,USD,False,True,FIXED,6.625,25.0,1.65625,10/15/2029,25.0,,,,,,Baa3 BBB-,"1/15, 4/15, 7/15 & 10/15",7/23/2024,MSPQL,8/01/2024,False,"NYSE | 6.63% | $1.65625 | $25.00 | $25.00 | 10/15/2029 | None | Baa3 | BBB- | 7/23/2024 | 1/15, 4/15, 7/15 & 10/15 | YES",,2026-08-21T20:01:10Z
MSBIP,True,"Midland States Bancorp, Inc. Dep Shares Reset Rate Non-Cumul Preferred Series A",Traditional Preferred Stock,PREFERRED,MSBI,597742303,NGS,USD,False,True,RESET,7.75,25.0,1.9375,9/30/2027,25.0,,,471.3,,,NF NF,"3/30, 6/30, 9/30 & 12/30",5/26/2025,MSBSL,8/29/2022,False,"NGS | Reset Rate | $1.9375 | $25.00 | $25.00 | 9/30/2027 | None | NF NF | 5/26/2025 | 3/30, 6/30, 9/30 & 12/30 | YES",reference_rate,2026-08-21T20:01:11Z
MSSEL,True,"Massachusetts Electric Co., 4.44% Series Cumul Preferred Stock",Traditional Preferred Stock,PREFERRED,NGG,575634209,OTOTC,USD,True,True,FIXED,4.44,100.0,,,,,,,,,4.44% $4.44 $100.00 $104.07 any time None Baa3 BBB-,"2/1, 5/1, 8/1 & 11/1",6/15/2025,,,False,"OTOTCn | OTOTCps | 4.44% | $4.44 | $100.00 | $104.07 | any time | None | Baa3 | BBB- | 6/15/2025 | 2/1, 5/1, 8/1 & 11/1 | YES",,2026-08-21T20:01:13Z
MTB-H,True,M&T Bank Corp. Fix/Float Non-Cumulative Preferred Stock Series H,Traditional Preferred Stock,PREFERRED,MTB,55261F872,NYSE,USD,False,True,FIX_TO_FLOAT,5.625,25.0,1.41,4/01/2027,25.0,,3M_TERM_SOFR,402.0,,,Baa2 BB+,"3/15, 6/15, 9/15 & 12/15",5/21/2023,PBCTP,4/01/2022,False,"NYSE | FixFloat | $1.41 | $25.00 | $25.00 | 4/01/2027 | None | Baa2 | BB+ | 5/21/2023 | 3/15, 6/15, 9/15 & 12/15 | YES",,2026-08-21T20:01:14Z
MTB-J,True,"M&T Bank Corp 7.50% Depositary Shares Non-Cumulative Preferred Stock, Series J",Traditional Preferred Stock,PREFERRED,MTB,55261F864,NYSE,USD,False,True,FIXED,7.5,25.0,1.875,6/15/2029,25.0,,,,,,Baa3 BB+,"3/15, 6/15, 9/15 & 12/15",5/08/2024,MTDJL,5/16/2024,False,"NYSE | 7.50% | $1.875 | $25.00 | $25.00 | 6/15/2029 | None | Baa3 | BB+ | 5/08/2024 | 3/15, 6/15, 9/15 & 12/15 | YES",,2026-08-21T20:01:16Z
MTB-K,True,"M&T Bank Corp 6.350% Depositary Shares Non-Cumulative Preferred Stock, Series K",Traditional Preferred Stock,PREFERRED,MTB,55261F849,NYSE,USD,False,True,FIXED,6.35,25.0,1.5875,12/15/2030,25.0,,,,,,Baa3 BB+,"3/15, 6/15, 9/15 & 12/15",10/29/2025,MTBPL,11/06/2025,False,"NYSE | 6.35% | $1.5875 | $25.00 | $25.00 | 12/15/2030 | None | Baa3 | BB+ | 10/29/2025 | 3/15, 6/15, 9/15 & 12/15 | YES",,2026-08-21T20:01:17Z
MTB-L,True,"M&T Bank Corp 6.625% Depositary Shares Non-Cumulative Preferred Stock, Series L",Traditional Preferred Stock,PREFERRED,MTB,55261F823,NYSE,USD,False,True,FIXED,6.625,25.0,1.65625,9/15/2031,25.0,,,,,,Baa3 BB+,"3/15, 6/15, 9/15 & 12/15",7/17/2026,MTBPL,7/28/2026,False,"NYSE | 6.63% | $1.65625 | $25.00 | $25.00 | 9/15/2031 | None | Baa3 | BB+ | 7/17/2026 | 3/15, 6/15, 9/15 & 12/15 | YES",,2026-08-21T20:01:19Z
NCV-A,True,"AllianzGI Convertible & Income Fund, 5.625% Series A Cumulative Preferred Shares",Traditional Preferred Stock,PREFERRED,NCV,018828707,NYSE,USD,True,,CONVERTIBLE,5.625,25.0,1.41,9/20/2023,25.0,,,,,,NR NF 2/20/2024 Variable,"3/31, 6/30, 9/30 & 12/31",,,,False,"NYSE | 5.63% | $1.41 | $25.00 | $25.00 | 9/20/2023 | None | NR NF | 2/20/2024 | 3/31, 6/30, 9/30 & 12/31 | Variable",qdi_eligible,2026-08-21T20:01:20Z
NCZ-A,True,"Virtus Convertible & Income Fund II, 5.50% Series A Cumul Preferred Shares",Traditional Preferred Stock,PREFERRED,NCZ,018825802,NYSE,USD,True,,CONVERTIBLE,5.5,25.0,1.38,9/11/2023,25.0,,,,,,NR NF 2/20/2024 Variable,"3/31, 6/30, 9/30 & 12/31",,NZCZP,9/20/2018,False,"NYSE | 5.50% | $1.38 | $25.00 | $25.00 | 9/11/2023 | None | NR NF | 2/20/2024 | 3/31, 6/30, 9/30 & 12/31 | Variable",qdi_eligible,2026-08-21T20:01:22Z
NEE-N,True,"NextEra Energy Capital Holdings, 5.65% Series N Jr Sub Debentures due 3/1/2079",Exchange-Traded Debt Security,BABY_BOND,NEE,65339K860,NYSE,USD,,False,FIXED,5.65,25.0,1.41,6/15/2024,25.0,3/01/2079,,,,,Baa2 BBB,"3/1, 6/1, 9/1 & 12/1",12/31/2023,,,False,"NYSE | 5.65% | $1.41 | $25.00 | $25.00 | 6/15/2024 | 3/01/2079 | Baa2 | BBB | 12/31/2023 | 3/1, 6/1, 9/1 & 12/1 | No",,2026-08-21T20:01:23Z
NEE-P,True,"NextEra Energy, Inc. 7.375% Equity Units Due 02/15/2029",Mandatory Convertible Security,PREFERRED,NEE,65339F655,NYSE,USD,,False,FIXED,7.375,50.0,3.6875,,,,,,,,N/A Not Callable 2/15/2029 NR NR 2/27/2026 0.4348@$115.00+ 0.5435@$91.99-,"2/15, 5/15, 8/15 & 11/15",,NEEXU,3/05/2026,False,"NYSE | 7.38% | $3.6875 | $50.00 | N/A | Not Callable | 2/15/2029 | NR NR | 2/27/2026 | 0.4348@$115.00+ | 0.5435@$91.99- | 2/15, 5/15, 8/15 & 11/15 | No",cumulative,2026-08-21T20:01:24Z
NEE-R,True,"NextEra Energy, Inc. 6.926% Equity Units Due 09/01/2025",Mandatory Convertible Security,PREFERRED,NEE,65339F713,NYSE,USD,,False,FIXED,6.926,50.0,3.463,,,,,,,,N/A Not Callable 9/01/2025 NR BBB 6/15/2025 0.4500@$111.10+ 0.5626@$88.88-,"3/1, 6/1, 9/1 & 12/1",,NEEXU,10/11/2022,False,"NYSE | 6.93% | $3.463 | $50.00 | N/A | Not Callable | 9/01/2025 | NR | BBB | 6/15/2025 | 0.4500@$111.10+ | 0.5626@$88.88- | 3/1, 6/1, 9/1 & 12/1 | No",cumulative,2026-08-21T20:01:26Z
NEE-S,True,"NextEra Energy, Inc. 7.229% Equity Units Due 6/1/2027",Mandatory Convertible Security,PREFERRED,NEE,65339F663,NYSE,USD,,False,FIXED,7.229,50.0,3.6145,,50.0,,,,,,Not Callable 6/01/2027 NR NR 6/26/2024 0.5532@$90.38+ 0.6915@$72.31-,"3/1, 6/1, 9/1 & 12/1",,NEECU,6/26/2024,False,"NYSE | 7.23% | $3.6145 | $50.00 | $50.00 | Not Callable | 6/01/2027 | NR NR | 6/26/2024 | 0.5532@$90.38+ | 0.6915@$72.31- | 3/1, 6/1, 9/1 & 12/1 | No",cumulative,2026-08-21T20:01:28Z
NEE-T,True,"NextEra Energy, Inc. 7.234% Equity Units Due 11/1/2029",Mandatory Convertible Security,PREFERRED,NEE,65339F119,NYSE,USD,,False,FIXED,7.234,50.0,3.617,,50.0,,,,,,Not Callable 11/01/2029 NR NR 11/04/2024 0.4827@ $103.58+ 0.6034@$82.87-,"2/1, 5/1, 8/1 & 11/1",,,,False,"NYSE | 7.23% | $3.617 | $50.00 | $50.00 | Not Callable | 11/01/2029 | NR NR | 11/04/2024 | 0.4827@ $103.58+ | 0.6034@$82.87- | 2/1, 5/1, 8/1 & 11/1 | No",cumulative,2026-08-21T20:01:29Z
NEE-U,True,NextEra Energy Capital Holdings Inc Ser U Junior Sub Debentures due 06/01/2085,Exchange-Traded Debt Security,BABY_BOND,NEE,65339K837,NYSE,USD,,False,FIXED,6.5,25.0,1.625,6/01/2030,25.0,6/01/2085,,,,,Baa2 BBB,"3/1, 6/1, 9/1 & 12/1",6/19/2025,,,False,"NYSE | 6.50% | $1.625 | $25.00 | $25.00 | 6/01/2030 | 6/01/2085 | Baa2 | BBB | 6/19/2025 | 3/1, 6/1, 9/1 & 12/1 | No",,2026-08-21T20:01:30Z
NEE-W,True,"NextEra Energy Capital Holdings, Inc. Se Z Junior Sub Debentures due 4/15/2086",Exchange-Traded Debt Security,BABY_BOND,NEE,65339K829,NYSE,USD,,False,FIXED,6.5,25.0,1.625,4/15/2031,25.0,4/15/2086,,,,,Baa2 BBB,"1/15, 4/15, 7/15 & 10/15",3/18/2026,,,False,"NYSE | 6.50% | $1.625 | $25.00 | $25.00 | 4/15/2031 | 4/15/2086 | Baa2 | BBB | 3/18/2026 | 1/15, 4/15, 7/15 & 10/15 | No",,2026-08-21T20:01:32Z
NEWEN,True,"New England Power Co., 6.00% Series Cumul Preferred Stock",Traditional Preferred Stock,PREFERRED,NGG,644188302,OTOTC,USD,True,True,FIXED,6.0,100.0,,,,,,,,,6.00% $6.00 $100.00 N/A Noncallable None Baa2 BBB-,"1/1, 4/1, 7/1 & 10/1",6/15/2025,,,False,"OTOTCn | OTOTCps | 6.00% | $6.00 | $100.00 | N/A | Noncallable | None | Baa2 | BBB- | 6/15/2025 | 1/1, 4/1, 7/1 & 10/1 | YES",,2026-08-21T20:01:33Z
NEWTG,True,"NewtekOne, Inc. 8.50% Fixed Rate Senior Notes due 6/1/2029",Exchange-Traded Debt Security,BABY_BOND,NEWT,652526880,NGM,USD,,False,FIXED,8.5,25.0,2.125,6/01/2027,25.0,6/01/2029,,,,,NR NR,"3/1, 6/1, 9/1 & 12/1",5/24/2024,,,False,"NGM | 8.50% | $2.125 | $25.00 | $25.00 | 6/01/2027 | 6/01/2029 | NR NR | 5/24/2024 | 3/1, 6/1, 9/1 & 12/1 | No",,2026-08-21T20:01:34Z
NEWTH,True,"NewtekOne, Inc 8.625% Fixed Rate Senior Notes due 10/15/2029",Exchange-Traded Debt Security,BABY_BOND,NEWT,652526872,NGM,USD,,False,FIXED,8.625,25.0,2.15625,10/15/2026,25.0,10/15/2029,,,,,NR NR,"1/15, 4/15, 715 & 10/15",9/10/2024,,,False,"NGM | 8.63% | $2.15625 | $25.00 | $25.00 | 10/15/2026 | 10/15/2029 | NR NR | 9/10/2024 | 1/15, 4/15, 715 & 10/15 | No",,2026-08-21T20:01:36Z
NEWTI,True,"NewtekOne, Inc, 8.00% Notes Due 09/1/2028",Exchange-Traded Debt Security,BABY_BOND,NEWT,652526807,NGM,USD,,False,FIXED,8.0,25.0,2.0,9/01/2025,25.0,9/01/2028,,,,,NR NR,"3/1, 6/1, 9/1 & 12/1",9/07/2023,,,False,"NGM | 8.00% | $2 | $25.00 | $25.00 | 9/01/2025 | 9/01/2028 | NR NR | 9/07/2023 | 3/1, 6/1, 9/1 & 12/1 | No",,2026-08-21T20:01:37Z
NEWTL,True,"NewtekOne, Inc., 5.75% Notes Due 8/1/2024",Exchange-Traded Debt Security,BABY_BOND,NEWT,652526609,NGM,USD,,False,FIXED,5.75,25.0,1.44,8/01/2021,25.0,8/01/2024,,,,,NF NF,"2/1, 5/1, 8/1 & 11/1",12/31/2023,,,True,"NGM | 5.75% | $1.44 | $25.00 | $25.00 | 8/01/2021 | 8/01/2024 | NF NF | 12/31/2023 | 2/1, 5/1, 8/1 & 11/1 | No",,2026-08-21T20:01:39Z
NEWTO,True,"NewtekOne, Inc. 8.50% Fixed Rate Senior Notes due 02/01/2031",Exchange-Traded Debt Security,BABY_BOND,NEWT,Unknown,NGM,USD,,False,FIXED,8.5,25.0,2.125,2/01/2028,25.0,2/01/2031,,,,,NR NR,"2/1, 5/1, 8/1 & 11/1",12/01/2025,,,False,"NGM | 8.50% | $2.125 | $25.00 | $25.00 | 2/01/2028 | 2/01/2031 | NR NR | 12/01/2025 | 2/1, 5/1, 8/1 & 11/1 | No",,2026-08-21T20:01:40Z
NEWTP,True,NewtekOne Inc Depositary Shares Reset Rate Non-Cumul Preferred Stock Series B,Traditional Preferred Stock,PREFERRED,NEWT,652526864,NGM,USD,False,True,RESET,8.5,25.0,2.125,10/01/2030,25.0,,,473.5,,,NR NR,"1/1, 4/1, 7/1 & 10/1",8/14/2025,NWTKL,8/27/2025,False,"NGM | Reset Rate | $2.125 | $25.00 | $25.00 | 10/01/2030 | None | NR NR | 8/14/2025 | 1/1, 4/1, 7/1 & 10/1 | YES",reference_rate,2026-08-21T20:01:42Z
NEWTZ,True,"NewtekOne, Inc. 5.50% Notes due 2/1/2026",Exchange-Traded Debt Security,BABY_BOND,NEWT,652526708,NGM,USD,,False,FIXED,5.5,25.0,1.375,2/01/2022,25.0,2/01/2026,,,,,NR NR,"2/1, 5/1, 8/1 & 11/1",11/30/2025,,,False,"NGM | 5.50% | $1.375 | $25.00 | $25.00 | 2/01/2022 | 2/01/2026 | NR NR | 11/30/2025 | 2/1, 5/1, 8/1 & 11/1 | No",,2026-08-21T20:01:43Z
NGL-B,True,"NGL Energy Partners LP, 9.00% Class B Fixed/Float Cumul Red Perp Preferred Units",Traditional Preferred Stock,PREFERRED,NGL,62913M206,NYSE,USD,True,False,FIX_TO_FLOAT,9.0,25.0,2.25,7/01/2022,25.0,,3M_LIBOR,,,,NR NR,"1/15, 4/15, 7/15 & 10/15",6/15/2025,NGGLP,6/16/2017,False,"NYSE | FixFloat | $2.25 | $25.00 | $25.00 | 7/01/2022 | None | NR NR | 6/15/2025 | 1/15, 4/15, 7/15 & 10/15 | No",float_spread_bps,2026-08-21T20:01:45Z
NGL-C,True,"NGL Energy Partners LP, 9.625% Class C Fix/Float Cumul Red Perp Preferred Units",Traditional Preferred Stock,PREFERRED,NGL,62913M305,NYSE,USD,True,False,FIX_TO_FLOAT,9.625,25.0,2.41,4/15/2024,25.0,,3M_LIBOR,,,,NR NR,"1/15, 4/15, 7/15 & 10/15",6/15/2025,NGLPP,4/03/2019,False,"NYSE | FixFloat | $2.41 | $25.00 | $25.00 | 4/15/2024 | None | NR NR | 6/15/2025 | 1/15, 4/15, 7/15 & 10/15 | No",float_spread_bps,2026-08-21T20:01:46Z
NHPAP,True,National Healthcare Properties Inc. 7.375% Series A Cumulative Perp Prfd Stock,Traditional Preferred Stock,PREFERRED,HLTC,42226B204,NGM,USD,True,False,FIXED,7.375,25.0,1.84,12/11/2024,25.0,,,,,,NR NF,"1/15, 4/15, 7/15 & 10/15",4/20/2025,HTIA,1/03/2025,False,"NGM | 7.38% | $1.84 | $25.00 | $25.00 | 12/11/2024 | None | NR NF | 4/20/2025 | 1/15, 4/15, 7/15 & 10/15 | No",,2026-08-21T20:01:47Z
NHPBP,True,National Healthcare Properties 7.125% Series B Cumulative Redeemable Preferred,Traditional Preferred Stock,PREFERRED,HLTC,42226B303,NGM,USD,True,False,FIXED,7.125,25.0,1.78125,10/06/2026,25.0,,,,,,NR NR,"1/15, 4/15, 7/15 & 10/15",4/18/2025,HTIBP,10/07/2021,False,"NGM | 7.13% | $1.78125 | $25.00 | $25.00 | 10/06/2026 | None | NR NR | 4/18/2025 | 1/15, 4/15, 7/15 & 10/15 | No",,2026-08-21T20:01:49Z
NI-B,True,"NiSource, 6.50% Dep Shares Series B Fixed-Rate Reset Cumul Red Perp Prfd Stock",Traditional Preferred Stock,PREFERRED,NI,65473P881,NYSE,USD,True,True,FIXED,6.5,25.0,1.63,3/15/2024,25.0,,,,,,Called for 3/15/2024 None Ba1 BBB-,"3/15, 6/15, 9/15 & 12/15",3/19/2024,NISOP,1/04/2019,True,"NYSE | 6.50% | $1.63 | $25.00 | $25.00 | Called for | 3/15/2024 | None | Ba1 | BBB- | 3/19/2024 | 3/15, 6/15, 9/15 & 12/15 | YES",,2026-08-21T20:01:50Z
NIMC,True,NiSource Inc Equity Units Due 12/01/2023,Mandatory Convertible Security,PREFERRED,NI,65473P121,NYSE,USD,,False,FIXED,7.75,100.0,7.75,,,,,,,,N/A Not Callable 12/01/2023 NR BBB- 12/21/2022 4.08@$24.51- N/A,"3/1, 6/1, 9/1 & 12/1",,,,True,"NYSE | 7.75% | $7.75 | $100.00 | N/A | Not Callable | 12/01/2023 | NR | BBB- | 12/21/2022 | 4.08@$24.51- | N/A | 3/1, 6/1, 9/1 & 12/1 | No",cumulative,2026-08-21T20:01:52Z
NLY-F,True,"Annaly Capital Management, 6.95% Series F Fix/Float Cumul Redeem Preferred Stock",Traditional Preferred Stock,PREFERRED,NLY,035710870,NYSE,USD,True,False,FIX_TO_FLOAT,6.95,25.0,2.632715,9/30/2022,25.0,,3M_TERM_SOFR,499.3,,,NF NF,"3/31, 6/30, 9/30 & 12/31",6/15/2025,ANNPP,8/01/2017,False,"NYSE | FixFloat | $2.632715 | $25.00 | $25.00 | 9/30/2022 | None | NF NF | 6/15/2025 | 3/31, 6/30, 9/30 & 12/31 | No",,2026-08-21T20:01:53Z
NLY-G,True,"Annaly Capital Management, 6.50% Series G Fix/Float Cumul Redeem Preferred Stock",Traditional Preferred Stock,PREFERRED,NLY,035710862,NYSE,USD,True,False,FIX_TO_FLOAT,6.5,25.0,2.427465,3/31/2023,25.0,,3M_TERM_SOFR,417.2,,,NF NF,"3/31, 6/30, 9/30 & 12/31",6/15/2025,ACMGP,1/17/2018,False,"NYSE | FixFloat | $2.427465 | $25.00 | $25.00 | 3/31/2023 | None | NF NF | 6/15/2025 | 3/31, 6/30, 9/30 & 12/31 | No",,2026-08-21T20:01:54Z
NLY-I,True,"Annaly Capital Management, 6.75% Series I Fixed/Float Cumul Red Preferred Stock",Traditional Preferred Stock,PREFERRED,NLY,035710847,NYSE,USD,True,False,FIX_TO_FLOAT,6.75,25.0,1.6875,06/30/2024,25.0,,3M_LIBOR,498.9,,,Called for 10/01/2026 None NF NF,"3/31, 6/30, 9/30 & 12/31",6/15/2025,ACAXP,7/01/2019,False,"NYSE | FixFloat | $1.6875 | $25.00 | $25.00 | Called for | 10/01/2026 | None | NF NF | 6/15/2025 | 3/31, 6/30, 9/30 & 12/31 | No",,2026-08-21T20:01:56Z
NLY-J,True,Annaly Capital Management 8.875% Series J Cumulative Preferred Stock,Traditional Preferred Stock,PREFERRED,NLY,035710821,NYSE,USD,True,False,FIXED,8.875,25.0,2.21875,9/30/2030,25.0,,,,,,NR NR,"3/31, 6/30, 9/30 & 12/31",7/31/2025,NNLYP,,False,"NYSE | 8.88% | $2.21875 | $25.00 | $25.00 | 9/30/2030 | None | NR NR | 7/31/2025 | 3/31, 6/30, 9/30 & 12/31 | No",,2026-08-21T20:01:57Z
NM-G,True,"Navios Maritime Holdings, 8.75% Dep Shares Ser G Cumul Red Perp Preferred Stock",Traditional Preferred Stock,PREFERRED,NM*,63938Y100,OTOTC,USD,True,True,FIXED,8.75,25.0,,1/28/2019,,,,,,,8.75% $2.19 $25.00 $25.00 1/28/2019 None NR NR 5/21/2023 Suspended!,"1/15, 4/15, 7/15 & 10/15",,NM-G,2/09/2024,False,"OTOTCn | OTOTCps | 8.75% | $2.19 | $25.00 | $25.00 | 1/28/2019 | None | NR NR | 5/21/2023 | Suspended! | 1/15, 4/15, 7/15 & 10/15 | YES",,2026-08-21T20:01:59Z
NM-H,True,"Navios Maritime Holdings, 8.625% Dep Shares Ser H Cumul Red Perp Preferred Stock",Traditional Preferred Stock,PREFERRED,NM*,63938Y308,OTOTC,USD,True,True,FIXED,8.625,25.0,,7/8/2019,,,,,,,8.63% $2.16 $25.00 $25.00 7/08/2019 None NR NR 5/21/2023 Suspended!,"1/15, 4/15, 7/15 & 10/15",,NM-H,2/09/2024,False,"OTOTCn | OTOTCps | 8.63% | $2.16 | $25.00 | $25.00 | 7/08/2019 | None | NR NR | 5/21/2023 | Suspended! | 1/15, 4/15, 7/15 & 10/15 | YES",,2026-08-21T20:02:00Z
NMFCZ,True,New Mountain Finance Corp 8.250% Notes Due 11/15/2028,Exchange-Traded Debt Security,BABY_BOND,NMFC,647551308,NGS,USD,,False,FIXED,8.25,25.0,2.0625,11/15/2025,25.0,11/15/2028,,,,,Baa3 NR,"2/15, 5/15, 8/15 & 11/15",11/07/2023,,,False,"NGS | 8.25% | $2.0625 | $25.00 | $25.00 | 11/15/2025 | 11/15/2028 | Baa3 | NR | 11/07/2023 | 2/15, 5/15, 8/15 & 11/15 | No",,2026-08-21T20:02:01Z
NMK-B,True,"Niagara Mohawk Power Corp., 3.60% Series Preferred Stock",Traditional Preferred Stock,PREFERRED,NGG,653522300,OTOTC,USD,True,True,FIXED,3.6,100.0,,,,,,,,,3.60% $3.60 $100.00 $104.85 any time None Baa3 BBB-,"3/31, 6/30, 9/30 & 12/31",5/26/2025,NMK-B,1/03/2024,False,"OTOTCn | OTOTCps | 3.60% | $3.60 | $100.00 | $104.85 | any time | None | Baa3 | BBB- | 5/26/2025 | 3/31, 6/30, 9/30 & 12/31 | YES",,2026-08-21T20:02:03Z
NMK-C,True,"Niagara Mohawk Power Corp., 3.90% Series Preferred Stock",Traditional Preferred Stock,PREFERRED,NGG,653522409,OTOTC,USD,True,True,FIXED,3.9,100.0,,,,,,,,,3.90% $3.90 $100.00 $106.00 any time None Baa3 BBB-,"3/31, 6/30, 9/30 & 12/31",6/15/2025,NMK-C,1/03/2024,False,"OTOTCn | OTOTCps | 3.90% | $3.90 | $100.00 | $106.00 | any time | None | Baa3 | BBB- | 6/15/2025 | 3/31, 6/30, 9/30 & 12/31 | YES",,2026-08-21T20:02:05Z
NMKBP,True,"Niagara Mohawk Power Corp., 3.60% Series Preferred Stock",Traditional Preferred Stock,PREFERRED,NGG,653522300,OTOTC,USD,True,True,FIXED,3.6,100.0,,,,,,,,,3.60% $3.60 $100.00 $104.85 any time None Baa3 BBB-,"3/31, 6/30, 9/30 & 12/31",5/26/2025,NMK-B,1/03/2024,False,"OTOTCn | OTOTCps | 3.60% | $3.60 | $100.00 | $104.85 | any time | None | Baa3 | BBB- | 5/26/2025 | 3/31, 6/30, 9/30 & 12/31 | YES",,2026-08-21T20:02:06Z
NMKCP,True,"Niagara Mohawk Power Corp., 3.90% Series Preferred Stock",Traditional Preferred Stock,PREFERRED,NGG,653522409,OTOTC,USD,True,True,FIXED,3.9,100.0,,,,,,,,,3.90% $3.90 $100.00 $106.00 any time None Baa3 BBB-,"3/31, 6/30, 9/30 & 12/31",6/15/2025,NMK-C,1/03/2024,False,"OTOTCn | OTOTCps | 3.90% | $3.90 | $100.00 | $106.00 | any time | None | Baa3 | BBB- | 6/15/2025 | 3/31, 6/30, 9/30 & 12/31 | YES",,2026-08-21T20:02:08Z
NMPGY,True,"Navios Maritime Holdings, 8.75% Dep Shares Ser G Cumul Red Perp Preferred Stock",Traditional Preferred Stock,PREFERRED,NM*,63938Y100,OTOTC,USD,True,True,FIXED,8.75,25.0,,1/28/2019,,,,,,,8.75% $2.19 $25.00 $25.00 1/28/2019 None NR NR 5/21/2023 Suspended!,"1/15, 4/15, 7/15 & 10/15",,NM-G,2/09/2024,False,"OTOTCn | OTOTCps | 8.75% | $2.19 | $25.00 | $25.00 | 1/28/2019 | None | NR NR | 5/21/2023 | Suspended! | 1/15, 4/15, 7/15 & 10/15 | YES",,2026-08-21T20:02:09Z
NMPRY,True,"Navios Maritime Holdings, 8.625% Dep Shares Ser H Cumul Red Perp Preferred Stock",Traditional Preferred Stock,PREFERRED,NM*,63938Y308,OTOTC,USD,True,True,FIXED,8.625,25.0,,7/8/2019,,,,,,,8.63% $2.16 $25.00 $25.00 7/08/2019 None NR NR 5/21/2023 Suspended!,"1/15, 4/15, 7/15 & 10/15",,NM-H,2/09/2024,False,"OTOTCn | OTOTCps | 8.63% | $2.16 | $25.00 | $25.00 | 7/08/2019 | None | NR NR | 5/21/2023 | Suspended! | 1/15, 4/15, 7/15 & 10/15 | YES",,2026-08-21T20:02:10Z
NMPWP,True,"Niagara Mohawk Power Corp., 3.40% Series Preferred Stock",Traditional Preferred Stock,PREFERRED,NGG,653522201,OTOTC,USD,True,True,FIXED,3.4,100.0,,,,,,,,,3.40% $3.40 $100.00 $103.50 any time None Baa3 BBB-,"3/31, 6/30, 9/30 & 12/31",6/15/2025,NMK-A,4/30/2002,False,"OTOTCn | OTOTCps | 3.40% | $3.40 | $100.00 | $103.50 | any time | None | Baa3 | BBB- | 6/15/2025 | 3/31, 6/30, 9/30 & 12/31 | YES",,2026-08-21T20:02:12Z
NOVTU,True,Novanta Inc. 6.50% Tangible Equity Units,Mandatory Convertible Security,PREFERRED,NOVT,67000B203,NGS,USD,,False,FIXED,6.5,50.0,3.25,,50.0,,,,,,Not Callable 11/01/2028 NR NR 11/07/2025 0.3729@$134.0842+ 0.4662@$107.26-,"2/1, 5/1, 8/1 & 11/1",,,,False,"NGS | 6.50% | $3.25 | $50.00 | $50.00 | Not Callable | 11/01/2028 | NR NR | 11/07/2025 | 0.3729@$134.0842+ | 0.4662@$107.26- | 2/1, 5/1, 8/1 & 11/1 | No",cumulative,2026-08-21T20:02:13Z
NREF-A,True,"NexPoint Real Estate Finance, Inc 8.50% Series A Cumulative Preferred Stock",Traditional Preferred Stock,PREFERRED,NREF,65342V408,NYSE,USD,True,False,FIXED,8.5,25.0,2.125,7/24/2025,25.0,,,,,,NF NF,"1/25, 4/25, 7/25 & 10/25",6/15/2025,NREFP,7/27/2020,False,"NYSE | 8.50% | $2.125 | $25.00 | $25.00 | 7/24/2025 | None | NF NF | 6/15/2025 | 1/25, 4/25, 7/25 & 10/25 | No",,2026-08-21T20:02:15Z
NRUC,True,"National Rural Utilities Coop Finance Corp., 5.50% Subordinated Notes 5/15/2064",Exchange-Traded Debt Security,BABY_BOND,,637432105,NYSE,USD,,False,FIXED,5.5,25.0,1.38,5/15/2024,25.0,5/15/2064,,,,,A3 NF,"2/15, 5/15, 8/15 & 11/15",2/20/2024,,,False,"NYSE | 5.50% | $1.38 | $25.00 | $25.00 | 5/15/2024 | 5/15/2064 | A3 | NF | 2/20/2024 | 2/15, 5/15, 8/15 & 11/15 | No",,2026-08-21T20:02:16Z
NS-A,True,"NuStar Energy L.P., 8.50% Series A Fixed/Float Cumul Red Perp Preferred Units",Traditional Preferred Stock,PREFERRED,NS*,67058H201,NYSE,USD,True,False,FIX_TO_FLOAT,8.5,25.0,2.13,12/15/2021,25.0,,3M_LIBOR,676.6,,,Called for 6/03/2024 None B2 B-,"3/15, 6/15, 9/15 & 12/15",4/09/2023,NTSRF,11/30/2016,True,"NYSE | FixFloat | $2.13 | $25.00 | $25.00 | Called for | 6/03/2024 | None | B2 | B- | 4/09/2023 | 3/15, 6/15, 9/15 & 12/15 | No",,2026-08-21T20:02:18Z
NS-B,True,"NuStar Energy L.P., 7.625% Series B Fixed/Float Cumul Red Perp Preferred Units",Traditional Preferred Stock,PREFERRED,NS*,67058H300,NYSE,USD,True,False,FIX_TO_FLOAT,7.625,25.0,1.91,6/15/2022,25.0,,3M_LIBOR,564.3,,,Called for 6/03/2024 None B2 B-,"3/15, 6/15, 9/15 & 12/15",4/09/2023,NUSRP,5/03/2017,True,"NYSE | FixFloat | $1.91 | $25.00 | $25.00 | Called for | 6/03/2024 | None | B2 | B- | 4/09/2023 | 3/15, 6/15, 9/15 & 12/15 | No",,2026-08-21T20:02:19Z
NS-C,True,"NuStar Energy L.P., 9.00% Series C Fixed/Float Cumul Red Perp Preferred Units",Traditional Preferred Stock,PREFERRED,NS*,67058H409,NYSE,USD,True,False,FIX_TO_FLOAT,9.0,25.0,2.25,12/15/2022,25.0,,3M_LIBOR,688.0,,,Called for 6/03/2024 None B2 B-,"3/15, 6/15, 9/15 & 12/15",4/09/2023,NSSTP,12/04/2017,True,"NYSE | FixFloat | $2.25 | $25.00 | $25.00 | Called for | 6/03/2024 | None | B2 | B- | 4/09/2023 | 3/15, 6/15, 9/15 & 12/15 | No",,2026-08-21T20:02:21Z
NSA-A,True,"Public Storage, 6.00% Series T Cumul Red Preferred Shares",Traditional Preferred Stock,PREFERRED,PSA,637870205,NYSE,USD,True,False,FIXED,6.0,25.0,1.5,10/11/2022,25.0,,,,,,NF NF,"3/31, 6/30, 9/30 & 12/31",6/15/2025,NSA-A,3/15/2026,False,"NYSE | 6.00% | $1.50 | $25.00 | $25.00 | 10/11/2022 | None | NF NF | 6/15/2025 | 3/31, 6/30, 9/30 & 12/31 | No",,2026-08-21T20:02:22Z
NSARO,True,"NSTAR Electric Co., 4.78% Series Cumulative Preferred Stock",Traditional Preferred Stock,PREFERRED,ES,100599307,OTOTC,USD,True,True,FIXED,4.78,,,,,,,,,,4.78% $4.78 $100.00 $102.80 any time None A3 BBB+,"2/1, 5/1, 8/1 & 11/1",5/21/2023,BOSEO,2/23/2007,False,"OTOTCn | OTOTCps | 4.78% | $4.78 | $100.00 | $102.80 | any time | None | A3 | BBB+ | 5/21/2023 | 2/1, 5/1, 8/1 & 11/1 | YES",par,2026-08-21T20:02:23Z
NSARP,True,"NSTAR Electric Co., 4.25% Series Cumulative Preferred Stock",Traditional Preferred Stock,PREFERRED,ES,100599208,OTOTC,USD,True,True,FIXED,4.25,,,,,,,,,,4.25% $4.25 $100.00 $103.63 any time None A3 BBB+,"2/1, 5/1, 8/1 & 11/1",5/21/2023,BOSEP,2/23/2007,False,"OTOTCn | OTOTCps | 4.25% | $4.25 | $100.00 | $103.63 | any time | None | A3 | BBB+ | 5/21/2023 | 2/1, 5/1, 8/1 & 11/1 | YES",par,2026-08-21T20:02:25Z
NSS,True,"NuStar Logistics L.P., 7.625% Fixed-to-Floating Rate Subor Notes due 1/15/2043",Exchange-Traded Debt Security,BABY_BOND,NS*,67059T204,NYSE,USD,,False,FIX_TO_FLOAT,7.625,25.0,1.91,1/15/2018,25.0,,3M_LIBOR,,,,Called for 6/03/2024 1/15/2043 B2 B,"1/15, 4/15, 7/15 & 10/15",4/09/2023,,,True,"NYSE | FixFloat | $1.91 | $25.00 | $25.00 | Called for | 6/03/2024 | 1/15/2043 | B2 | B | 4/09/2023 | 1/15, 4/15, 7/15 & 10/15 | No",float_spread_bps,2026-08-21T20:02:26Z
NTRSO,True,Northern Trust Corp. 4.70% Dep Shares Series E Non-Cumul Perp Preferred Stock,Traditional Preferred Stock,PREFERRED,NTRS,665859856,NGS,USD,False,True,FIXED,4.7,25.0,1.18,1/01/2025,25.0,,,,,,Baa1 BBB+,"1/1, 4/1, 7/1 & 10/1",3/19/2024,NTREL,11/26/2019,False,"NGS | 4.70% | $1.18 | $25.00 | $25.00 | 1/01/2025 | None | Baa1 | BBB+ | 3/19/2024 | 1/1, 4/1, 7/1 & 10/1 | YES",,2026-08-21T20:02:28Z
NXDT-A,True,NexPoint Diversified Real Estate Trust 5.50% Series A Preferred Shares,Traditional Preferred Stock,PREFERRED,NXDT,65340G304,NYSE,USD,True,False,FIXED,5.5,25.0,1.375,12/15/2023,25.0,,,,,,NF NF,"3/31, 6/30, 9/30 & 12/31",4/18/2025,NHF-A,11/08/2021,False,"NYSE | 5.50% | $1.375 | $25.00 | $25.00 | 12/15/2023 | None | NF NF | 4/18/2025 | 3/31, 6/30, 9/30 & 12/31 | No",,2026-08-21T20:02:29Z
NYCB-A,True,"Flagstar Financial, Inc. 6.375% Dep Shares Fix/Float Non-Cumul Ser A Prfd Stk",Traditional Preferred Stock,PREFERRED,FLG,649445202,NYSE,USD,False,True,FIX_TO_FLOAT,6.375,25.0,1.59,3/17/2027,25.0,,3M_LIBOR,,,,NF NF,"3/17, 6/17, 9/17 & 12/17",4/20/2025,NYCB-A,10/28/2024,False,"NYSE | FixFloat | $1.59 | $25.00 | $25.00 | 3/17/2027 | None | NF NF | 4/20/2025 | 3/17, 6/17, 9/17 & 12/17 | YES",float_spread_bps,2026-08-21T20:02:31Z
NYCB-U,True,"New York Community Capital Trust V, BONUSES Units due 11/1/2051",Trust Preferred Security,TRUPS,FLG,64944P307,NYSE,USD,,False,FIXED,6.0,50.0,3.0,11/04/2007,,,,,,,N/A N/A 10/01/2051 WR NF,"2/1, 5/1, 8/1 & 11/1",4/21/2024,NYCB-U,10/28/2024,False,"NYSE | 6.00% | $3.00 | $50.00 | N/A | N/A | 10/01/2051 | WR | NF | 4/21/2024 | 2/1, 5/1, 8/1 & 11/1 | No",cumulative,2026-08-21T20:02:32Z
NYMTL,True,"Adamas Trust, 6.875% Ser F Fix/Float Cumulative Red Preferred Stock",Traditional Preferred Stock,PREFERRED,ADAM,649604865,NCM,USD,True,False,FIX_TO_FLOAT,6.875,25.0,1.71875,10/15/2026,25.0,,3M_SOFR,613.0,,10/15/2026,NF NF,"1/15, 4/15, 7/15 & 10/15",4/21/2024,NYMTL,9/03/2025,False,"NCM | FixFloat | $1.71875 | $25.00 | $25.00 | 10/15/2026 | None | NF NF | 4/21/2024 | 1/15, 4/15, 7/15 & 10/15 | No",,2026-08-21T20:02:34Z
NYMTM,True,"Adamas Trust, 7.875% Ser E Fix/Float Cumulative Red Preferred Stock",Traditional Preferred Stock,PREFERRED,ADAM,649604873,NGS,USD,True,False,FIX_TO_FLOAT,7.875,25.0,1.97,1/15/2025,25.0,,3M_LIBOR,642.9,,01/15/2025,NF NF,"1/15, 4/15, 7/15 & 10/15",6/15/2025,NYMTM,9/03/2025,False,"NGS | FixFloat | $1.97 | $25.00 | $25.00 | 1/15/2025 | None | NF NF | 6/15/2025 | 1/15, 4/15, 7/15 & 10/15 | No",,2026-08-21T20:02:35Z
NYMTN,True,"Adamas Trust, 8.00% Series D Fix/Float Cumulative Red Preferred Stock",Traditional Preferred Stock,PREFERRED,ADAM,649604881,NGS,USD,True,False,FIX_TO_FLOAT,8.0,25.0,2.0,10/15/2027,25.0,,3M_LIBOR,569.5,,10/15/2027,NF NF,"1/15, 4/15, 7/15 & 10/15",6/15/2025,NYMTN,9/03/2025,False,"NGS | FixFloat | $2.00 | $25.00 | $25.00 | 10/15/2027 | None | NF NF | 6/15/2025 | 1/15, 4/15, 7/15 & 10/15 | No",,2026-08-21T20:02:37Z
NYMTZ,True,Adamas Trust Inc 7.00% Series G Cumulative Redeemable Preferred Stock,Traditional Preferred Stock,PREFERRED,ADAM,649604857,NGS,USD,True,False,FIXED,7.0,25.0,1.75,1/15/2027,25.0,,,,,,NR NR,"1/15, 4/15, 7/15 & 10/15",4/18/2025,NYMTZ,9/03/2025,False,"NGS | 7.00% | $1.75 | $25.00 | $25.00 | 1/15/2027 | None | NR NR | 4/18/2025 | 1/15, 4/15, 7/15 & 10/15 | No",,2026-08-21T20:02:38Z
OAK-A,True,"Oaktree Capital Group, LLC, 6.625% Series A Non-Cumulative Preferred Units",Traditional Preferred Stock,PREFERRED,BAM,674001300,NYSE,USD,False,False,FIXED,6.625,25.0,1.66,6/15/2023,25.0,,,,,,NF BBB,"3/15, 6/15, 9/15 & 12/15",2/20/2024,OKTRU,5/29/2018,False,"NYSE | 6.63% | $1.66 | $25.00 | $25.00 | 6/15/2023 | None | NF | BBB | 2/20/2024 | 3/15, 6/15, 9/15 & 12/15 | No",,2026-08-21T20:02:40Z
OAK-B,True,"Oaktree Capital Group LLC, 6.55% Series B Non-Cumulative Preferred Units",Traditional Preferred Stock,PREFERRED,BAM,674001409,NYSE,USD,False,False,FIXED,6.55,25.0,1.64,9/15/2023,25.0,,,,,,NF BBB,"3/15, 6/15, 9/15 & 12/15",2/20/2024,OKTGP,8/14/2018,False,"NYSE | 6.55% | $1.64 | $25.00 | $25.00 | 9/15/2023 | None | NF | BBB | 2/20/2024 | 3/15, 6/15, 9/15 & 12/15 | No",,2026-08-21T20:02:41Z
OCCIM,True,"OFS Credit Company, Inc 7.875% Series F Term Preferred Stock Due 2029",Traditional Preferred Stock,PREFERRED,OCCI,67111Q503,NCM,USD,True,,FIXED,7.875,25.0,1.96875,10/31/2026,25.0,10/31/2029,,,,,NR NR 9/25/2024 Last day of the Month Variable,,,OFSCP,10/03/2024,False,NCM | 7.88% | $1.96875 | $25.00 | $25.00 | 10/31/2026 | 10/31/2029 | NR NR | 9/25/2024 | Last day of the Month | Variable,qdi_eligible,2026-08-21T20:02:42Z
OCCIN,True,"OFS Credit Company, Inc., 5.25% Series E Term Preferred Stock Due 12/31/2026",Traditional Preferred Stock,PREFERRED,OCCI,67111Q404,NCM,USD,True,,FIXED,5.25,25.0,1.3125,12/31/2023,25.0,12/31/2026,,,,,NR NR 4/21/2024 Variable,last business day of the month,,OCCEP,12/08/2021,False,NCM | 5.25% | $1.3125 | $25.00 | $25.00 | 12/31/2023 | 12/31/2026 | NR NR | 4/21/2024 | last business day of the month | Variable,qdi_eligible,2026-08-21T20:02:44Z
OCCIO,True,"OFS Credit Company, Inc. 6.125% Series C Term Preferred Stock Due 4/30/2026",Traditional Preferred Stock,PREFERRED,OCCI,67111Q305,NCM,USD,True,,FIXED,6.125,25.0,1.53125,4/30/2023,25.0,4/30/2026,,,,,NF NF 4/21/2024 Variable,last business day of the month,,OCCPP,4/29/2021,False,NCM | 6.13% | $1.53125 | $25.00 | $25.00 | 4/30/2023 | 4/30/2026 | NF NF | 4/21/2024 | last business day of the month | Variable,qdi_eligible,2026-08-21T20:02:45Z
OCFCP,True,OceanFirst Financial Corp 7.00% Dep Shares Fix Float Non-Cumul Prfd Stock Ser A,Traditional Preferred Stock,PREFERRED,OCFC,675234405,NGS,USD,False,True,FIX_TO_FLOAT,7.0,25.0,1.75,05/15/2025,25.0,,3M_SOFR,684.5,,05/15/2025,Called for 5/15/2025 None NF NF,"2/15, 5/15, 8/15 & 11/15",5/21/2023,OCFSL,5/08/2020,True,"NGS | FixFloat | $1.75 | $25.00 | $25.00 | Called for | 5/15/2025 | None | NF NF | 5/21/2023 | 2/15, 5/15, 8/15 & 11/15 | YES",,2026-08-21T20:02:47Z
OFSSH,True,"OFS Capital Corp., 4.95% Notes due 10/31/2028",Exchange-Traded Debt Security,BABY_BOND,OFS,67103B704,NGS,USD,,False,FIXED,4.95,25.0,1.2375,10/31/2023,25.0,10/31/2028,,,,,NR NR,"1/31, 4/30, 7/31 & 10/31",4/18/2025,,,False,"NGS | 4.95% | $1.2375 | $25.00 | $25.00 | 10/31/2023 | 10/31/2028 | NR NR | 4/18/2025 | 1/31, 4/30, 7/31 & 10/31 | No",,2026-08-21T20:02:48Z
OFSSO,True,OFS Capital Corp. 7.50% Notes due 07/31/2028,Exchange-Traded Debt Security,BABY_BOND,OFS,67103B803,NGS,USD,,False,FIXED,7.5,25.0,1.875,7/31/2026,25.0,7/31/2028,,,,,NR NR,"1/31, 4/30, 7/31 & 10/31",7/17/2025,,,False,"NGS | 7.50% | $1.875 | $25.00 | $25.00 | 7/31/2026 | 7/31/2028 | NR NR | 7/17/2025 | 1/31, 4/30, 7/31 & 10/31 | No",,2026-08-21T20:02:50Z
ONBPO,True,Old National Bancorp 7.00% Dep Shares Non-Cumul Preferred Stock Series C,Traditional Preferred Stock,PREFERRED,ONB,320867500,NGS,USD,False,True,FIXED,7.0,25.0,1.75,8/20/2025,25.0,,,,,,Baa3 NF,"2/20, 5/20, 8/20 & 11/20",11/30/2025,FMBIO,2/14/2022,False,"NGS | 7.00% | $1.75 | $25.00 | $25.00 | 8/20/2025 | None | Baa3 | NF | 11/30/2025 | 2/20, 5/20, 8/20 & 11/20 | YES",,2026-08-21T20:02:51Z
ONBPP,True,Old National Bancorp 7.00% Dep Shares Non-Cumul Preferred Stock Ser A,Traditional Preferred Stock,PREFERRED,ONB,320867203,NGS,USD,False,True,FIXED,7.0,25.0,1.75,8/20/2025,25.0,,,,,,Baa3 NF,"2/20, 5/20, 8/20 & 11/20",11/30/2025,FMBIP,2/14/2022,False,"NGS | 7.00% | $1.75 | $25.00 | $25.00 | 8/20/2025 | None | Baa3 | NF | 11/30/2025 | 2/20, 5/20, 8/20 & 11/20 | YES",,2026-08-21T20:02:53Z
OPINL,True,,,,,,,,,,,,,,,,,,,,,,,,,,,,no_ticker_label,2026-08-21T20:02:54Z
OPP-A,True,"RiverNorth/DoubleLine Strategic Opportunity Fund, Inc. 4.375% Ser A Prfd Stock",Traditional Preferred Stock,PREFERRED,OPP,76882G206,NYSE,USD,True,,FIXED,4.375,25.0,1.09375,11/15/2025,25.0,,,,,,A1 NF 4/20/2025 Variable,"2/15, 5/15, 8/15 & 11/15",,OPPRP,10/27/2020,False,"NYSE | 4.38% | $1.09375 | $25.00 | $25.00 | 11/15/2025 | None | A1 | NF | 4/20/2025 | 2/15, 5/15, 8/15 & 11/15 | Variable",qdi_eligible,2026-08-21T20:02:55Z
OPP-B,True,"RiverNorth/DoubleLine Strategic Opportunity Fund, Inc. 4.75% Ser B Prfd Stock",Traditional Preferred Stock,PREFERRED,OPP,76882G404,NYSE,USD,True,,FIXED,4.75,25.0,1.1875,2/15/2027,25.0,,,,,,A1 NR 4/20/2025 Variable,"2/15, 5/15, 8/15 & 11/15",,OPPBP,11/26/2021,False,"NYSE | 4.75% | $1.1875 | $25.00 | $25.00 | 2/15/2027 | None | A1 | NR | 4/20/2025 | 2/15, 5/15, 8/15 & 11/15 | Variable",qdi_eligible,2026-08-21T20:02:57Z
OPP-C,True,"RiverNorth/DoubleLine Strategic Opportunity Fund, In Ser C Term Preferred Stock",Traditional Preferred Stock,PREFERRED,OPP,76882G503,NYSE,USD,True,,FIXED,6.0,10.0,0.6,,10.0,,,,,,Not Callable 12/01/2027 NR NR 3/24/2025 Variable,"2/15, 5/15, 8/15 & 11/15",,,,False,"NYSE | 6.00% | $0.6 | $10.00 | $10.00 | Not Callable | 12/01/2027 | NR NR | 3/24/2025 | 2/15, 5/15, 8/15 & 11/15 | Variable",qdi_eligible,2026-08-21T20:02:58Z
ORCL-D,True,Oracle Corp 6.5% Dep Shares Ser D Mandatory Convertible Prfd Stock Due 2029,Mandatory Convertible Security,PREFERRED,ORCL,68389X204,NYSE,USD,True,True,MAND_CONVERT,6.5,50.0,3.25,,50.0,,,,,,Not Callable 1/15/2029 NR NR 2/03/2026 0.2499@200.07+ 0.3124@160.06-,"1/15, 4/15, 7/15 & 11/15",,OCCLL,2/10/2026,False,"NYSE | 6.50% | $3.25 | $50.00 | $50.00 | Not Callable | 1/15/2029 | NR NR | 2/03/2026 | 0.2499@200.07+ | 0.3124@160.06- | 1/15, 4/15, 7/15 & 11/15 | YES",,2026-08-21T20:02:59Z
OTRKP,True,"Ontrak, Inc. 9.50% Series A Cumulative Perpetual Preferred Stock",Traditional Preferred Stock,PREFERRED,OTRKQ,683373203,OTOTC,USD,True,True,FIXED,9.5,25.0,,08/25/2025,,,,,,,9.50% $2.375 $25.00 $25.00 8/25/2025 None NR NR 3/19/2024 Suspended!,"2/28, 5/30, 8/31 & 11/30",,OTRKP,8/13/2025,False,"OTOTCn | OTOTCps | 9.50% | $2.375 | $25.00 | $25.00 | 8/25/2025 | None | NR NR | 3/19/2024 | Suspended! | 2/28, 5/30, 8/31 & 11/30 | YES",,2026-08-21T20:03:01Z
OTRQQ,True,"Ontrak, Inc. 9.50% Series A Cumulative Perpetual Preferred Stock",Traditional Preferred Stock,PREFERRED,OTRKQ,683373203,OTOTC,USD,True,True,FIXED,9.5,25.0,,08/25/2025,,,,,,,9.50% $2.375 $25.00 $25.00 8/25/2025 None NR NR 3/19/2024 Suspended!,"2/28, 5/30, 8/31 & 11/30",,OTRKP,8/13/2025,False,"OTOTCn | OTOTCps | 9.50% | $2.375 | $25.00 | $25.00 | 8/25/2025 | None | NR NR | 3/19/2024 | Suspended! | 2/28, 5/30, 8/31 & 11/30 | YES",,2026-08-21T20:03:02Z
OXLCG,True,"Oxford Lane Capital Corp., 7.95% Notes due 2032",Exchange-Traded Debt Security,BABY_BOND,OXLC,691543854,NGS,USD,,False,FIXED,7.95,25.0,1.9875,2/28/2030,25.0,2/29/2032,,,,,NR NR,"3/31, 6/30, 9/30 & 12/31",2/20/2025,,,False,"NGS | 7.95% | $1.9875 | $25.00 | $25.00 | 2/28/2030 | 2/29/2032 | NR NR | 2/20/2025 | 3/31, 6/30, 9/30 & 12/31 | No",,2026-08-21T20:03:03Z
OXLCI,True,"Oxford Lane Capital Corp., 8.75% Notes due 06/30/2030",Exchange-Traded Debt Security,BABY_BOND,OXLC,691543862,NGS,USD,,False,FIXED,8.75,25.0,2.1875,6/30/2028,25.0,6/30/2030,,,,,NR NR,"3/31, 6/30, 9/30 & 12/31",7/15/2024,,,False,"NGS | 8.75% | $2.1875 | $25.00 | $25.00 | 6/30/2028 | 6/30/2030 | NR NR | 7/15/2024 | 3/31, 6/30, 9/30 & 12/31 | No",,2026-08-21T20:03:05Z
OXLCL,True,"Oxford Lane Capital Corp., 6.75% Notes due 03/31/2031",Exchange-Traded Debt Security,BABY_BOND,OXLC,691543706,NGS,USD,,False,FIXED,6.75,25.0,1.6875,3/16/2024,25.0,3/31/2031,,,,,NF NF,"3/31, 6/30, 9/30 & 12/31",4/21/2025,,,False,"NGS | 6.75% | $1.6875 | $25.00 | $25.00 | 3/16/2024 | 3/31/2031 | NF NF | 4/21/2025 | 3/31, 6/30, 9/30 & 12/31 | No",,2026-08-21T20:03:06Z
OXLCM,True,Oxford Lane Capital Corp 8.25% Term Preferred Series 2031 Due 3/20/2031,Traditional Preferred Stock,PREFERRED,OXLC,691543839,NGS,USD,True,,FIXED,8.25,25.0,206.25,3/20/2028,25.0,3/20/2031,,,,,NR NR 3/13/2026 Last day of the Month Variable,,,OXRFP,3/24/2026,False,NGS | 825.00% | $206.25 | $25.00 | $25.00 | 3/20/2028 | 3/20/2031 | NR NR | 3/13/2026 | Last day of the Month | Variable,qdi_eligible,2026-08-21T20:03:08Z
OXLCN,True,"Oxford Lane Capital Corp., 7.125% Term Preferred Series 06/30/2029",Traditional Preferred Stock,PREFERRED,OXLC,691543870,NGS,USD,True,,FIXED,7.125,25.0,1.78125,6/30/2024,25.0,6/30/2029,,,,,NF NF 4/15/2025 Last day of the Month Variable,,,OXFCP,6/17/2022,False,NGS | 7.13% | $1.78125 | $25.00 | $25.00 | 6/30/2024 | 6/30/2029 | NF NF | 4/15/2025 | Last day of the Month | Variable,qdi_eligible,2026-08-21T20:03:09Z
OXLCO,True,"Oxford Lane Capital Corp., 6.00% Cumulative Series 2029 Term Preferred Shares",Traditional Preferred Stock,PREFERRED,OXLC,691543805,NGS,USD,True,,FIXED,6.0,25.0,1.5,8/31/2024,25.0,8/31/2029,,,,,NF NF 4/21/2025 Last day of the Month Variable,,,OXLNP,8/18/2021,False,NGS | 6.00% | $1.5 | $25.00 | $25.00 | 8/31/2024 | 8/31/2029 | NF NF | 4/21/2025 | Last day of the Month | Variable,qdi_eligible,2026-08-21T20:03:11Z
OXLCP,True,Oxford Lane Capital Corp. 6.25% Term Preferred Series Due 2/28/2027,Traditional Preferred Stock,PREFERRED,OXLC,691543607,NGS,USD,True,,FIXED,6.25,25.0,1.5625,2/28/2023,25.0,,,,,,Called for 6/01/2026 2/28/2027 NF NF 4/21/2025 Variable,Last business day of the month,,OXCPP,2/21/2020,True,NGS | 6.25% | $1.5625 | $25.00 | $25.00 | Called for | 6/01/2026 | 2/28/2027 | NF NF | 4/21/2025 | Last business day of the month | Variable,qdi_eligible,2026-08-21T20:03:12Z
OXLCZ,True,"Oxford Lane Capital Corp., 5.00% Notes due 01/31/2027",Exchange-Traded Debt Security,BABY_BOND,OXLC,691543888,NGS,USD,,False,FIXED,5.0,25.0,1.25,1/31/2024,25.0,1/31/2027,,,,,NF NF,"3/31, 6/30, 9/30 & 12/31",4/21/2025,,,False,"NGS | 5.00% | $1.25 | $25.00 | $25.00 | 1/31/2024 | 1/31/2027 | NF NF | 4/21/2025 | 3/31, 6/30, 9/30 & 12/31 | No",,2026-08-21T20:03:14Z
OXSQG,True,"Oxford Square Capital Corp., 5.50% Notes due 7/31/2028",Exchange-Traded Debt Security,BABY_BOND,OXSQ,69181V503,NGS,USD,,False,FIXED,5.5,25.0,1.375,5/31/2024,25.0,7/31/2028,,,,,NF NF,"1/31, 4/30, 7/31 & 10/31",3/19/2024,,,False,"NGS | 5.50% | $1.375 | $25.00 | $25.00 | 5/31/2024 | 7/31/2028 | NF NF | 3/19/2024 | 1/31, 4/30, 7/31 & 10/31 | No",,2026-08-21T20:03:15Z
OXSQH,True,Oxford Square Capital Corp 7.75% Notes due 2030,Exchange-Traded Debt Security,BABY_BOND,OXSQ,69181V602,NGS,USD,,False,FIXED,7.75,25.0,1.9375,7/31/2027,25.0,7/31/2030,,,,,NR NR,"1/31, 4/30, 7/31 & 10/31",8/04/2025,,,False,"NGS | 7.75% | $1.9375 | $25.00 | $25.00 | 7/31/2027 | 7/31/2030 | NR NR | 8/04/2025 | 1/31, 4/30, 7/31 & 10/31 | No",,2026-08-21T20:03:16Z
OXSQL,True,"Oxford Square Capital Corp., 6.50% Notes due 3/30/2024",Exchange-Traded Debt Security,BABY_BOND,OXSQ,87244T307,NGS,USD,,False,FIXED,6.5,25.0,1.63,3/30/2020,25.0,,,,,,Called for 12/21/2023 3/30/2024 NF NF,"3/30, 6/30, 9/30 & 12/30",4/16/2023,TICCL,3/20/2018,True,"NGS | 6.50% | $1.63 | $25.00 | $25.00 | Called for | 12/21/2023 | 3/30/2024 | NF NF | 4/16/2023 | 3/30, 6/30, 9/30 & 12/30 | No",,2026-08-21T20:03:18Z
OXSQZ,True,"Oxford Square Capital Corp., 6.25% Notes due 4/30/2026",Exchange-Traded Debt Security,BABY_BOND,OXSQ,69181V305,NGS,USD,,False,FIXED,6.25,25.0,1.56,4/30/2022,25.0,,,,,,Called for 9/19/2025 4/30/2026 NF NF,"1/31, 4/30, 7/31 & 10/31",5/26/2025,,,True,"NGS | 6.25% | $1.56 | $25.00 | $25.00 | Called for | 9/19/2025 | 4/30/2026 | NF NF | 5/26/2025 | 1/31, 4/30, 7/31 & 10/31 | No",,2026-08-21T20:03:19Z
OZKAP,True,Bank OZK Series 4.625% A Non-Cumulative Perpetual Preferred Stock,Traditional Preferred Stock,PREFERRED,OZK,06417N202,NGS,USD,False,True,FIXED,4.625,25.0,1.15625,11/15/2026,25.0,,,,,,Ba2 NF,"2/15, 5/15, 8/15 & 11/15",4/18/2025,OZKKP,11/05/2021,False,"NGS | 4.63% | $1.15625 | $25.00 | $25.00 | 11/15/2026 | None | Ba2 | NF | 4/18/2025 | 2/15, 5/15, 8/15 & 11/15 | YES",,2026-08-21T20:03:21Z
PACWP,True,Banc of California 7.75% Dep Shares Rate Reset Non-Cumul Preferred Stock Ser F,Traditional Preferred Stock,PREFERRED,BANC,05990K841,NYSE,USD,False,True,RESET,7.75,25.0,1.9375,9/01/2027,25.0,,,482.0,,,NR NR,"3/1, 6/1, 9/1 & 12/1",4/21/2024,PACWP,11/30/2023,False,"NYSE | Reset Rate | $1.9375 | $25.00 | $25.00 | 9/01/2027 | None | NR NR | 4/21/2024 | 3/1, 6/1, 9/1 & 12/1 | YES",reference_rate,2026-08-21T20:03:22Z
PARAP,True,Paramount Global 5.75% Ser A Mandatory Convertible Preferred Stock Due 04/01/24,Mandatory Convertible Security,PREFERRED,PARA,92556H305,NGS,USD,True,True,MAND_CONVERT,5.75,100.0,5.75,,100.0,,,,,,Not Callable 4/01/2024 NR NR 4/16/2023 1.0013@$99.87+ 1.1765@$85.00-,"1/1, 4/1, 7/1 & 10/1",,VIACP,2/15/2022,True,"NGS | 5.75% | $5.75 | $100.00 | $100.00 | Not Callable | 4/01/2024 | NR NR | 4/16/2023 | 1.0013@$99.87+ | 1.1765@$85.00- | 1/1, 4/1, 7/1 & 10/1 | YES",,2026-08-21T20:03:24Z
PBI-B,True,"Pitney Bowes, Inc., 6.70% Notes due 3/7/2043",Exchange-Traded Debt Security,BABY_BOND,PBI,724479506,NYSE,USD,,False,FIXED,6.7,25.0,1.68,3/07/2018,25.0,3/07/2043,,,,,B BB-,"3/7, 6/7, 9/7 & 12/7",12/31/2023,,,False,"NYSE | 6.70% | $1.68 | $25.00 | $25.00 | 3/07/2018 | 3/07/2043 | B | BB- | 12/31/2023 | 3/7, 6/7, 9/7 & 12/7 | No",,2026-08-21T20:03:25Z
PBNAF,True,Pembina Pipeline Corp Cumul Redeem Reset Rate Class A Ser 1 Preferred Shares,Traditional Preferred Stock,PREFERRED,PBA,706327202,OTOTC,CAD,True,False,FIXED,,25.0,,,,,,,,,Reset Rate n.a. $25.00 $25.00 12/01/2018 None NF BB+,"3/1, 6/1, 9/1 & 12/1",7/15/2024,,,False,"OTOTCn | OTOTCps | Reset Rate | n.a. | $25.00 | $25.00 | 12/01/2018 | None | NF | BB+ | 7/15/2024 | 3/1, 6/1, 9/1 & 12/1 | No",coupon_pct,2026-08-21T20:03:27Z
PCG-A,True,"Pacific Gas & Electric Co., 6.00% First Preferred Stock Nonredeemable",Traditional Preferred Stock,PREFERRED,PCG,694308206,AMEX,USD,True,True,FIXED,6.0,25.0,1.5,,,,,,,,N/A Nonredeem None WR NR,"2/15, 5/15, 8/15 & 11/15",5/21/2023,,,False,"AMEX | 6.00% | $1.50 | $25.00 | N/A | Nonredeem | None | WR | NR | 5/21/2023 | 2/15, 5/15, 8/15 & 11/15 | YES",,2026-08-21T20:03:28Z
PCG-B,True,"Pacific Gas & Electric Co., 5.50% First Preferred Stock Nonredeemable",Traditional Preferred Stock,PREFERRED,PCG,694308305,AMEX,USD,True,True,FIXED,5.5,25.0,1.38,,,,,,,,N/A Nonredeem None WR NF,"2/15, 5/15, 8/15 & 11/15",5/21/2023,,,False,"AMEX | 5.50% | $1.38 | $25.00 | N/A | Nonredeem | None | WR | NF | 5/21/2023 | 2/15, 5/15, 8/15 & 11/15 | YES",,2026-08-21T20:03:29Z
PCG-C,True,"Pacific Gas & Electric Co., 5.00% First Preferred Stock Nonredeemable",Traditional Preferred Stock,PREFERRED,PCG,694308404,AMEX,USD,True,True,FIXED,5.0,25.0,1.25,,,,,,,,N/A Nonredeem None WR NF,"2/15, 5/15, 8/15 & 11/15",5/21/2023,,,False,"AMEX | 5.00% | $1.25 | $25.00 | N/A | Nonredeem | None | WR | NF | 5/21/2023 | 2/15, 5/15, 8/15 & 11/15 | YES",,2026-08-21T20:03:31Z
PCG-D,True,"Pacific Gas & Electric Co., 5.00% First Preferred Stock Redeemable",Traditional Preferred Stock,PREFERRED,PCG,694308503,AMEX,USD,True,True,FIXED,5.0,25.0,1.25,,25.0,,,,,,any time None WR NF,"2/15, 5/15, 8/15 & 11/15",5/21/2023,,,False,"AMEX | 5.00% | $1.25 | $25.00 | $25.00 | any time | None | WR | NF | 5/21/2023 | 2/15, 5/15, 8/15 & 11/15 | YES",,2026-08-21T20:03:32Z
PCG-E,True,"Pacific Gas & Electric Co., 5.00% First Preferred Stock Redeemable Series A",Traditional Preferred Stock,PREFERRED,PCG,694308602,AMEX,USD,True,True,FIXED,5.0,25.0,1.25,,,,,,,,N/A any time None WR NF,"2/15, 5/15, 8/15 & 11/15",5/21/2023,,,False,"AMEX | 5.00% | $1.25 | $25.00 | N/A | any time | None | WR | NF | 5/21/2023 | 2/15, 5/15, 8/15 & 11/15 | YES",,2026-08-21T20:03:34Z
PCG-G,True,"Pacific Gas & Electric Co., 4.80% First Preferred Stock Redeemable",Traditional Preferred Stock,PREFERRED,PCG,694308701,AMEX,USD,True,True,FIXED,4.8,25.0,1.2,,,,,,,,N/A any time None WR NF,"2/15, 5/15, 8/15 & 11/15",5/21/2023,,,False,"AMEX | 4.80% | $1.20 | $25.00 | N/A | any time | None | WR | NF | 5/21/2023 | 2/15, 5/15, 8/15 & 11/15 | YES",,2026-08-21T20:03:35Z
PCG-H,True,"Pacific Gas & Electric Co., 4.50% First Preferred Stock Redeemable",Traditional Preferred Stock,PREFERRED,PCG,694308800,AMEX,USD,True,True,FIXED,4.5,25.0,1.13,,,,,,,,N/A any time None WR NF,"2/15, 5/15, 8/15 & 11/15",5/21/2023,,,False,"AMEX | 4.50% | $1.13 | $25.00 | N/A | any time | None | WR | NF | 5/21/2023 | 2/15, 5/15, 8/15 & 11/15 | YES",,2026-08-21T20:03:37Z
PCG-I,True,"Pacific Gas & Electric Co., 4.36% First Preferred Stock Redeemable",Traditional Preferred Stock,PREFERRED,PCG,694308883,AMEX,USD,True,True,FIXED,4.36,25.0,1.09,,,,,,,,N/A any time None WR NF,"2/15, 5/15, 8/15 & 11/15",5/21/2023,,,False,"AMEX | 4.36% | $1.09 | $25.00 | N/A | any time | None | WR | NF | 5/21/2023 | 2/15, 5/15, 8/15 & 11/15 | YES",,2026-08-21T20:03:38Z
PCG-X,True,PG&E Corp 6.00% Series A Mandatory Convertible Preferred Stock Due 12/1/2027,Mandatory Convertible Security,PREFERRED,PCG,69331C108,NYSE,USD,True,True,MAND_CONVERT,6.0,50.0,3.0,,50.0,,,,,,Not Callable 12/01/2027 NR NR 12/03/2024 1.9465@$25.6871+ 2.4331@$20.5499-,"3/1, 6/1, 9/1 & 12/1",,PCGEV,,False,"NYSE | 6.00% | $3 | $50.00 | $50.00 | Not Callable | 12/01/2027 | NR NR | 12/03/2024 | 1.9465@$25.6871+ | 2.4331@$20.5499- | 3/1, 6/1, 9/1 & 12/1 | YES",,2026-08-21T20:03:40Z
PDPA,True,Pearl Diver Credit Co Inc 8.0% Series A Term Preferred Stock Due 12/31/2029,Traditional Preferred Stock,PREFERRED,PDCC,70476Q100,NYSE,USD,True,,FIXED,8.0,25.0,2.0,12/31/2026,25.0,12/31/2029,,,,,NR NR 12/13/2024 Last day of the month Variable,,,PDCPP,12/20/2024,False,NYSE | 8.00% | $2 | $25.00 | $25.00 | 12/31/2026 | 12/31/2029 | NR NR | 12/13/2024 | Last day of the month | Variable,qdi_eligible,2026-08-21T20:03:41Z
PEB-E,True,"Pebblebrook Hotel Trust, 6.375% Series I Cumulative Redeemable Preferred Shares",Traditional Preferred Stock,PREFERRED,PEB,517942801,NYSE,USD,True,False,FIXED,6.375,25.0,1.59,3/04/2018,25.0,,,,,,NF NF,"1/15, 4/15, 7/15 & 10/15",4/21/2024,LHO-I,9/13/2018,False,"NYSE | 6.38% | $1.59 | $25.00 | $25.00 | 3/04/2018 | None | NF NF | 4/21/2024 | 1/15, 4/15, 7/15 & 10/15 | No",,2026-08-21T20:03:42Z
PEB-F,True,"Pebblebrook Hotel Trust, 6.30% Series J Cumulative Redeemable Preferred Shares",Traditional Preferred Stock,PREFERRED,PEB,517942884,NYSE,USD,True,False,FIXED,6.3,25.0,1.58,5/25/2021,25.0,,,,,,NF NF,"1/15, 4/15, 7/15 & 10/15",4/21/2024,LHO-J,9/13/2018,False,"NYSE | 6.30% | $1.58 | $25.00 | $25.00 | 5/25/2021 | None | NF NF | 4/21/2024 | 1/15, 4/15, 7/15 & 10/15 | No",,2026-08-21T20:03:44Z
PEB-G,True,Pebblebrook Hotel Trust 6.375% Series G Cumulative Redeemable Preferred Shares,Traditional Preferred Stock,PREFERRED,PEB,70509V803,NYSE,USD,True,False,FIXED,6.375,25.0,1.59375,5/13/2026,25.0,,,,,,NF NF,"1/15, 4/15, 7/15 & 10/15",3/19/2024,PEBHP,5/14/2021,False,"NYSE | 6.38% | $1.59375 | $25.00 | $25.00 | 5/13/2026 | None | NF NF | 3/19/2024 | 1/15, 4/15, 7/15 & 10/15 | No",,2026-08-21T20:03:46Z
PEB-H,True,Pebblebrook Hotel Trust 5.70% Series H Cumulative Redeemable Preferred Shares,Traditional Preferred Stock,PREFERRED,PEB,70509V886,NYSE,USD,True,False,FIXED,5.7,25.0,1.425,7/27/2026,25.0,,,,,,NF NF,"1/15, 4/15, 7/15 & 10/15",3/19/2024,PEBBP,7/30/2021,False,"NYSE | 5.70% | $1.425 | $25.00 | $25.00 | 7/27/2026 | None | NF NF | 3/19/2024 | 1/15, 4/15, 7/15 & 10/15 | No",,2026-08-21T20:03:47Z
PFH,True,"Prudential Financial, Inc., 4.125% Junior Subordinated Notes due 9/1/2060",Exchange-Traded Debt Security,BABY_BOND,PRU,744320888,NYSE,USD,,False,FIXED,4.125,25.0,1.03125,9/01/2025,25.0,9/01/2060,,,,,Baa1 BBB+,"3/1, 6/1, 9/1 & 12/1",4/21/2025,,,False,"NYSE | 4.13% | $1.03125 | $25.00 | $25.00 | 9/01/2025 | 9/01/2060 | Baa1 | BBB+ | 4/21/2025 | 3/1, 6/1, 9/1 & 12/1 | No",,2026-08-21T20:03:48Z
PFLA,True,PennantPark Floating Rate Capital Ltd 7.375% Notes due 6/15/2031,Exchange-Traded Debt Security,BABY_BOND,PFLT,70806A205,NYSE,USD,,False,FIXED,7.375,25.0,1.84375,6/15/2028,25.0,6/15/2031,,,,,NR NR,"3/15, 6/15, 9/15 & 12/15",5/28/2026,,,False,"NYSE | 7.38% | $1.84375 | $25.00 | $25.00 | 6/15/2028 | 6/15/2031 | NR NR | 5/28/2026 | 3/15, 6/15, 9/15 & 12/15 | No",,2026-08-21T20:03:50Z
PFXNZ,True,"PhenixFIN Corp, 5.25% Senior Notes due 11/1/2028",Exchange-Traded Debt Security,BABY_BOND,PFX,71742W301,NGM,USD,,False,FIXED,5.25,25.0,1.3125,11/01/2023,25.0,11/01/2028,,,,,NF NF,"2/01, 5/01, 8/01 & 11/01",4/18/2025,,,False,"NGM | 5.25% | $1.3125 | $25.00 | $25.00 | 11/01/2023 | 11/01/2028 | NF NF | 4/18/2025 | 2/01, 5/01, 8/01 & 11/01 | No",,2026-08-21T20:03:52Z
PHXE.P,True,Phoenix Energy One LLC Series A Cumulative Redeemable Preferred Shares,Traditional Preferred Stock,PREFERRED,,Unknown,AMEX,USD,True,False,FIXED,10.0,25.0,2.5,any time,27.5,,,,,,Anytime None NF NF,"1/15, 4/15, 7/15 & 10/15",7/08/2026,,,False,"AMEX | 10.00% | $2.5 | $25.00 | $27.50 | Anytime | None | NF NF | 7/08/2026 | 1/15, 4/15, 7/15 & 10/15 | No",,2026-08-21T20:03:53Z
PINE-A,True,"Alpine Income Property Trust, Inc. 8.00% Series A Cumulative Preferred Stock",Traditional Preferred Stock,PREFERRED,PINE,02083X202,NYSE,USD,True,False,FIXED,8.0,25.0,2.0,11/12/2030,25.0,,,,,,NR Nr,"3/31, 6/30, 9/30 & 12/31",11/06/2025,APNEP,11/17/2025,False,"NYSE | 8.00% | $2 | $25.00 | $25.00 | 11/12/2030 | None | NR Nr | 11/06/2025 | 3/31, 6/30, 9/30 & 12/31 | No",,2026-08-21T20:03:54Z
PLDGP,True,"ProLogis Inc., 8.54% Series Q Cumulative Redeemable Preferred Stock",Traditional Preferred Stock,PREFERRED,PLD,743410409,OTOTC,USD,True,False,FIXED,8.54,50.0,,11/13/2026,,,,,,,8.54% $4.27 $50.00 $50.00 11/13/2026 N/A A3 BBB+,"3/31, 6/30, 9/30 & 12/31",6/15/2025,,,False,"OTOTCn | OTOTCps | 8.54% | $4.27 | $50.00 | $50.00 | 11/13/2026 | N/A | A3 | BBB+ | 6/15/2025 | 3/31, 6/30, 9/30 & 12/31 | No",,2026-08-21T20:03:56Z
PMBPF,True,Pembina Pipeline Corp Cumul Redeemable Rate Reset Class A Prfd Shares Ser 7,Traditional Preferred Stock,PREFERRED,PBA,706327608,OTOTC,CAD,True,False,FIXED,,25.0,,,,,,,,,Reset Rate $1.48825 $25.00 $25.00 12/01/2024 None NF BB+,"3/1, 6/1, 9/1 & 12/1",11/30/2025,,,False,"OTOTCn | OTOTCps | Reset Rate | $1.48825 | $25.00 | $25.00 | 12/01/2024 | None | NF | BB+ | 11/30/2025 | 3/1, 6/1, 9/1 & 12/1 | No",coupon_pct,2026-08-21T20:03:57Z
PMMBF,True,Pembina Pipeline Corp Cumul Minimum Rate Reset Class A Prfd Shares Ser 21,Traditional Preferred Stock,PREFERRED,PBA,706327764,OTOTC,CAD,True,False,FIXED,,25.0,,03/01/2023,,,,,,,Reset Rate $1.575 $25.00 $25.00 3/01/2023 None NF BB+,"3/1, 6/1, 9/1 & 12/1",7/15/2024,,,False,"OTOTCn | OTOTCps | Reset Rate | $1.575 | $25.00 | $25.00 | 3/01/2023 | None | NF | BB+ | 7/15/2024 | 3/1, 6/1, 9/1 & 12/1 | No",coupon_pct,2026-08-21T20:03:59Z
PMT-A,True,"PennyMac Mortgage Investment Trust, 8.125% Series A Fix/Float Cumul Red Pfd Shrs",Traditional Preferred Stock,PREFERRED,PMT,70931T301,NYSE,USD,True,False,FIX_TO_FLOAT,8.125,25.0,2.03,3/15/2024,25.0,,3M_LIBOR,583.1,,3/15/2024,NR NF,"3/15, 6/15, 9/15 & 12/15",5/21/2023,PNNYP,3/13/2017,False,"NYSE | 8.13% | $2.03 | $25.00 | $25.00 | 3/15/2024 | None | NR NF | 5/21/2023 | 3/15, 6/15, 9/15 & 12/15 | No",,2026-08-21T20:04:00Z
PMT-B,True,"PennyMac Mortgage Investment Trust, 8.00% Series B Fix/Float Cumul Red Pfd Shrs",Traditional Preferred Stock,PREFERRED,PMT,70931T400,NYSE,USD,True,False,FIX_TO_FLOAT,8.0,25.0,2.0,6/15/2024,25.0,,3M_LIBOR,599.0,,6/15/2024,NR NF,"3/15, 6/15, 9/15 & 12/15",5/21/2023,PNNMP,7/06/2017,False,"NYSE | 8.00% | $2.00 | $25.00 | $25.00 | 6/15/2024 | None | NR NF | 5/21/2023 | 3/15, 6/15, 9/15 & 12/15 | No",,2026-08-21T20:04:02Z
PMT-C,True,"PennyMac Mortgage Investment Trust, 6.75% Series C Cumulative Preferred Shares",Traditional Preferred Stock,PREFERRED,PMT,70931T509,NYSE,USD,True,False,FIXED,6.75,25.0,1.6875,8/24/2026,25.0,,,,,,NR NF,"3/15, 6/15, 9/15 & 12/15",11/30/2025,PMTCP,8/26/2021,False,"NYSE | 6.75% | $1.6875 | $25.00 | $25.00 | 8/24/2026 | None | NR NF | 11/30/2025 | 3/15, 6/15, 9/15 & 12/15 | No",,2026-08-21T20:04:03Z
PMTU,True,PennyMac Mortgage Investment Trust 8.50% Senior Notes due 9/30/2028,Exchange-Traded Debt Security,BABY_BOND,PMT,70931T608,NYSE,USD,,False,FIXED,8.5,25.0,2.125,9/30/2025,25.0,9/30/2028,,,,,NR NR,"3/30, 6/30, 9/30 & 12/30",9/19/2023,,,False,"NYSE | 8.50% | $2.125 | $25.00 | $25.00 | 9/30/2025 | 9/30/2028 | NR NR | 9/19/2023 | 3/30, 6/30, 9/30 & 12/30 | No",,2026-08-21T20:04:05Z
PMTV,True,PennyMac Mortgage Investment Trust 9.00% Senior Notes due 2/15/2030,Exchange-Traded Debt Security,BABY_BOND,PMT,70931T707,NYSE,USD,,False,FIXED,9.0,25.0,2.25,2/15/2027,25.0,2/15/2030,,,,,NR NR,"2/15, 5/15, 8/15 & 11/15",2/04/2025,,,False,"NYSE | 9.00% | $2.25 | $25.00 | $25.00 | 2/15/2027 | 2/15/2030 | NR NR | 2/04/2025 | 2/15, 5/15, 8/15 & 11/15 | No",,2026-08-21T20:04:06Z
PMTW,True,PennyMac Mortgage Investment Trust 9.00% Senior Notes due 6/15/2030,Exchange-Traded Debt Security,BABY_BOND,PMT,70931T806,NYSE,USD,,False,FIXED,9.0,25.0,2.25,6/15/2027,25.0,6/15/2030,,,,,NR NR,"3/15, 6/15, 9/15 & 12/15",6/03/2025,,,False,"NYSE | 9.00% | $2.25 | $25.00 | $25.00 | 6/15/2027 | 6/15/2030 | NR NR | 6/03/2025 | 3/15, 6/15, 9/15 & 12/15 | No",,2026-08-21T20:04:08Z
PNCYL,True,"PNC Financial Services Group, 4.85% Dep Shrs Fixed/Float Non-cum Pfd Stk, Ser R",Traditional Preferred Stock,PREFERRED,PNC,693475AM7,TRACE,USD,False,True,FIXED,4.85,1000.0,1000.0,6/01/2023,,,,,,,Baa2 BBB-,6/1 & 12/1,5/21/2023,,,False,"FixFloat | $48.50 | $1,000.00 | $1,000.00 | 6/01/2023 | None | Baa2 | BBB- | 5/21/2023 | 6/1 & 12/1 | YES",,2026-08-21T20:04:09Z
PNFP-A,True,Pinnacle Financial 6.30% Fixed-To-Floating Non-Cumul Perp Pfd Stock Ser A,Traditional Preferred Stock,PREFERRED,PNFP,87161C600,NYSE,USD,False,True,FIX_TO_FLOAT,6.3,25.0,1.58,6/21/2023,25.0,,3M_LIBOR,,,,NR BB-,"3/21, 6/21, 9/21 & 12/21",3/19/2024,SNV-D,1/02/2026,False,"NYSE | FixFloat | $1.58 | $25.00 | $25.00 | 6/21/2023 | None | NR | BB- | 3/19/2024 | 3/21, 6/21, 9/21 & 12/21 | YES",float_spread_bps,2026-08-21T20:04:11Z
PNFP-B,True,"Pinnacle Financial., 5.875% Fixed-Rate Reset Non-Cumul Preferred Stock Ser E",Traditional Preferred Stock,PREFERRED,PNFP,87161C709,NYSE,USD,False,True,RESET,5.875,25.0,,7/1/2024,,,,412.7,,,$25.00 $25.00 7/01/2024 None NR BB-,"1/1, 4/1, 7/1 & 10/1",3/19/2024,SNV-E,1/02/2026,False,"NYSE | Reset Rate | n.a. | $25.00 | $25.00 | 7/01/2024 | None | NR | BB- | 3/19/2024 | 1/1, 4/1, 7/1 & 10/1 | YES",reference_rate,2026-08-21T20:04:12Z
PNFP-C,True,"Pinnacle Financial Partners, Inc. 6.75% Dep Shares Non-Cumul Prfd Stock Ser C",Traditional Preferred Stock,PREFERRED,PNFP,72346Q302,NYSE,USD,False,True,FIXED,6.75,25.0,1.6875,9/01/2025,25.0,,,,,,NF NF,"3/1, 6/1, 9/1 & 12/1",12/31/2023,PNFPP,1/02/2026,False,"NYSE | 6.75% | $1.6875 | $25.00 | $25.00 | 9/01/2025 | None | NF NF | 12/31/2023 | 3/1, 6/1, 9/1 & 12/1 | YES",,2026-08-21T20:04:14Z
PNFPP,True,"Pinnacle Financial Partners, Inc. 6.75% Dep Shares Non-Cumul Prfd Stock Ser C",Traditional Preferred Stock,PREFERRED,PNFP,72346Q302,NYSE,USD,False,True,FIXED,6.75,25.0,1.6875,9/01/2025,25.0,,,,,,NF NF,"3/1, 6/1, 9/1 & 12/1",12/31/2023,PNFPP,1/02/2026,False,"NYSE | 6.75% | $1.6875 | $25.00 | $25.00 | 9/01/2025 | None | NF NF | 12/31/2023 | 3/1, 6/1, 9/1 & 12/1 | YES",,2026-08-21T20:04:15Z
PNMXO,True,"Public Service Co. of New Mexico, 4.58% 1965 Series Cumul Preferred Stock",Traditional Preferred Stock,PREFERRED,PNM,744499880,OTOTC,USD,True,True,FIXED,4.58,100.0,,,,,,,,,4.58% $4.58 $100.00 $102.00 any time None NR BB+,"1/15, 4/15, 7/15 & 10/15",5/21/2023,,,False,"OTOTCn | OTOTCps | 4.58% | $4.58 | $100.00 | $102.00 | any time | None | NR | BB+ | 5/21/2023 | 1/15, 4/15, 7/15 & 10/15 | YES",,2026-08-21T20:04:17Z
POWWP,True,"AMMO, Inc. 8.75% Series A Cumulative Redeemable Perpetual Preferred Stock",Traditional Preferred Stock,PREFERRED,POWW,00175J206,NCM,USD,True,False,FIXED,8.75,25.0,2.1875,5/18/2026,25.0,,,,,,NF NF,"3/15, 6/15, 9/15 & 12/15",3/19/2024,,,False,"NCM | 8.75% | $2.1875 | $25.00 | $25.00 | 5/18/2026 | None | NF NF | 3/19/2024 | 3/15, 6/15, 9/15 & 12/15 | No",,2026-08-21T20:04:18Z
PPLAF,True,Pembina Pipeline Corp Cumul Redeemable Rate Reset Class A Prfd Shares Ser 5,Traditional Preferred Stock,PREFERRED,PBA,706327111,OTOTC,CAD,True,False,FIXED,5.0,25.0,,,,,,,,,Reset Rate $1.7035 $25.00 $25.00 6/01/2019 None NF BB+,"3/1, 6/1, 9/1 & 12/1",7/15/2024,,,False,"OTOTCn | OTOTCps | Reset Rate | $1.7035 | $25.00 | $25.00 | 6/01/2019 | None | NF | BB+ | 7/15/2024 | 3/1, 6/1, 9/1 & 12/1 | No",,2026-08-21T20:04:20Z
PPLU,True,PPL Corp Equity Units Due 02/15/2039,Mandatory Convertible Security,PREFERRED,PPL,69351T866,NYSE,USD,,False,FIXED,7.0,50.0,3.5,,,,,,,,N/A Not Callable 2/15/2029 Baa1 NR 2/24/2026 1.0735@$46.5766+ 1.3419@$37.2606-,"2/15, 5/15, 8/15 & 11/15",,PPLCU,3/04/2026,False,"NYSE | 7.00% | $3.5 | $50.00 | N/A | Not Callable | 2/15/2029 | Baa1 | NR | 2/24/2026 | 1.0735@$46.5766+ | 1.3419@$37.2606- | 2/15, 5/15, 8/15 & 11/15 | No",cumulative,2026-08-21T20:04:21Z
PPWLM,True,"PacifiCorp, 7.00% Serial Preferred Stock",Traditional Preferred Stock,PREFERRED,,695114884,OTOTC,USD,True,True,FIXED,7.0,100.0,7.0,,,,,,,,"N/A Noncallable None Baa3 BBB- 3/07/2024 Notes: January 31, 2025 -- PPW Holdings LLC (the “Majority Shareholder”) executed a written consent approving an amendment to the Fourth Restated Articles of Incorporation of PacifiCorp to effectuate a reverse stock split of the shares of 6.00% Serial Preferred Stock and 7.00% Serial Preferred Stock. The Reverse Split Amendment provides for a reverse stock split of the Serial Preferred Stock (“Reverse Stock Split”) at a ratio of one-for-ten thousand, provided that any fractional shares resulting from the reverse stock split will not be issued or outstanding, and instead will be paid out in cash (without interest or deduction) in the amount, as applicable in each case, equal to (i) the number of shares of 6.00% Serial Preferred Stock exchanged and combined into such fractional share multiplied by $155.00, plus any accrued but unpaid dividends from the most recent dividend payment date with respect to the 6.00% Serial Preferred Stock up to, but not including, the effective date of the Reverse Stock Split, or (ii) the number of shares of 7.00% Serial Preferred Stock exchanged and combined into such fractional share multiplied by $180.00, plus any accrued but unpaid dividends from the most recent dividend payment date with respect to the 7.00% Serial Preferred Stock up to, but not including, the effective date of the Reverse Stock Split.","2/15, 5/15, 8/15 & 11/15",,,,True,"Delisted | 7.00% | $7.00 | $100.00 | N/A | Noncallable | None | Baa3 | BBB- | 3/07/2024 | 2/15, 5/15, 8/15 & 11/15 | YES | Notes: January 31, 2025 -- PPW Holdings LLC (the “Majority Shareholder”) executed a written consent approving an amendment to the Fourth Restated Articles of Incorporation of PacifiCorp to effectuate a reverse stock split of the shares of 6.00% Serial Preferred Stock and 7.00% Serial Preferred Stock. The Reverse Split Amendment provides for a reverse stock split of the Serial Preferred Stock (“Reverse Stock Split”) at a ratio of one-for-ten thousand, provided that any fractional shares resulting from the reverse stock split will not be issued or outstanding, and instead will be paid out in cash (without interest or deduction) in the amount, as applicable in each case, equal to (i) the number of shares of 6.00% Serial Preferred Stock exchanged and combined into such fractional share multiplied by $155.00, plus any accrued but unpaid dividends from the most recent dividend payment date with respect to the 6.00% Serial Preferred Stock up to, but not including, the effective date of the Reverse Stock Split, or (ii) the number of shares of 7.00% Serial Preferred Stock exchanged and combined into such fractional share multiplied by $180.00, plus any accrued but unpaid dividends from the most recent dividend payment date with respect to the 7.00% Serial Preferred Stock up to, but not including, the effective date of the Reverse Stock Split.",,2026-08-21T20:04:22Z
PPWLO,True,"PacifiCorp, 6.00% Serial Preferred Stock",Traditional Preferred Stock,PREFERRED,,695114801,OTOTC,USD,True,True,FIXED,6.0,100.0,6.0,,,,,,,,"N/A Noncallable None Baa3 BBB- 3/07/2024 Notes: January 31, 2025 -- PPW Holdings LLC (the “Majority Shareholder”) executed a written consent approving an amendment to the Fourth Restated Articles of Incorporation of PacifiCorp to effectuate a reverse stock split of the shares of 6.00% Serial Preferred Stock and 7.00% Serial Preferred Stock. The Reverse Split Amendment provides for a reverse stock split of the Serial Preferred Stock (“Reverse Stock Split”) at a ratio of one-for-ten thousand, provided that any fractional shares resulting from the reverse stock split will not be issued or outstanding, and instead will be paid out in cash (without interest or deduction) in the amount, as applicable in each case, equal to (i) the number of shares of 6.00% Serial Preferred Stock exchanged and combined into such fractional share multiplied by $155.00, plus any accrued but unpaid dividends from the most recent dividend payment date with respect to the 6.00% Serial Preferred Stock up to, but not including, the effective date of the Reverse Stock Split, or (ii) the number of shares of 7.00% Serial Preferred Stock exchanged and combined into such fractional share multiplied by $180.00, plus any accrued but unpaid dividends from the most recent dividend payment date with respect to the 7.00% Serial Preferred Stock up to, but not including, the effective date of the Reverse Stock Split.","2/15, 5/15, 8/15 & 11/15",,,,True,"Delisted | 6.00% | $6.00 | $100.00 | N/A | Noncallable | None | Baa3 | BBB- | 3/07/2024 | 2/15, 5/15, 8/15 & 11/15 | YES | Notes: January 31, 2025 -- PPW Holdings LLC (the “Majority Shareholder”) executed a written consent approving an amendment to the Fourth Restated Articles of Incorporation of PacifiCorp to effectuate a reverse stock split of the shares of 6.00% Serial Preferred Stock and 7.00% Serial Preferred Stock. The Reverse Split Amendment provides for a reverse stock split of the Serial Preferred Stock (“Reverse Stock Split”) at a ratio of one-for-ten thousand, provided that any fractional shares resulting from the reverse stock split will not be issued or outstanding, and instead will be paid out in cash (without interest or deduction) in the amount, as applicable in each case, equal to (i) the number of shares of 6.00% Serial Preferred Stock exchanged and combined into such fractional share multiplied by $155.00, plus any accrued but unpaid dividends from the most recent dividend payment date with respect to the 6.00% Serial Preferred Stock up to, but not including, the effective date of the Reverse Stock Split, or (ii) the number of shares of 7.00% Serial Preferred Stock exchanged and combined into such fractional share multiplied by $180.00, plus any accrued but unpaid dividends from the most recent dividend payment date with respect to the 7.00% Serial Preferred Stock up to, but not including, the effective date of the Reverse Stock Split.",,2026-08-21T20:04:24Z
PRE-J,True,"PartnerRe Ltd. 4.875% Non-Cumulative Redeemable Preferred Shares, Series J",Traditional Preferred Stock,PREFERRED,PRE*,G68603169,OTOTC,USD,False,True,FIXED,4.875,25.0,,03/15/2026,,,,,,,4.88% $1.21875 $25.00 $25.00 3/15/2026 None Baa2 BBB,"3/15, 6/15, 9/15 & 12/15",3/19/2024,PRE-J,7/11/2024,False,"OTOTCn | OTOTCps | 4.88% | $1.21875 | $25.00 | $25.00 | 3/15/2026 | None | Baa2 | BBB | 3/19/2024 | 3/15, 6/15, 9/15 & 12/15 | YES",,2026-08-21T20:04:25Z
PREJF,True,"PartnerRe Ltd. 4.875% Non-Cumulative Redeemable Preferred Shares, Series J",Traditional Preferred Stock,PREFERRED,PRE*,G68603169,OTOTC,USD,False,True,FIXED,4.875,25.0,,03/15/2026,,,,,,,4.88% $1.21875 $25.00 $25.00 3/15/2026 None Baa2 BBB,"3/15, 6/15, 9/15 & 12/15",3/19/2024,PRE-J,7/11/2024,False,"OTOTCn | OTOTCps | 4.88% | $1.21875 | $25.00 | $25.00 | 3/15/2026 | None | Baa2 | BBB | 3/19/2024 | 3/15, 6/15, 9/15 & 12/15 | YES",,2026-08-21T20:04:27Z
PRETL,True,"Pennsylvania Real Estate Investment Trust, 7.375% Cumul Redeem Perp Pfd Shares B",Traditional Preferred Stock,PREFERRED,PRETQ,709102503,OTOTC,USD,True,False,FIXED,7.375,25.0,,10/11/2017,,,,,,,7.38% $1.84 $25.00 $25.00 10/11/2017 None NR NF 4/15/2025 Suspended!,"3/15, 6/15, 9/15 & 12/15",,PRETL,12/11/2023,False,"OTOTCn | OTOTCps | 7.38% | $1.84 | $25.00 | $25.00 | 10/11/2017 | None | NR NF | 4/15/2025 | Suspended! | 3/15, 6/15, 9/15 & 12/15 | No",,2026-08-21T20:04:28Z
PRETM,True,"Pennsylvania Real Estate Investment Trust, 7.20% Cumul Redeem Perp Pfd Shares C",Traditional Preferred Stock,PREFERRED,PRETQ*,709102602,OTOTC,USD,True,False,FIXED,7.2,25.0,,1/27/2022,,,,,,,7.20% $1.80 $25.00 $25.00 1/27/2022 None NR NF 1/06/2023 Suspended!,"3/15, 6/15, 9/15 & 12/15",,PRETM,12/11/2023,True,"OTOTCn | OTOTCps | 7.20% | $1.80 | $25.00 | $25.00 | 1/27/2022 | None | NR NF | 1/06/2023 | Suspended! | 3/15, 6/15, 9/15 & 12/15 | No",,2026-08-21T20:04:30Z
PRETN,True,"Pennsylvania Real Estate Investment Trust, 6.875% Cum Red Perp Preferred Shrs D",Traditional Preferred Stock,PREFERRED,PRETQ*,709102701,OTOTC,USD,True,False,FIXED,6.875,25.0,,9/15/2022,,,,,,,6.88% $1.72 $25.00 $25.00 9/15/2022 None NR NF 1/06/2023 Suspended!,"3/15, 6/15, 9/15 & 12/15",,PRETN,12/11/2023,True,"OTOTCn | OTOTCps | 6.88% | $1.72 | $25.00 | $25.00 | 9/15/2022 | None | NR NF | 1/06/2023 | Suspended! | 3/15, 6/15, 9/15 & 12/15 | No",,2026-08-21T20:04:31Z
PRH,True,"Prudential Financial, Inc. 5.950% Junior Subordinated Notes due 9/1/2062",Exchange-Traded Debt Security,BABY_BOND,PRU,744320870,NYSE,USD,,False,FIXED,5.95,25.0,1.4875,9/01/2027,25.0,9/01/2062,,,,,Baa1 BBB+,"3/1, 6/1, 9/1 & 12/1",4/21/2025,,,False,"NYSE | 5.95% | $1.4875 | $25.00 | $25.00 | 9/01/2027 | 9/01/2062 | Baa1 | BBB+ | 4/21/2025 | 3/1, 6/1, 9/1 & 12/1 | No",,2026-08-21T20:04:33Z
PRHIZ,True,"Presurance Holdings, Inc, 9.75% Senior Unsecured Notes due 9/30/2028",Exchange-Traded Debt Security,BABY_BOND,PRHI,20731J300,NGM,USD,,False,FIXED,9.75,25.0,2.4375,9/30/2025,25.0,9/30/2028,,,,,NR NR,"3/31, 6/30, 9/30 & 12/31",8/31/2023,CNFRZ,9/29/2025,False,"NGM | 9.75% | $2.4375 | $25.00 | $25.00 | 9/30/2025 | 9/30/2028 | NR NR | 8/31/2023 | 3/31, 6/30, 9/30 & 12/31 | No",,2026-08-21T20:04:35Z
PRIF-D,True,"Priority Income Fund, 7.00% Series D Term Preferred Stock Due 6/30/2029",Traditional Preferred Stock,PREFERRED,,74274W400,NYSE,USD,True,,FIXED,7.0,25.0,1.75,3/31/2022,25.0,6/30/2029,,,,,NF NF 4/21/2025 Variable,"3/31, 6/30, 9/30 & 12/31",,,,False,"NYSE | 7.00% | $1.75 | $25.00 | $25.00 | 3/31/2022 | 6/30/2029 | NF NF | 4/21/2025 | 3/31, 6/30, 9/30 & 12/31 | Variable",qdi_eligible,2026-08-21T20:04:36Z
PRIF-F,True,"Priority Income Fund, 6.625% Series F Term Cumul Preferred Stock due 6/30/2027",Traditional Preferred Stock,PREFERRED,,74274W822,NYSE,USD,True,,FIXED,6.625,25.0,1.65625,02/25/2023,25.0,,,,,,Called for 6/11/2025 6/30/2027 NF NF 5/26/2025 Variable,"3/31, 6/30, 9/30 & 12/31",,PRYFP,2/28/2020,False,"NYSE | 6.63% | $1.65625 | $25.00 | $25.00 | Called for | 6/11/2025 | 6/30/2027 | NF NF | 5/26/2025 | 3/31, 6/30, 9/30 & 12/31 | Variable",qdi_eligible,2026-08-21T20:04:38Z
PRIF-G,True,"Priority Income Fund, 6.25% Series G Term Preferred Stock Due 06/30/2026",Traditional Preferred Stock,PREFERRED,,74274W814,NYSE,USD,True,,FIXED,6.25,25.0,1.5625,03/19/2023,25.0,,,,,,Called for 12/23/2024 6/30/2026 NF NF 4/09/2023 Variable,"3/31, 6/30, 9/30 & 12/31",,,,True,"NYSE | 6.25% | $1.5625 | $25.00 | $25.00 | Called for | 12/23/2024 | 6/30/2026 | NF NF | 4/09/2023 | 3/31, 6/30, 9/30 & 12/31 | Variable",qdi_eligible,2026-08-21T20:04:39Z
PRIF-H,True,"Priority Income Fund, 6.0% Series H Term Preferred Stock due 12/31/2026",Traditional Preferred Stock,PREFERRED,,74274W798,NYSE,USD,True,,FIXED,6.0,25.0,1.5,05/06/2023,25.0,,,,,,Called for 4/09/2025 12/31/2026 NF NF 4/09/2023 Variable,"3/31, 6/30, 9/30 & 12/31",,PRIFH,5/11/2021,True,"NYSE | 6.00% | $1.5 | $25.00 | $25.00 | Called for | 4/09/2025 | 12/31/2026 | NF NF | 4/09/2023 | 3/31, 6/30, 9/30 & 12/31 | Variable",qdi_eligible,2026-08-21T20:04:41Z
PRIF-I,True,"Priority Income Fund, 6.125% Series I Term Preferred Stock due 06/30/2028",Traditional Preferred Stock,PREFERRED,,74274W780,NYSE,USD,True,,FIXED,6.125,25.0,1.53125,06/17/2024,25.0,,,,,,Called for 7/14/2025 6/30/2028 NF NF 5/26/2025 Variable,"3/31, 6/30, 9/30 & 12/31",,PRIIP,6/23/2021,True,"NYSE | 6.13% | $1.53125 | $25.00 | $25.00 | Called for | 7/14/2025 | 6/30/2028 | NF NF | 5/26/2025 | 3/31, 6/30, 9/30 & 12/31 | Variable",qdi_eligible,2026-08-21T20:04:42Z
PRIF-J,True,"Priority Income Fund, 6.0% Series J Term Preferred Stock due 12/31/2028",Traditional Preferred Stock,PREFERRED,,74274W772,NYSE,USD,True,,FIXED,6.0,25.0,1.5,8/10/2024,25.0,12/31/2028,,,,,NF NF 5/26/2025 Variable,"3/31, 6/30, 9/30 & 12/31",,PRIJP,8/13/2021,False,"NYSE | 6.00% | $1.5 | $25.00 | $25.00 | 8/10/2024 | 12/31/2028 | NF NF | 5/26/2025 | 3/31, 6/30, 9/30 & 12/31 | Variable",qdi_eligible,2026-08-21T20:04:44Z
PRIF-K,True,Priority Income Fund 7.000% Series K Cumulative Preferred Stock,Traditional Preferred Stock,PREFERRED,,74274W764,NYSE,USD,True,False,FIXED,7.0,25.0,1.75,9/30/2026,25.0,,,,,,NF NF,"3/31, 6/30, 9/30 & 12/31",5/26/2025,PRIFP,10/12/2021,False,"NYSE | 7.00% | $1.75 | $25.00 | $25.00 | 9/30/2026 | None | NF NF | 5/26/2025 | 3/31, 6/30, 9/30 & 12/31 | No",,2026-08-21T20:04:45Z
PRIF-L,True,"Priority Income Fund, 6.375% Series L Term Cumulative Preferred Stock 03/31/2029",Traditional Preferred Stock,PREFERRED,,74274W756,NYSE,USD,True,,FIXED,6.375,25.0,1.59375,2/28/2025,25.0,3/31/2029,,,,,NF NF 5/26/2025 Variable,"3/31, 6/30, 9/30 & 12/31",,PRIFP,3/01/2022,False,"NYSE | 6.38% | $1.59375 | $25.00 | $25.00 | 2/28/2025 | 3/31/2029 | NF NF | 5/26/2025 | 3/31, 6/30, 9/30 & 12/31 | Variable",qdi_eligible,2026-08-21T20:04:46Z
PRS,True,"Prudential Financial, Inc., 5.625% Junior Subordinated Notes due 8/15/2058",Exchange-Traded Debt Security,BABY_BOND,PRU,744320805,NYSE,USD,,False,FIXED,5.625,25.0,1.41,8/15/2023,25.0,8/15/2058,,,,,Baa1 BBB+,"2/15, 5/15, 8/15 & 11/15",6/15/2025,,,False,"NYSE | 5.63% | $1.41 | $25.00 | $25.00 | 8/15/2023 | 8/15/2058 | Baa1 | BBB+ | 6/15/2025 | 2/15, 5/15, 8/15 & 11/15 | No",,2026-08-21T20:04:48Z
PRTLQ,True,"Pennsylvania Real Estate Investment Trust, 7.375% Cumul Redeem Perp Pfd Shares B",Traditional Preferred Stock,PREFERRED,PRETQ,709102503,OTOTC,USD,True,False,FIXED,7.375,25.0,,10/11/2017,,,,,,,7.38% $1.84 $25.00 $25.00 10/11/2017 None NR NF 4/15/2025 Suspended!,"3/15, 6/15, 9/15 & 12/15",,PRETL,12/11/2023,False,"OTOTCn | OTOTCps | 7.38% | $1.84 | $25.00 | $25.00 | 10/11/2017 | None | NR NF | 4/15/2025 | Suspended! | 3/15, 6/15, 9/15 & 12/15 | No",,2026-08-21T20:04:49Z
PSA-F,True,"Public Storage, 5.15% Dep Shares Cumulative Preferred Shares Series F",Traditional Preferred Stock,PREFERRED,PSA,74460W685,NYSE,USD,True,False,FIXED,5.15,25.0,1.29,6/02/2022,25.0,,,,,,A3 BBB+,"3/31, 6/30, 9/30 & 12/31",4/20/2025,PBSPP,6/05/2017,False,"NYSE | 5.15% | $1.29 | $25.00 | $25.00 | 6/02/2022 | None | A3 | BBB+ | 4/20/2025 | 3/31, 6/30, 9/30 & 12/31 | No",,2026-08-21T20:04:51Z
PSA-G,True,"Public Storage, 5.05% Depositary Shares Cumulative Preferred Share Series G",Traditional Preferred Stock,PREFERRED,PSA,74460W669,NYSE,USD,True,False,FIXED,5.05,25.0,1.26,8/09/2022,25.0,,,,,,A3 BBB+,"3/31, 6/30, 9/30 & 12/31",4/20/2025,PBSTP,8/10/2017,False,"NYSE | 5.05% | $1.26 | $25.00 | $25.00 | 8/09/2022 | None | A3 | BBB+ | 4/20/2025 | 3/31, 6/30, 9/30 & 12/31 | No",,2026-08-21T20:04:52Z
PSA-H,True,"Public Storage, 5.60% Depositary Shares Cumulative Preferred Stock Series H",Traditional Preferred Stock,PREFERRED,PSA,74460W644,NYSE,USD,True,False,FIXED,5.6,25.0,1.4,3/11/2024,25.0,,,,,,A3 BBB+,"3/31, 6/30, 9/30 & 12/31",4/20/2025,PSALL,3/13/2019,False,"NYSE | 5.60% | $1.40 | $25.00 | $25.00 | 3/11/2024 | None | A3 | BBB+ | 4/20/2025 | 3/31, 6/30, 9/30 & 12/31 | No",,2026-08-21T20:04:54Z
PSA-I,True,"Public Storage, Inc. 4.875% Dep Shares Cumulative Preferred Shares Series I",Traditional Preferred Stock,PREFERRED,PSA,74460W628,NYSE,USD,True,False,FIXED,4.875,25.0,1.22,9/12/2024,25.0,,,,,,A3 BBB+,"3/31, 6/30, 9/30 & 12/31",4/20/2025,PBSSP,9/16/2019,False,"NYSE | 4.88% | $1.22 | $25.00 | $25.00 | 9/12/2024 | None | A3 | BBB+ | 4/20/2025 | 3/31, 6/30, 9/30 & 12/31 | No",,2026-08-21T20:04:55Z
PSA-J,True,"Public Storage, Inc. 4.70% Dep Shares Cumulative Preferred Shares Series J",Traditional Preferred Stock,PREFERRED,PSA,74460W594,NYSE,USD,True,False,FIXED,4.7,25.0,1.18,11/15/2024,25.0,,,,,,A3 BBB+,"3/31, 6/30, 9/30 & 12/31",4/20/2025,PBLSZ,11/18/2019,False,"NYSE | 4.70% | $1.18 | $25.00 | $25.00 | 11/15/2024 | None | A3 | BBB+ | 4/20/2025 | 3/31, 6/30, 9/30 & 12/31 | No",,2026-08-21T20:04:57Z
PSA-K,True,"Public Storage, 4.75% Depositary Shares Cumulative Preferred Shares, Series K",Traditional Preferred Stock,PREFERRED,PSA,74460W578,NYSE,USD,True,False,FIXED,4.75,25.0,1.19,12/20/2024,25.0,,,,,,A3 BBB+,"3/31, 6/30, 9/30 & 12/31",4/20/2025,PBSGZ,12/23/2019,False,"NYSE | 4.75% | $1.19 | $25.00 | $25.00 | 12/20/2024 | None | A3 | BBB+ | 4/20/2025 | 3/31, 6/30, 9/30 & 12/31 | No",,2026-08-21T20:04:58Z
PSA-L,True,"Public Storage, 4.625% Dep Shares of Cumulative Preferred Share Series L",Traditional Preferred Stock,PREFERRED,PSA,74460W552,NYSE,USD,True,False,FIXED,4.625,25.0,1.15625,6/17/2025,25.0,,,,,,A3 BBB+,"3/31, 6/30, 9/30 & 12/31",4/18/2025,PUBXL,6/18/2020,False,"NYSE | 4.63% | $1.15625 | $25.00 | $25.00 | 6/17/2025 | None | A3 | BBB+ | 4/18/2025 | 3/31, 6/30, 9/30 & 12/31 | No",,2026-08-21T20:04:59Z
PSA-M,True,"Public Storage, Inc. 4.125% Depositary Shares Cumulative Preferred Shares Ser M",Traditional Preferred Stock,PREFERRED,PSA,74460W537,NYSE,USD,True,False,FIXED,4.125,25.0,1.03125,8/14/2025,25.0,,,,,,A3 BBB+,"3/31, 6/30, 9/30 & 12/31",4/18/2025,PSAGL,8/12/2020,False,"NYSE | 4.13% | $1.03125 | $25.00 | $25.00 | 8/14/2025 | None | A3 | BBB+ | 4/18/2025 | 3/31, 6/30, 9/30 & 12/31 | No",,2026-08-21T20:05:01Z
PSA-N,True,"Public Storage, 3.875% Dep Shares Cumulative Preferred Share Series N",Traditional Preferred Stock,PREFERRED,PSA,74460W511,NYSE,USD,True,False,FIXED,3.875,25.0,0.96875,10/06/2025,25.0,,,,,,A3 BBB+,"3/31, 6/30, 9/30 & 12/31",4/18/2025,PSADL,10/09/2020,False,"NYSE | 3.88% | $0.96875 | $25.00 | $25.00 | 10/06/2025 | None | A3 | BBB+ | 4/18/2025 | 3/31, 6/30, 9/30 & 12/31 | No",,2026-08-21T20:05:02Z
PSA-O,True,"Public Storage, 3.90% Dep Shares of Cumulative Preferred Share Series O",Traditional Preferred Stock,PREFERRED,PSA,74460W487,NYSE,USD,True,False,FIXED,3.9,25.0,0.975,11/17/2025,25.0,,,,,,A3 BBB+,"3/31, 6/30, 9/30 & 12/31",4/18/2025,PSAOL,11/18/2020,False,"NYSE | 3.90% | $0.975 | $25.00 | $25.00 | 11/17/2025 | None | A3 | BBB+ | 4/18/2025 | 3/31, 6/30, 9/30 & 12/31 | No",,2026-08-21T20:05:04Z
PSA-P,True,"Public Storage, 4.00% Dep Shares Cumulative Preferred Share Series P",Traditional Preferred Stock,PREFERRED,PSA,74460W461,NYSE,USD,True,False,FIXED,4.0,25.0,1.0,6/26/2026,25.0,,,,,,A3 BBB+,"3/31, 6/30, 9/30 & 12/31",4/18/2025,PSALL,6/18/2021,False,"NYSE | 4.00% | $1 | $25.00 | $25.00 | 6/26/2026 | None | A3 | BBB+ | 4/18/2025 | 3/31, 6/30, 9/30 & 12/31 | No",,2026-08-21T20:05:05Z
PSA-Q,True,"Public Storage, 3.950% Dep Shares Cumulative Preferred Share Series Q",Traditional Preferred Stock,PREFERRED,PSA,74460W446,NYSE,USD,True,False,FIXED,3.95,25.0,0.9875,8/17/2026,25.0,,,,,,A3 BBB+,"3/31, 6/30, 9/30 & 12/31",4/18/2025,PASQL,8/19/2021,False,"NYSE | 3.95% | $0.9875 | $25.00 | $25.00 | 8/17/2026 | None | A3 | BBB+ | 4/18/2025 | 3/31, 6/30, 9/30 & 12/31 | No",,2026-08-21T20:05:07Z
PSA-R,True,"Public Storage, Inc. 4.0% Depositary Shares Cumulative Preferred Shares Ser R",Traditional Preferred Stock,PREFERRED,PSA,74460W420,NYSE,USD,True,False,FIXED,4.0,25.0,1.0,11/19/2026,25.0,,,,,,A3 BBB+,"3/31, 6/30, 9/30 & 12/31",4/18/2025,PBSTP,11/22/2021,False,"NYSE | 4.00% | $1 | $25.00 | $25.00 | 11/19/2026 | None | A3 | BBB+ | 4/18/2025 | 3/31, 6/30, 9/30 & 12/31 | No",,2026-08-21T20:05:08Z
PSA-S,True,"Public Storage, Inc. 4.10% Depositary Shares Cumulative Preferred Shares Ser S",Traditional Preferred Stock,PREFERRED,PSA,74460W396,NYSE,USD,True,False,FIXED,4.1,25.0,1.025,1/13/2027,25.0,,,,,,A3 BBB+,"3/31, 6/30, 9/30 & 12/31",4/18/2025,PASDL,1/18/2022,False,"NYSE | 4.10% | $1.025 | $25.00 | $25.00 | 1/13/2027 | None | A3 | BBB+ | 4/18/2025 | 3/31, 6/30, 9/30 & 12/31 | No",,2026-08-21T20:05:10Z
PSA-T,True,"Public Storage, 6.00% Series T Cumul Red Preferred Shares",Traditional Preferred Stock,PREFERRED,PSA,637870205,NYSE,USD,True,False,FIXED,6.0,25.0,1.5,10/11/2022,25.0,,,,,,NF NF,"3/31, 6/30, 9/30 & 12/31",6/15/2025,NSA-A,3/15/2026,False,"NYSE | 6.00% | $1.50 | $25.00 | $25.00 | 10/11/2022 | None | NF NF | 6/15/2025 | 3/31, 6/30, 9/30 & 12/31 | No",,2026-08-21T20:05:11Z
PSA-U,True,"Public Storage, 6.00% Series U Cumulative Preferred Shares",Traditional Preferred Stock,PREFERRED,PSA,637870304,NYSE,USD,True,False,FIXED,6.0,25.0,1.5,9/15/2043,25.0,,,,,,NF NF,"3/31, 6/30, 9/30 & 12/31",9/16/2024,NSA-B,3/15/2026,False,"NYSE | 6.00% | $1.5 | $25.00 | $25.00 | 9/15/2043 | None | NF NF | 9/16/2024 | 3/31, 6/30, 9/30 & 12/31 | No",,2026-08-21T20:05:12Z
PSBXP,True,"PS Business Parks, 5.25% Dep Shares Cumulative Preferred Stock Series X",Traditional Preferred Stock,PREFERRED,PSB*,69360J594,OTOTC,USD,True,False,FIXED,5.25,25.0,,9/21/2022,,,,,,,5.25% $1.31 $25.00 $25.00 9/21/2022 None WR NR,"3/31, 6/30, 9/30 & 12/31",6/15/2025,PSB-X,1/17/2023,False,"OTOTCn | OTOTCps | 5.25% | $1.31 | $25.00 | $25.00 | 9/21/2022 | None | WR | NR | 6/15/2025 | 3/31, 6/30, 9/30 & 12/31 | No",,2026-08-21T20:05:14Z
PSBYP,True,"PS Business Parks, 5.20% Dep Shares Cumulative Preferred Stock Series Y",Traditional Preferred Stock,PREFERRED,PSB*,69360J578,OTOTC,USD,True,False,FIXED,5.2,25.0,,12/7/2022,,,,,,,5.20% $1.30 $25.00 $25.00 12/07/2022 None WR NR,"3/31, 6/30, 9/30 & 12/31",6/15/2025,PSB-Y,1/17/2023,False,"OTOTCn | OTOTCps | 5.20% | $1.30 | $25.00 | $25.00 | 12/07/2022 | None | WR | NR | 6/15/2025 | 3/31, 6/30, 9/30 & 12/31 | No",,2026-08-21T20:05:15Z
PSBZP,True,"PS Business Parks, 4.875% Dep Shares Cumulative Preferred Stock, Series Z",Traditional Preferred Stock,PREFERRED,PSB*,69360J552,OTOTC,USD,True,False,FIXED,4.875,25.0,,11/4/2024,,,,,,,4.88% $1.22 $25.00 $25.00 11/04/2024 None WR NR,"3/31, 6/30, 9/30 & 12/31",6/15/2025,PSB-Z,1/17/2023,False,"OTOTCn | OTOTCps | 4.88% | $1.22 | $25.00 | $25.00 | 11/04/2024 | None | WR | NR | 6/15/2025 | 3/31, 6/30, 9/30 & 12/31 | No",,2026-08-21T20:05:17Z
PSEC-A,True,Prospect Capital Corp 5.35% Series A Cumulative Preferred Stock,Traditional Preferred Stock,PREFERRED,PSEC,74348T565,NYSE,USD,True,,FIXED,5.35,25.0,1.3375,7/19/2026,25.0,,,,,,Ba2 BBB- 3/19/2024 Variable,"2/1, 5/1, 8/1 & 11/1",,PSECV,7/15/2021,False,"NYSE | 5.35% | $1.3375 | $25.00 | $25.00 | 7/19/2026 | None | Ba2 | BBB- | 3/19/2024 | 2/1, 5/1, 8/1 & 11/1 | Variable",qdi_eligible,2026-08-21T20:05:18Z
PW-A,True,"Power REIT, 7.75% Series A Cumulative Redeemable Perpetual Preferred Stock",Traditional Preferred Stock,PREFERRED,PW,73933H200,AMEX,USD,True,False,FIXED,7.75,25.0,1.94,2/28/2019,25.0,,,,,,NF NF 3/19/2024 Suspended!,"3/15, 6/15, 9/15 & 12/15",,,,False,"AMEX | 7.75% | $1.94 | $25.00 | $25.00 | 2/28/2019 | None | NF NF | 3/19/2024 | Suspended! | 3/15, 6/15, 9/15 & 12/15 | No",,2026-08-21T20:05:20Z
PWCCF,True,"Power Corp of Canada 5.35% Non-Cumulative First Preferred Shares, Series B",Traditional Preferred Stock,PREFERRED,,739239804,OTOTC,CAD,False,False,FIXED,5.35,25.0,,,,,,,,,5.35% $1.3375 $25.00 $25.00 11/28/2012 None NR NR,"1/15, 4/15, 7/15 & 10/15",10/31/2023,,,False,"OTOTCn | OTOTCps | 5.35% | $1.3375 | $25.00 | $25.00 | 11/28/2012 | None | NR NR | 10/31/2023 | 1/15, 4/15, 7/15 & 10/15 | No",,2026-08-21T20:05:21Z
PYT,True,ML Depositor PPLUS Trust Floating Rate Goldman Sachs Cap I Certificates GSC-2,Third Party Trust Preferred,TP,GS,73941X684,NYSE,USD,,False,FIX_TO_FLOAT,,,,8/15/2009,,,LIBOR,85.0,,,$25.00 $25.00 8/15/2009 2/15/2034 Baa3 BB+,"2/15, 5/15, 8/15 & 11/15",11/30/2025,,,False,"NYSE | FixFloat | n.a. | $25.00 | $25.00 | 8/15/2009 | 2/15/2034 | Baa3 | BB+ | 11/30/2025 | 2/15, 5/15, 8/15 & 11/15 | No",cumulative;coupon_pct;par,2026-08-21T20:05:23Z
QRTEP,True,"QVC Group, Inc. 8.0% Series A Cumulative Preferred Stock Due 3/15/2031",Traditional Preferred Stock,PREFERRED,QVCGA,74915M308,NGS,USD,True,False,FIXED,8.0,100.0,8.0,9/18/2025,104.0,3/15/2031,,,,,NF NF 11/30/2025 Suspended!,"3/15, 6/15, 9/15 & 12/15",,QRTEP,2/24/2025,False,"NGS | 8.00% | $8 | $100.00 | $104.00 | 9/18/2025 | 3/15/2031 | NF NF | 11/30/2025 | Suspended! | 3/15, 6/15, 9/15 & 12/15 | No",,2026-08-21T20:05:24Z
QVCC,True,"QVC Inc., 6.25% Senior Secured Notes due 11/26/2068",Exchange-Traded Debt Security,BABY_BOND,QRTEA,747262400,NYSE,USD,,False,FIXED,6.25,25.0,1.56,11/26/2024,25.0,11/26/2068,,,,,Caa1 B-,"3/15, 6/15, 9/15 & 12/15",6/15/2025,,,True,"NYSE | 6.25% | $1.56 | $25.00 | $25.00 | 11/26/2024 | 11/26/2068 | Caa1 | B- | 6/15/2025 | 3/15, 6/15, 9/15 & 12/15 | No",,2026-08-21T20:05:26Z
QVCD,True,"QVC Inc., 6.375% Senior Secured Notes due 9/13/2067",Exchange-Traded Debt Security,BABY_BOND,QRTEA,747262301,NYSE,USD,,False,FIXED,6.375,25.0,1.59,9/13/2023,25.0,9/13/2067,,,,,Caa1 B-,"3/15, 6/15, 9/15 & 12/15",6/15/2025,,,True,"NYSE | 6.38% | $1.59 | $25.00 | $25.00 | 9/13/2023 | 9/13/2067 | Caa1 | B- | 6/15/2025 | 3/15, 6/15, 9/15 & 12/15 | No",,2026-08-21T20:05:27Z
QVCGP,True,"QVC Group, Inc. 8.0% Series A Cumulative Preferred Stock Due 3/15/2031",Traditional Preferred Stock,PREFERRED,QVCGA,74915M308,NGS,USD,True,False,FIXED,8.0,100.0,8.0,9/18/2025,104.0,3/15/2031,,,,,NF NF 11/30/2025 Suspended!,"3/15, 6/15, 9/15 & 12/15",,QRTEP,2/24/2025,False,"NGS | 8.00% | $8 | $100.00 | $104.00 | 9/18/2025 | 3/15/2031 | NF NF | 11/30/2025 | Suspended! | 3/15, 6/15, 9/15 & 12/15 | No",,2026-08-21T20:05:28Z
QXO-B,True,"QXO, Inc. 5.50% Depositary Shares Series B Mandatory Convertible Preferred Stock",Mandatory Convertible Security,PREFERRED,QXO,82846H504,NYSE,USD,True,True,MAND_CONVERT,5.5,50.0,2.75,,50.0,,,,,,Not Callable 4/19/2028 NR NR 5/22/2025 2.4737@$20.2126+ 3.0303@ $16.50-,"2/15, 5/15, 8/15 & 11/15",,QXOBL,5/30/2025,False,"NYSE | 5.50% | $2.75 | $50.00 | $50.00 | Not Callable | 4/19/2028 | NR NR | 5/22/2025 | 2.4737@$20.2126+ | 3.0303@ $16.50- | 2/15, 5/15, 8/15 & 11/15 | YES",,2026-08-21T20:05:30Z
RBCP,True,RBC Bearings Inc 5.0% Ser A Mandatory Convertible Preferred Stock Due 10/15/2024,Mandatory Convertible Security,PREFERRED,RBC,75524B203,NYSE,USD,True,True,MAND_CONVERT,5.0,100.0,5.0,,100.0,10/15/2024,,,,,NF NR 1/06/2023 0.4413@226.00+ 0.5405@185.00-,"1/15, 4/15, 7/15 & 10/15",,ROLLP,9/26/2022,True,"NYSE | 5.00% | $5 | $100.00 | $100.00 | None | 10/15/2024 | NF NR | 1/06/2023 | 0.4413@226.00+ | 0.5405@185.00- | 1/15, 4/15, 7/15 & 10/15 | YES",,2026-08-21T20:05:31Z
RC-C,True,"Ready Capital., 6.25% Series C Cumulative Convertible Preferred Stock",Traditional Convertible Preferred Stock,PREFERRED,RC,75574U705,NYSE,USD,True,False,CONVERTIBLE,6.25,25.0,1.56,1/25/2012,25.0,,,,,,NF NF 12/31/2023 1.0505 $23.7981,"1/15, 4/15, 7/15 & 10/15",,ANH-B,3/22/2021,False,"NYSE | 6.25% | $1.56 | $25.00 | $25.00 | 1/25/2012 | None | NF NF | 12/31/2023 | 1.0505 | $23.7981 | 1/15, 4/15, 7/15 & 10/15 | No",,2026-08-21T20:05:33Z
RC-E,True,"Ready Capital Corp., 6.50% Series E Cumulative Redeemable Preferred Stock",Traditional Preferred Stock,PREFERRED,RC,75574U887,NYSE,USD,True,False,FIXED,6.5,25.0,1.625,6/10/2026,25.0,,,,,,NF NF,"1/31, 4/30, 7/30 & 10/31",12/31/2023,RCPPP,6/29/2021,False,"NYSE | 6.50% | $1.625 | $25.00 | $25.00 | 6/10/2026 | None | NF NF | 12/31/2023 | 1/31, 4/30, 7/30 & 10/31 | No",,2026-08-21T20:05:34Z
RCB,True,"Ready Capital Corp., 6.20% Senior Notes due 7/30/2026",Exchange-Traded Debt Security,BABY_BOND,RC,75574U408,NYSE,USD,,False,FIXED,6.2,25.0,1.55,7/30/2022,25.0,7/30/2026,,,,,NF NF,"1/30, 4/30, 7/30, & 10/30",12/31/2023,,,False,"NYSE | 6.20% | $1.55 | $25.00 | $25.00 | 7/30/2022 | 7/30/2026 | NF NF | 12/31/2023 | 1/30, 4/30, 7/30, & 10/30 | No",,2026-08-21T20:05:35Z
RCC,True,"Ready Capital Corp., 5.75% Senior Notes due 2/15/2026",Exchange-Traded Debt Security,BABY_BOND,RC,75574U606,NYSE,USD,,False,FIXED,5.75,25.0,1.4375,2/15/2023,25.0,2/15/2026,,,,,NR NR,"1/30, 4/30, 7/30 & 10/30",12/31/2023,,,False,"NYSE | 5.75% | $1.4375 | $25.00 | $25.00 | 2/15/2023 | 2/15/2026 | NR NR | 12/31/2023 | 1/30, 4/30, 7/30 & 10/30 | No",,2026-08-21T20:05:37Z
RCD,True,Ready Capital Corp 9.00% Senior Notes due 12/15/2029,Exchange-Traded Debt Security,BABY_BOND,RC,75574U838,NYSE,USD,,False,FIXED,9.0,25.0,2.25,12/15/2026,25.0,12/15/2029,,,,,NR NR,"3/15, 6/15, 9/15 & 12/15",12/03/2024,,,False,"NYSE | 9.00% | $2.25 | $25.00 | $25.00 | 12/15/2026 | 12/15/2029 | NR NR | 12/03/2024 | 3/15, 6/15, 9/15 & 12/15 | No",,2026-08-21T20:05:38Z
REGCO,True,Regency Centers Corp 5.875% Series B Cumul Redeemable Preferred Stock,Traditional Preferred Stock,PREFERRED,REG,917286874,NGS,USD,True,False,FIXED,5.875,25.0,1.47,10/01/2024,25.0,,,,,,NF NF,"1/31, 4/30, 7/31 & 10/31",5/21/2023,UBP-K,8/18/2023,False,"NGS | 5.88% | $1.47 | $25.00 | $25.00 | 10/01/2024 | None | NF NF | 5/21/2023 | 1/31, 4/30, 7/31 & 10/31 | No",,2026-08-21T20:05:40Z
REGCP,True,Regency Centers Corp 6.25% Series A Cumulative Redeemable Preferred Stock,Traditional Preferred Stock,PREFERRED,REG,917286882,NGS,USD,True,False,FIXED,6.25,25.0,1.56,9/18/2022,25.0,,,,,,NF NF,"1/31, 4/30, 7/31 & 10/31",5/21/2023,UBP-H,8/18/2023,False,"NGS | 6.25% | $1.56 | $25.00 | $25.00 | 9/18/2022 | None | NF NF | 5/21/2023 | 1/31, 4/30, 7/31 & 10/31 | No",,2026-08-21T20:05:41Z
REXR-B,True,"Rexford Industrial Realty, 5.875% Series B Cumulative Redeemable Preferred Stock",Traditional Preferred Stock,PREFERRED,REXR,76169C308,NYSE,USD,True,False,FIXED,5.875,25.0,1.47,11/13/2022,25.0,,,,,,NF NF,"3/31, 6/30, 9/30 & 12/31",6/15/2025,RXXFP,11/16/2017,False,"NYSE | 5.88% | $1.47 | $25.00 | $25.00 | 11/13/2022 | None | NF NF | 6/15/2025 | 3/31, 6/30, 9/30 & 12/31 | No",,2026-08-21T20:05:43Z
REXR-C,True,"Rexford Industrial Realty, 5.625% Series C Cumulative Redeemable Preferred Stock",Traditional Preferred Stock,PREFERRED,REXR,76169C407,NYSE,USD,True,False,FIXED,5.625,25.0,1.41,9/20/2024,25.0,,,,,,NF NF,"3/31, 6/30, 9/30 & 12/31",6/15/2025,REXCP,9/24/2019,False,"NYSE | 5.63% | $1.41 | $25.00 | $25.00 | 9/20/2024 | None | NF NF | 6/15/2025 | 3/31, 6/30, 9/30 & 12/31 | No",,2026-08-21T20:05:44Z
RF-B,True,"Regions Financial Corp., 6.375% Dep Sh Fix/Float Non-Cumul Preferred Stock Ser B",Traditional Preferred Stock,PREFERRED,RF,7591EP506,NYSE,USD,False,True,FIX_TO_FLOAT,6.375,25.0,1.59,9/15/2024,25.0,,3M_TERM_SOFR,353.6,,,Called for 9/16/2024 None Baa3 BB+,"3/15, 6/15, 9/15 & 12/15",4/09/2023,RFNCL,4/30/2014,True,"NYSE | FixFloat | $1.59 | $25.00 | $25.00 | Called for | 9/16/2024 | None | Baa3 | BB+ | 4/09/2023 | 3/15, 6/15, 9/15 & 12/15 | YES",,2026-08-21T20:05:46Z
RF-C,True,"Regions Financial Corp., 5.70% Dep Sh Fix/Float Non-Cumul Preferred Stock Ser C",Traditional Preferred Stock,PREFERRED,RF,7591EP704,NYSE,USD,False,True,FIX_TO_FLOAT,5.7,25.0,1.43,5/15/2029,25.0,,3M_TERM_SOFR,314.8,,,Baa3 BB+,"2/15, 5/15, 8/15 & 11/15",5/26/2025,,,False,"NYSE | FixFloat | $1.43 | $25.00 | $25.00 | 5/15/2029 | None | Baa3 | BB+ | 5/26/2025 | 2/15, 5/15, 8/15 & 11/15 | YES",,2026-08-21T20:05:47Z
RF-E,True,"Regions Financial Corp., 4.45% Dep Shares Series E Non-Cumulative Prfd Stock",Traditional Preferred Stock,PREFERRED,RF,7591EP886,NYSE,USD,False,True,FIXED,4.45,25.0,1.1125,6/15/2026,25.0,,,,,,Baa3 BB+,"3/15, 6/15, 9/15 & 12/15",5/26/2025,RFPEL,,False,"NYSE | 4.45% | $1.1125 | $25.00 | $25.00 | 6/15/2026 | None | Baa3 | BB+ | 5/26/2025 | 3/15, 6/15, 9/15 & 12/15 | YES",,2026-08-21T20:05:49Z
RF-F,True,Regions Financial Corp Depositary Shares Non-Cumulative Preferred Stock Ser F,Traditional Preferred Stock,PREFERRED,RF,7591EP860,NYSE,USD,False,True,FIXED,6.95,25.0,1.7375,9/15/2029,25.0,,,,,,Baa3 BB+,"3/15, 6/15, 9/15 & 12/15",5/26/2025,RFPFL,7/29/2024,False,"NYSE | 6.95% | $1.7375 | $25.00 | $25.00 | 9/15/2029 | None | Baa3 | BB+ | 5/26/2025 | 3/15, 6/15, 9/15 & 12/15 | YES",,2026-08-21T20:05:50Z
RHE-A,True,"Regional Health Properties, 10.875% Series A Cumul Redeem Preferred Stock",Traditional Preferred Stock,PREFERRED,RHE*,75903M200,AMEX,USD,True,True,FIXED,10.875,5.0,,12/01/2017,5.0,,,,,,NF NF 4/23/2023,,n.a.,ADK-A,10/02/2017,True,Delisted | n.a. | $0 | $5.00 | $5.00 | 12/01/2017 | None | NF NF | 4/23/2023 | n.a. | YES,,2026-08-21T20:05:52Z
RILYG,True,"BRC Group Holdings, Inc, 5.00% Senior Notes Due 12/31/2026",Exchange-Traded Debt Security,BABY_BOND,RILY,05580M793,NGM,USD,,False,FIXED,5.0,25.0,1.25,any time,,,,,,,N/A Any Time 12/31/2026 NF NF,"1/31, 4/30, 7/31 & 10/31",2/13/2026,,,False,"NGM | 5.00% | $1.25 | $25.00 | N/A | Any Time | 12/31/2026 | NF NF | 2/13/2026 | 1/31, 4/30, 7/31 & 10/31 | No",,2026-08-21T20:05:53Z
RILYK,True,"BRC Group Holdings, Inc, 5.50% Senior Notes Due 3/31/2026",Exchange-Traded Debt Security,BABY_BOND,RILY,05580M827,NGM,USD,,False,FIXED,5.5,25.0,1.375,any time,25.0,,,,,,AnyTime 3/31/2026 NF NF,"1/31, 4/30, 7/31 & 10/31",2/13/2026,,,True,"NGM | 5.50% | $1.375 | $25.00 | $25.00 | AnyTime | 3/31/2026 | NF NF | 2/13/2026 | 1/31, 4/30, 7/31 & 10/31 | No",,2026-08-21T20:05:55Z
RILYL,True,"BRC Group Holdings, Inc 7.375% Dep Shares Ser B Cumulative Perp Preferred Stock",Traditional Preferred Stock,PREFERRED,RILY,05580M850,NGM,USD,True,True,FIXED,7.375,25.0,1.84375,9/04/2025,25.0,,,,,,NF NF 2/13/2026 Suspended!,"1/31, 4/30, 7/31 & 10/31",,,,False,"NGM | 7.38% | $1.84375 | $25.00 | $25.00 | 9/04/2025 | None | NF NF | 2/13/2026 | Suspended! | 1/31, 4/30, 7/31 & 10/31 | YES",,2026-08-21T20:05:56Z
RILYM,True,"B. Riley Financial, 6.375% Senior Notes Due 2/28/2025",Exchange-Traded Debt Security,BABY_BOND,RILY,05580M868,NGM,USD,,False,FIXED,6.375,25.0,1.59375,2/28/2021,25.5,,,,,,Called for 2/28/2025 2/28/2025 NF NF,"1/31, 4/30, 7/31 & 10/31",2/13/2026,,,True,"NGM | 6.38% | $1.59375 | $25.00 | $25.50 | Called for | 2/28/2025 | 2/28/2025 | NF NF | 2/13/2026 | 1/31, 4/30, 7/31 & 10/31 | No",,2026-08-21T20:05:58Z
RILYN,True,"BRC Group Holdings, Inc, 6.50% Senior Notes Due 9/30/2026",Exchange-Traded Debt Security,BABY_BOND,RILY,05580M801,NGM,USD,,False,FIXED,6.5,25.0,1.63,9/30/2024,25.0,9/30/2026,,,,,NF NF,"1/31, 4/30, 7/31 & 10/31",2/13/2026,,,False,"NGM | 6.50% | $1.63 | $25.00 | $25.00 | 9/30/2024 | 9/30/2026 | NF NF | 2/13/2026 | 1/31, 4/30, 7/31 & 10/31 | No",,2026-08-21T20:05:59Z
RILYO,True,"BRC Group Holdings, Inc, 6.75% Senior Notes Due 5/31/2024",Exchange-Traded Debt Security,BABY_BOND,RILY,05580M702,NGM,USD,,False,FIXED,6.75,25.0,1.69,5/31/2021,25.0,,,,,,Called for 5/31/2024 5/31/2024 NF NF,"1/31, 4/30, 7/31 & 10/31",2/13/2026,,,True,"NGM | 6.75% | $1.69 | $25.00 | $25.00 | Called for | 5/31/2024 | 5/31/2024 | NF NF | 2/13/2026 | 1/31, 4/30, 7/31 & 10/31 | No",,2026-08-21T20:06:00Z
RILYP,True,"BRC Group Holdings, Inc 6.875% Dep Shares Ser A Cumulative Perp Preferred Stock",Traditional Preferred Stock,PREFERRED,RILY,05580M876,NGM,USD,True,True,FIXED,6.875,25.0,1.72,10/07/2024,25.0,,,,,,NF NF 2/13/2026 Suspended!,"1/31, 4/30, 7/31 & 10/31",,BRYIL,10/08/2019,False,"NGM | 6.88% | $1.72 | $25.00 | $25.00 | 10/07/2024 | None | NF NF | 2/13/2026 | Suspended! | 1/31, 4/30, 7/31 & 10/31 | YES",,2026-08-21T20:06:02Z
RILYT,True,"BRC Group Holdings, Inc, 6.00% Senior Notes Due 1/31/2028",Exchange-Traded Debt Security,BABY_BOND,RILY,05580M835,NGM,USD,,False,FIXED,6.0,25.0,1.5,1/31/2022,25.75,1/31/2028,,,,,NF NF,"1/31, 4/30, 7/31 & 10/31",2/13/2026,,,False,"NGM | 6.00% | $1.5 | $25.00 | $25.75 | 1/31/2022 | 1/31/2028 | NF NF | 2/13/2026 | 1/31, 4/30, 7/31 & 10/31 | No",,2026-08-21T20:06:03Z
RILYZ,True,"BRC Group Holdings, Inc. 5.25% Senior Notes Due 08/31/2028",Exchange-Traded Debt Security,BABY_BOND,RILY,05580M819,NGM,USD,,False,FIXED,5.25,25.0,1.3125,8/31/2023,25.0,8/31/2028,,,,,NF NF,"1/31, 4/30, 7/31 & 10/31",2/13/2026,,,False,"NGM | 5.25% | $1.3125 | $25.00 | $25.00 | 8/31/2023 | 8/31/2028 | NF NF | 2/13/2026 | 1/31, 4/30, 7/31 & 10/31 | No",,2026-08-21T20:06:05Z
RITM-A,True,"Rithm Capital Corp., 7.50% Ser A Fixed/Float Cumul Red Prfrd Stock",Traditional Preferred Stock,PREFERRED,RITM,64828T300,NYSE,USD,True,False,FIX_TO_FLOAT,7.5,25.0,1.88,8/15/2024,25.0,,3M_LIBOR,580.2,,,NR NF,"2/15, 5/15, 08/15 & 11/15",4/15/2025,NRZ-A,8/02/2022,False,"NYSE | FixFloat | $1.88 | $25.00 | $25.00 | 8/15/2024 | None | NR NF | 4/15/2025 | 2/15, 5/15, 08/15 & 11/15 | No",,2026-08-21T20:06:06Z
RITM-B,True,"Rithm Capital Corp., 7.125% Ser B Fixed/Float Cumul Red Prfrd Stock",Traditional Preferred Stock,PREFERRED,RITM,64828T409,NYSE,USD,True,False,FIX_TO_FLOAT,7.125,25.0,1.78,8/15/2024,25.0,,3M_LIBOR,564.0,,,NR NF,"2/15, 5/15, 8/15 & 11/15",4/15/2025,NRZ-B,8/02/2022,False,"NYSE | FixFloat | $1.78 | $25.00 | $25.00 | 8/15/2024 | None | NR NF | 4/15/2025 | 2/15, 5/15, 8/15 & 11/15 | No",,2026-08-21T20:06:07Z
RITM-C,True,"Rithm Capital Corp, 6.375% Ser C Fixed/Float Cumul Red Prfd Stock",Traditional Preferred Stock,PREFERRED,RITM,64828T508,NYSE,USD,True,False,FIX_TO_FLOAT,6.375,25.0,1.59375,2/15/2025,25.0,,3M_LIBOR,496.9,,,NR NF,"2/15, 5/15, 8/15 & 11/15",11/30/2025,NRZ-C,8/02/2022,False,"NYSE | 6.38% | $1.59375 | $25.00 | $25.00 | 2/15/2025 | None | NR NF | 11/30/2025 | 2/15, 5/15, 8/15 & 11/15 | No",,2026-08-21T20:06:09Z
RITM-D,True,Rithm Capital Corp. Reset Rate Series D Cumulative Preferred Stock,Traditional Preferred Stock,PREFERRED,RITM,64828T706,NYSE,USD,True,False,RESET,7.0,25.0,1.75,11/15/2026,25.0,,,622.3,,,NF NF,"2/15, 5/15, 8/15 & 11/15",11/30/2025,NRZ-D,8/02/2022,False,"NYSE | Reset Rate | $1.75 | $25.00 | $25.00 | 11/15/2026 | None | NF NF | 11/30/2025 | 2/15, 5/15, 8/15 & 11/15 | No",reference_rate,2026-08-21T20:06:10Z
RITM-E,True,Rithm Capital Corp 8.750% Series E Cumulative Redeemable Preferred Stock,Traditional Preferred Stock,PREFERRED,RITM,64828T805,NYSE,USD,True,False,FIXED,8.75,25.0,2.1875,11/15/2030,25.0,,,,,,NR NR,"2/15, 5/15, 8/15 & 11/15",9/19/2025,RITMP,9/30/2025,False,"NYSE | 8.75% | $2.1875 | $25.00 | $25.00 | 11/15/2030 | None | NR NR | 9/19/2025 | 2/15, 5/15, 8/15 & 11/15 | No",,2026-08-21T20:06:12Z
RITM-F,True,Rithm Capital Corp Series F Reset Rate Cumulative Redeemable Preferred Stock,Traditional Preferred Stock,PREFERRED,RITM,64828T888,NYSE,USD,True,False,RESET,8.75,25.0,2.1875,2/15/2031,25.0,,,500.9,,,NR NR,"2/15, 5/15, 8/15 & 11/15",1/14/2026,RITCP,1/26/2026,False,"NYSE | Reset Rate | $2.1875 | $25.00 | $25.00 | 2/15/2031 | None | NR NR | 1/14/2026 | 2/15, 5/15, 8/15 & 11/15 | No",reference_rate,2026-08-21T20:06:13Z
RIV-A,True,"RiverNorth Opportunities Fund, Inc. 6.00% Series A, Perpetual Preferred Stock",Traditional Preferred Stock,PREFERRED,RIV,76881Y208,NYSE,USD,True,,FIXED,6.0,25.0,1.5,5/15/2027,25.0,,,,,,A1 NR 11/30/2025 Variable,"2/15, 5/15, 8/15 & 11/15",,RIVOP,5/04/2022,False,"NYSE | 6.00% | $1.5 | $25.00 | $25.00 | 5/15/2027 | None | A1 | NR | 11/30/2025 | 2/15, 5/15, 8/15 & 11/15 | Variable",qdi_eligible,2026-08-21T20:06:15Z
RJF-B,True,Raymond James Financial 6.375% Dep Sh Fix/Float Ser B Non-Cumul Perp Pfd Stock,Traditional Preferred Stock,PREFERRED,RJF,89678F506,NYSE,USD,False,True,FIX_TO_FLOAT,6.375,25.0,1.59,7/1/2024,25.0,,3M_TERM_SOFR,,,,Called for 1/02/2026 None Baa3 NR,"1/1, 4/1, 7/1 & 10/1",6/15/2025,TSCBP,6/01/2022,False,"NYSE | FixFloat | $1.59 | $25.00 | $25.00 | Called for | 1/02/2026 | None | Baa3 | NR | 6/15/2025 | 1/1, 4/1, 7/1 & 10/1 | YES",float_spread_bps,2026-08-21T20:06:16Z
RLJ-A,True,"RLJ Lodging Trust, $1.95 Series A Cumulative Convertible Preferred Shares",Traditional Convertible Preferred Stock,PREFERRED,RLJ,74965L200,NYSE,USD,True,False,CONVERTIBLE,7.8,25.0,1.95,,,,,,,,N/A N/A None NF NF 12/31/2023 0.2806 N/A,"1/31, 4/30, 7/31 & 10/31",,,,False,"NYSE | 7.80% | $1.95 | $25.00 | N/A | N/A | None | NF NF | 12/31/2023 | 0.2806 | N/A | 1/31, 4/30, 7/31 & 10/31 | No",,2026-08-21T20:06:18Z
RMPL-,True,"RiverNorth Specialty Finance Corp, 5.875% Ser A Term Preferred Stock due 2024",Traditional Preferred Stock,PREFERRED,RSF,76882B207,NYSE,USD,True,,FIXED,5.875,25.0,1.47,10/31/2020,25.0,,,,,,Called for 10/04/2024 10/31/2024 NF NF 4/23/2023 Variable,"2/15, 5/15, 8/15 & 11/15",,RVNOP,10/26/2017,True,"NYSE | 5.88% | $1.47 | $25.00 | $25.00 | Called for | 10/04/2024 | 10/31/2024 | NF NF | 4/23/2023 | 2/15, 5/15, 8/15 & 11/15 | Variable",qdi_eligible,2026-08-21T20:06:19Z
RNR-F,True,"RenaissanceRe Holdings, 5.75% Dep Shares Series F Non-Cumul Preference Shares",Traditional Preferred Stock,PREFERRED,RNR,75968N309,NYSE,USD,False,True,FIXED,5.75,25.0,1.44,6/30/2023,25.0,,,,,,Baa2 BBB,"3/1, 6/1, 9/1 & 12/1",4/21/2024,RNREF,6/22/2018,False,"NYSE | 5.75% | $1.44 | $25.00 | $25.00 | 6/30/2023 | None | Baa2 | BBB | 4/21/2024 | 3/1, 6/1, 9/1 & 12/1 | YES",,2026-08-21T20:06:20Z
RNR-G,True,"RenaissanceRe Holdings, 4.20% Dep Shares Series G Non-Cumul Preference Shares",Traditional Preferred Stock,PREFERRED,RNR,G7498P127,NYSE,USD,False,True,FIXED,4.2,25.0,1.05,7/15/2026,25.0,,,,,,Baa2 BBB,"3/1, 6/1, 9/1 & 12/1",3/19/2024,,,False,"NYSE | 4.20% | $1.05 | $25.00 | $25.00 | 7/15/2026 | None | Baa2 | BBB | 3/19/2024 | 3/1, 6/1, 9/1 & 12/1 | YES",,2026-08-21T20:06:22Z
RPT-C,True,Rithm Property Trust Inc Series C Fix/Float Cumulative Preferred Stock,Traditional Preferred Stock,PREFERRED,RPT,S38983D86,NYSE,USD,True,False,FIX_TO_FLOAT,9.875,25.0,,05/15/2023,,,3M_SOFR,556.0,,05/15/2030,$25.00 $25.00 5/15/2030 None NR NR,"2/15, 5/15, 8/15 & 11/15",2/27/2025,RPTCP,3/12/2025,False,"NYSE | FixFloat | n.a. | $25.00 | $25.00 | 5/15/2030 | None | NR NR | 2/27/2025 | 2/15, 5/15, 8/15 & 11/15 | No",,2026-08-21T20:06:23Z
RPT-D,True,"Kimco Realty Corp., 7.25% Dep Shares Class N Cumulative Preferred Stock",Traditional Convertible Preferred Stock,PREFERRED,KIM,49446R687,NYSE,USD,True,False,FIXED,7.25,50.0,3.625,,50.0,,,,,,Not Redeemable None Baa2 BBB- 2/20/2024 2.296.3 $21.77,"1/15, 4/15, 7/15 & 10/15",,RPT-D,1/02/2024,False,"NYSE | 7.25% | $3.625 | $50.00 | $50.00 | Not Redeemable | None | Baa2 | BBB- | 2/20/2024 | 2.296.3 | $21.77 | 1/15, 4/15, 7/15 & 10/15 | No",,2026-08-21T20:06:25Z
RWAYL,True,Runway Growth Finance Corp. 7.50% Notes Due 07/28/2027,Exchange-Traded Debt Security,BABY_BOND,RWAY,78163D209,NGS,USD,,False,FIXED,7.5,25.0,1.875,7/28/2024,25.0,7/28/2027,,,,,NF NF,"3/1, 6/1, 9/1 & 12/1",4/21/2025,,,False,"NGS | 7.50% | $1.875 | $25.00 | $25.00 | 7/28/2024 | 7/28/2027 | NF NF | 4/21/2025 | 3/1, 6/1, 9/1 & 12/1 | No",,2026-08-21T20:06:26Z
RWAYZ,True,Runway Growth Finance Corp. 8.00% Notes Due 12/31/2027,Exchange-Traded Debt Security,BABY_BOND,RWAY,78163D308,NGS,USD,,False,FIXED,8.0,25.0,2.0,12/31/2024,25.0,12/31/2027,,,,,NF NF,"3/1, 6/1, 9/1 & 12/1",4/21/2025,,,False,"NGS | 8.00% | $2 | $25.00 | $25.00 | 12/31/2024 | 12/31/2027 | NF NF | 4/21/2025 | 3/1, 6/1, 9/1 & 12/1 | No",,2026-08-21T20:06:28Z
RWT-A,True,Redwood Trust Inc Series A Reset Rate Cumulative Redeemable Preferred Stock,Traditional Preferred Stock,PREFERRED,RWT,758075808,NYSE,USD,True,False,RESET,10.0,25.0,2.5,4/15/2028,25.0,,,627.8,,,NR NR,"1/15, 4/15, 7/15 & 10/15",4/18/2025,RWTRP,1/23/2023,False,"NYSE | Reset Rate | $2.5 | $25.00 | $25.00 | 4/15/2028 | None | NR NR | 4/18/2025 | 1/15, 4/15, 7/15 & 10/15 | No",reference_rate,2026-08-21T20:06:29Z
RWTN,True,"Redwood Trust, Inc 9.125% Senior Notes due 3/1/2029",Exchange-Traded Debt Security,BABY_BOND,RWT,758075881,NYSE,USD,,False,FIXED,9.125,25.0,2.28125,3/01/2026,25.0,3/01/2029,,,,,NR NR,"3/1, 6/1, 9/1 & 12/1",1/19/2024,,,False,"NYSE | 9.13% | $2.28125 | $25.00 | $25.00 | 3/01/2026 | 3/01/2029 | NR NR | 1/19/2024 | 3/1, 6/1, 9/1 & 12/1 | No",,2026-08-21T20:06:30Z
RWTO,True,"Redwood Trust, Inc 9.00% Senior Notes Due 09/01/2029",Exchange-Traded Debt Security,BABY_BOND,RWT,758075873,NYSE,USD,,False,FIXED,9.0,25.0,2.25,9/01/2026,25.0,9/01/2029,,,,,NR NR,"3/1, 6/1, 9/1 & 12/1",6/14/2024,,,False,"NYSE | 9.00% | $2.25 | $25.00 | $25.00 | 9/01/2026 | 9/01/2029 | NR NR | 6/14/2024 | 3/1, 6/1, 9/1 & 12/1 | No",,2026-08-21T20:06:32Z
RWTP,True,"Redwood Trust, Inc 9.125% Senior Notes due 3/1/2030",Exchange-Traded Debt Security,BABY_BOND,RWT,758075865,NYSE,USD,,False,FIXED,9.125,25.0,2.28125,3/01/2027,25.0,3/01/2030,,,,,NR NR,"3/1, 6/1, 9/1 & 12/1",1/20/2025,,,False,"NYSE | 9.13% | $2.28125 | $25.00 | $25.00 | 3/01/2027 | 3/01/2030 | NR NR | 1/20/2025 | 3/1, 6/1, 9/1 & 12/1 | No",,2026-08-21T20:06:33Z
RWTQ,True,"Redwood Trust, Inc 9.50% Senior Notes due 12/1/2030",Exchange-Traded Debt Security,BABY_BOND,RWT,758075857,NYSE,USD,,False,FIXED,9.5,25.0,2.375,12/01/2027,25.0,12/01/2030,,,,,NR NR,"3/1, 6/1, 9/1 & 12/1",11/18/2025,,,False,"NYSE | 9.50% | $2.375 | $25.00 | $25.00 | 12/01/2027 | 12/01/2030 | NR NR | 11/18/2025 | 3/1, 6/1, 9/1 & 12/1 | No",,2026-08-21T20:06:35Z
RWTS,True,"Redwood Trust, Inc 9.75% Senior Notes due 6/1/2031",Exchange-Traded Debt Security,BABY_BOND,RWT,758075840,NYSE,USD,,False,FIXED,9.75,25.0,2.4375,6/01/2028,25.0,6/01/2031,,,,,NR NR,"3/1, 6/1, 9/1 & 12/1",5/20/2026,,,False,"NYSE | 9.75% | $2.4375 | $25.00 | $25.00 | 6/01/2028 | 6/01/2031 | NR NR | 5/20/2026 | 3/1, 6/1, 9/1 & 12/1 | No",,2026-08-21T20:06:36Z
RZB,True,"Reinsurance Group of America, 5.75% Fixed/Float Sub Debentures due 6/15/2056",Exchange-Traded Debt Security,BABY_BOND,RGA,759351802,NYSE,USD,,False,FIX_TO_FLOAT,5.75,25.0,1.44,6/15/2026,25.0,,3M_LIBOR,404.0,,,Called for 6/15/2026 6/15/2056 Baa3 BBB,"3/15, 6/15, 9/15 & 12/15",5/26/2025,,,False,"NYSE | FixFloat | $1.44 | $25.00 | $25.00 | Called for | 6/15/2026 | 6/15/2056 | Baa3 | BBB | 5/26/2025 | 3/15, 6/15, 9/15 & 12/15 | No",,2026-08-21T20:06:38Z
RZC,True,"Reinsurance Group of America, Reset Rate Sub Debentures due 10/15/2052",Exchange-Traded Debt Security,BABY_BOND,RGA,759351885,NYSE,USD,,False,RESET,7.125,25.0,1.78125,10/15/2027,25.0,10/15/2052,,345.6,,,Baa2 BBB+,"1/15, 4/15, 7/15 & 10/15",5/26/2025,,,False,"NYSE | Reset Rate | $1.78125 | $25.00 | $25.00 | 10/15/2027 | 10/15/2052 | Baa2 | BBB+ | 5/26/2025 | 1/15, 4/15, 7/15 & 10/15 | No",reference_rate,2026-08-21T20:06:39Z
SACC,True,"Sachem Capital Corp., 6.875% Notes due 12/30/2024",Exchange-Traded Debt Security,BABY_BOND,SACH,78590A307,AMEX,USD,,False,FIXED,6.875,25.0,1.72,11/07/2021,25.0,12/30/2024,,,,,NF NF,"3/30, 6/30, 9/30 & 12/30",4/09/2023,,,True,"AMEX | 6.88% | $1.72 | $25.00 | $25.00 | 11/07/2021 | 12/30/2024 | NF NF | 4/09/2023 | 3/30, 6/30, 9/30 & 12/30 | No",,2026-08-21T20:06:41Z
SACH-A,True,Sachem Capital Corp. 7.75% Series A Cumulative Preferred Stock,Traditional Preferred Stock,PREFERRED,SACH,78590A505,AMEX,USD,True,False,FIXED,7.75,25.0,1.9375,6/29/2026,25.0,,,,,,NF NF,"3/30, 6/30, 9/30 & 12/30",5/26/2025,SCMCP,7/06/2021,False,"AMEX | 7.75% | $1.9375 | $25.00 | $25.00 | 6/29/2026 | None | NF NF | 5/26/2025 | 3/30, 6/30, 9/30 & 12/30 | No",,2026-08-21T20:06:42Z
SAJ,True,"Saratoga Investment Corp., 8.00% Notes due 10/31/2027",Exchange-Traded Debt Security,BABY_BOND,SAR,80349A885,NYSE,USD,,False,FIXED,8.0,25.0,2.0,10/27/2024,25.0,10/31/2027,,,,,NR NR,"2/28, 5/31, 8/31 & 11/30",12/31/2023,,,False,"NYSE | 8.00% | $2 | $25.00 | $25.00 | 10/27/2024 | 10/31/2027 | NR NR | 12/31/2023 | 2/28, 5/31, 8/31 & 11/30 | No",,2026-08-21T20:06:44Z
SAT,True,Saratoga Investment Corp 6.00% Notes due 4/30/2027,Exchange-Traded Debt Security,BABY_BOND,SAR,80349A802,NYSE,USD,,False,FIXED,6.0,25.0,1.5,4/27/2024,25.0,4/30/2027,,,,,NR NR,"2/28, 5/31, 8/31 & 11/30",4/21/2024,,,False,"NYSE | 6.00% | $1.5 | $25.00 | $25.00 | 4/27/2024 | 4/30/2027 | NR NR | 4/21/2024 | 2/28, 5/31, 8/31 & 11/30 | No",,2026-08-21T20:06:45Z
SATA,True,"Strive, Inc. Variable Rate Series A Perpetual Preferred Stock",Traditional Preferred Stock,PREFERRED,ASST,S86294520,NGM,USD,True,True,VARIABLE,12.0,100.0,,,,,3M_TERM_SOFR,,,,$100.00 $100.00 Any Time None NR NR 11/10/2025 15th of the Month,,,,,False,NGM | Variable | n.a. | $100.00 | $100.00 | Any Time | None | NR NR | 11/10/2025 | 15th of the Month | YES,float_spread_bps,2026-08-21T20:06:47Z
SAV,True,Saratoga Investment Corp 7.50% Notes due 2/6/2031,Exchange-Traded Debt Security,BABY_BOND,SAR,80349A851,NYSE,USD,,False,FIXED,7.5,25.0,1.875,2/06/2028,25.0,2/06/2031,,,,,NR NR,"2/28, 5/31, 8/31 & 11/30",2/01/2026,,,False,"NYSE | 7.50% | $1.875 | $25.00 | $25.00 | 2/06/2028 | 2/06/2031 | NR NR | 2/01/2026 | 2/28, 5/31, 8/31 & 11/30 | No",,2026-08-21T20:06:48Z
SAX,True,Saratoga Investment Corp 8.00% Notes due 8/31/2031,Exchange-Traded Debt Security,BABY_BOND,SAR,80349A844,NYSE,USD,,False,FIXED,8.0,25.0,2.0,8/26/2028,25.0,8/31/2031,,,,,NR NR,"2/28, 5/31, 8/31 & 11/30",8/19/2026,,,False,"NYSE | 8.00% | $2 | $25.00 | $25.00 | 8/26/2028 | 8/31/2031 | NR NR | 8/19/2026 | 2/28, 5/31, 8/31 & 11/30 | No",,2026-08-21T20:06:49Z
SAY,True,"Saratoga Investment Corp., 8.125% Notes due 12/31/2027",Exchange-Traded Debt Security,BABY_BOND,SAR,80349A877,NYSE,USD,,False,FIXED,8.125,25.0,2.03125,12/13/2024,25.0,12/31/2027,,,,,NR NR,"2/28, 5/31, 8/31 & 11/30",2/20/2024,,,False,"NYSE | 8.13% | $2.03125 | $25.00 | $25.00 | 12/13/2024 | 12/31/2027 | NR NR | 2/20/2024 | 2/28, 5/31, 8/31 & 11/30 | No",,2026-08-21T20:06:51Z
SAZ,True,"Saratoga Investment Corp., 8.50% Notes due 04/15/2028",Exchange-Traded Debt Security,BABY_BOND,SAR,80349A869,NYSE,USD,,False,FIXED,8.5,25.0,2.125,4/14/2025,25.0,4/15/2028,,,,,NR NR,"2/28, 5/31, 8/31 & 11/30",5/26/2025,,,False,"NYSE | 8.50% | $2.125 | $25.00 | $25.00 | 4/14/2025 | 4/15/2028 | NR NR | 5/26/2025 | 2/28, 5/31, 8/31 & 11/30 | No",,2026-08-21T20:06:52Z
SB-C,True,"Safe Bulkers, 8.00% Series C Cumulative Redeemable Perpetual Preferred Shares",Traditional Preferred Stock,PREFERRED,SB,Y7388L129,NYSE,USD,True,True,FIXED,8.0,25.0,2.0,5/31/2019,25.0,,,,,,NF NF,"1/30, 4/30, 7/30 & 10/30",6/15/2025,SBLKF,5/09/2014,False,"NYSE | 8.00% | $2.00 | $25.00 | $25.00 | 5/31/2019 | None | NF NF | 6/15/2025 | 1/30, 4/30, 7/30 & 10/30 | YES",,2026-08-21T20:06:54Z
SB-D,True,"Safe Bulkers, 8.00% Series D Cumulative Redeemable Perpetual Preferred Shares",Traditional Preferred Stock,PREFERRED,SB,Y7388L137,NYSE,USD,True,True,FIXED,8.0,25.0,2.0,6/30/2019,25.0,,,,,,NF NF,"1/30, 4/30, 7/30 & 10/30",6/15/2025,SBFKF,7/03/2014,False,"NYSE | 8.00% | $2.00 | $25.00 | $25.00 | 6/30/2019 | None | NF NF | 6/15/2025 | 1/30, 4/30, 7/30 & 10/30 | YES",,2026-08-21T20:06:55Z
SBBA,True,Scorpio Tankers Inc. 7.00% Fixed Rate Senior Unsecured Notes due 6/30/2025,Exchange-Traded Debt Security,BABY_BOND,STNG,80918T208,NYSE,USD,,False,FIXED,7.0,25.0,1.75,6/30/2022,25.0,,,,,,Called for 3/03/2025 6/30/2025 NF NF,"3/30, 6/30, 9/30 & 12/30",12/31/2023,,,True,"NYSE | 7.00% | $1.75 | $25.00 | $25.00 | Called for | 3/03/2025 | 6/30/2025 | NF NF | 12/31/2023 | 3/30, 6/30, 9/30 & 12/30 | No",,2026-08-21T20:06:57Z
SBNYL,True,Signature Bank 5.00% Non-cumulative Perpetual Series A Preferred Stock,Traditional Preferred Stock,PREFERRED,SBNY*,82669G203,OTOTC,USD,False,True,FIXED,5.0,25.0,,12/15/2025,,,,,,,5.00% $1.25 $25.00 $25.00 12/15/2025 None WR NF 6/15/2025 Suspended!,"3/30, 6/30, 9/30 & 12/30",,SBNYP,3/12/2023,False,"OTOTCn | OTOTCps | 5.00% | $1.25 | $25.00 | $25.00 | 12/15/2025 | None | WR | NF | 6/15/2025 | Suspended! | 3/30, 6/30, 9/30 & 12/30 | YES",,2026-08-21T20:06:58Z
SCCB,True,"Sachem Capital Corp., 7.125% Notes due 6/30/2024",Exchange-Traded Debt Security,BABY_BOND,SACH,78590A208,AMEX,USD,,False,FIXED,7.125,25.0,1.78,6/30/2021,25.0,6/30/2024,,,,,NF NF,"3/30, 6/30, 9/30 & 12/30",4/21/2025,,,False,"AMEX | 7.13% | $1.78 | $25.00 | $25.00 | 6/30/2021 | 6/30/2024 | NF NF | 4/21/2025 | 3/30, 6/30, 9/30 & 12/30 | No",,2026-08-21T20:07:00Z
SCCC,True,Sachem Capital Corp. 7.75% Notes due 9/30/2025,Exchange-Traded Debt Security,BABY_BOND,SACH,78590A406,AMEX,USD,,False,FIXED,7.75,25.0,1.9375,9/04/2022,25.0,9/30/2025,,,,,NF NF,"3/30, 6/30, 9/30 & 12/30",4/21/2025,,,False,"AMEX | 7.75% | $1.9375 | $25.00 | $25.00 | 9/04/2022 | 9/30/2025 | NF NF | 4/21/2025 | 3/30, 6/30, 9/30 & 12/30 | No",,2026-08-21T20:07:01Z
SCCD,True,Sachem Capital Corp. 6.00% Notes due 12/30/2026,Exchange-Traded Debt Security,BABY_BOND,SACH,78590A604,AMEX,USD,,False,FIXED,6.0,25.0,1.5,12/20/2023,25.0,12/30/2026,,,,,NR NR,"3/30, 6/30, 9/30 & 12/30",4/21/2025,,,False,"AMEX | 6.00% | $1.5 | $25.00 | $25.00 | 12/20/2023 | 12/30/2026 | NR NR | 4/21/2025 | 3/30, 6/30, 9/30 & 12/30 | No",,2026-08-21T20:07:02Z
SCCE,True,"Sachem Capital Corp., 6.00% Notes due 03/30/2027",Exchange-Traded Debt Security,BABY_BOND,SACH,78590A703,AMEX,USD,,False,FIXED,6.0,25.0,1.5,3/09/2024,25.0,3/30/2027,,,,,NR NR,"3/30, 6/30, 9/30 & 12/30",4/21/2025,,,False,"AMEX | 6.00% | $1.5 | $25.00 | $25.00 | 3/09/2024 | 3/30/2027 | NR NR | 4/21/2025 | 3/30, 6/30, 9/30 & 12/30 | No",,2026-08-21T20:07:04Z
SCCF,True,"Sachem Capital Corp., 7.125% Notes due 6/30/2027",Exchange-Traded Debt Security,BABY_BOND,SACH,78590A802,AMEX,USD,,False,FIXED,7.125,25.0,1.78125,5/11/2024,25.0,6/30/2027,,,,,NF NF,"3/30, 6/30, 9/30 & 12/30",4/21/2025,,,False,"AMEX | 7.13% | $1.78125 | $25.00 | $25.00 | 5/11/2024 | 6/30/2027 | NF NF | 4/21/2025 | 3/30, 6/30, 9/30 & 12/30 | No",,2026-08-21T20:07:05Z
SCCG,True,"Sachem Capital Corp., 8.00% Notes due 09/30/2027",Exchange-Traded Debt Security,BABY_BOND,SACH,78590A877,AMEX,USD,,False,FIXED,8.0,25.0,2.0,8/23/2024,25.0,9/30/2027,,,,,NF NF,"3/30, 6/30, 9/30 & 12/30",4/21/2025,,,False,"AMEX | 8.00% | $2 | $25.00 | $25.00 | 8/23/2024 | 9/30/2027 | NF NF | 4/21/2025 | 3/30, 6/30, 9/30 & 12/30 | No",,2026-08-21T20:07:07Z
SCE-G,True,"SCE Trust II, 5.10% Trust Preference Securities",Trust Preferred Security,TRUPS,EIX,78407R204,NYSE,USD,True,True,FIXED,5.1,25.0,1.28,3/15/2018,25.0,,,,,,NR BB+,"3/15, 6/15, 9/15 & 12/15",6/15/2025,SCEZL,2/04/2013,False,"NYSE | 5.10% | $1.28 | $25.00 | $25.00 | 3/15/2018 | None | NR | BB+ | 6/15/2025 | 3/15, 6/15, 9/15 & 12/15 | YES",,2026-08-21T20:07:08Z
SCE-H,True,"SCE Trust III, 5.75% Cumulative Fixed/Floating Rate Trust Preference Securities",Trust Preferred Security,TRUPS,EIX,78409B207,NYSE,USD,True,True,FIX_TO_FLOAT,5.75,25.0,1.44,3/15/2024,25.0,,3M_LIBOR,299.0,,,Called for 11/28/2024 None Baa3 BB+,"3/15, 6/15, 9/15 & 12/15",4/16/2023,SCECL,3/10/2014,True,"NYSE | FixFloat | $1.44 | $25.00 | $25.00 | Called for | 11/28/2024 | None | Baa3 | BB+ | 4/16/2023 | 3/15, 6/15, 9/15 & 12/15 | YES",,2026-08-21T20:07:10Z
SCE-J,True,"SCE Trust IV, 5.375% Cumulative Fixed/Floating Rate Trust Preference Securities",Trust Preferred Security,TRUPS,EIX,78409G206,NYSE,USD,True,True,FIX_TO_FLOAT,5.375,25.0,1.34,9/15/2025,25.0,,3M_LIBOR,313.2,,,Called for 12/18/2025 None Baa3 BB+,"3/15, 6/15, 9/15 & 12/15",6/15/2025,SCE-J,12/18/2025,False,"NYSE | FixFloat | $1.34 | $25.00 | $25.00 | Called for | 12/18/2025 | None | Baa3 | BB+ | 6/15/2025 | 3/15, 6/15, 9/15 & 12/15 | YES",,2026-08-21T20:07:11Z
SCE-K,True,"SCE Trust V, 5.45% Cumulative Fixed-to-Floating Rate Trust Preference Securities",Trust Preferred Security,TRUPS,EIX,78409W201,NYSE,USD,True,True,FIX_TO_FLOAT,5.45,25.0,1.36,3/15/2026,25.0,,3M_LIBOR,379.0,,,Called for 3/15/2026 None Baa3 BB+,"3/15, 6/15, 9/15 & 12/15",6/15/2025,SCRRP,3/10/2016,False,"NYSE | FixFloat | $1.36 | $25.00 | $25.00 | Called for | 3/15/2026 | None | Baa3 | BB+ | 6/15/2025 | 3/15, 6/15, 9/15 & 12/15 | YES",,2026-08-21T20:07:13Z
SCE-L,True,"SCE Trust VI, 5.00% Cumulative Trust Preference Securities",Trust Preferred Security,TRUPS,EIX,78410V200,NYSE,USD,True,True,FIXED,5.0,25.0,1.25,6/26/2022,25.0,,,,,,Baa3 BB+,"3/15, 6/15, 9/15 & 12/15",6/15/2025,SCEEP,6/29/2017,False,"NYSE | 5.00% | $1.25 | $25.00 | $25.00 | 6/26/2022 | None | Baa3 | BB+ | 6/15/2025 | 3/15, 6/15, 9/15 & 12/15 | YES",,2026-08-21T20:07:14Z
SCE-M,True,SCE Trust VII 7.50% Trust Preference Securities,Trust Preferred Security,TRUPS,EIX,783892201,NYSE,USD,True,True,FIXED,7.5,25.0,1.875,11/22/2028,25.0,,,,,,Baa3 BB+,"3/15, 6/15, 9/15 & 12/15",11/17/2023,,,False,"NYSE | 7.50% | $1.875 | $25.00 | $25.00 | 11/22/2028 | None | Baa3 | BB+ | 11/17/2023 | 3/15, 6/15, 9/15 & 12/15 | YES",,2026-08-21T20:07:16Z
SCE-N,True,SCE Trust VIII 6.95% Trust Preference Securities,Trust Preferred Security,TRUPS,EIX,80620A208,NYSE,USD,True,True,FIXED,6.95,25.0,1.7375,5/13/2029,25.0,,,,,,Baa3 BB+,"3/15, 6/15, 9/15 & 12/15",5/07/2024,SCEXP,,False,"NYSE | 6.95% | $1.7375 | $25.00 | $25.00 | 5/13/2029 | None | Baa3 | BB+ | 5/07/2024 | 3/15, 6/15, 9/15 & 12/15 | YES",,2026-08-21T20:07:17Z
SCHW-D,True,"Charles Schwab Corp., 5.95% Dep Shares Non-Cumul Perp Preferred Stock Series D",Traditional Preferred Stock,PREFERRED,SCHW,808513600,NYSE,USD,False,True,FIXED,5.95,25.0,1.49,6/01/2021,25.0,,,,,,Baa2 BBB-,"3/1, 6/1, 9/1 & 12/1",3/19/2024,SCWBP,3/09/2016,False,"NYSE | 5.95% | $1.49 | $25.00 | $25.00 | 6/01/2021 | None | Baa2 | BBB- | 3/19/2024 | 3/1, 6/1, 9/1 & 12/1 | YES",,2026-08-21T20:07:18Z
SCHW-J,True,"Charles Schwab Corp., 4.45% Dep Shares Non-Cumul Perp Preferred Stock Series J",Traditional Preferred Stock,PREFERRED,SCHW,808513865,NYSE,USD,False,True,FIXED,4.45,25.0,1.1125,6/01/2026,25.0,,,,,,Baa2 BBB-,"3/1, 6/1, 9/1 & 12/1",3/19/2024,SCHWL,4/05/2021,False,"NYSE | 4.45% | $1.1125 | $25.00 | $25.00 | 6/01/2026 | None | Baa2 | BBB- | 3/19/2024 | 3/1, 6/1, 9/1 & 12/1 | YES",,2026-08-21T20:07:20Z
SEAL-A,True,"Seapeak LLC., 9.00% Series A Cumulative Redeem Perp Preferred Units",Traditional Preferred Stock,PREFERRED,TGP*,Y8564M113,NYSE,USD,True,True,FIXED,9.0,25.0,2.25,10/05/2021,25.0,,,,,,NF NF,"1/15, 4/15, 7/15 & 10/15",6/15/2025,TGP-A,2/25/2022,False,"NYSE | 9.00% | $2.25 | $25.00 | $25.00 | 10/05/2021 | None | NF NF | 6/15/2025 | 1/15, 4/15, 7/15 & 10/15 | YES",,2026-08-21T20:07:21Z
SEAL-B,True,"Seapeak LLC, 8.50% Ser B Fixed/Float Cumul Red Perp Preferred Units",Traditional Preferred Stock,PREFERRED,TGP*,Y8564M204,NYSE,USD,True,True,FIX_TO_FLOAT,8.5,25.0,2.13,10/15/2027,25.0,,3M_LIBOR,624.1,,,NF NF,"1/15, 4/15, 7/15 & 10/15",6/15/2025,TGP-B,2/25/2022,False,"NYSE | FixFloat | $2.13 | $25.00 | $25.00 | 10/15/2027 | None | NF NF | 6/15/2025 | 1/15, 4/15, 7/15 & 10/15 | YES",,2026-08-21T20:07:23Z
SENEM,True,"Seneca Foods Corp., Convertible Participating Preferred Stock",Traditional Convertible Preferred Stock,PREFERRED,SENEA,817070600,OTOTC,USD,,False,CONVERTIBLE,,,,,,,,,,,$12.00 $11.93 any time None NF NF 6/15/2025 1.00 N/A,,None,,,False,OTOTCn | OTOTCps | n.a. | n.a. | $12.00 | $11.93 | any time | None | NF NF | 6/15/2025 | 1.00 | N/A | None | No,cumulative;coupon_pct;par,2026-08-21T20:07:24Z
SF-B,True,"Stifel Financial Corp., 6.25% Dep Shares Non-Cumulative Preferred Stock Series B",Traditional Preferred Stock,PREFERRED,SF,860630706,NYSE,USD,False,True,FIXED,6.25,25.0,1.56,3/15/2024,25.0,,,,,,NF BB,"3/15, 6/15, 9/15 & 12/15",5/26/2025,SFEIP,3/08/2019,False,"NYSE | 6.25% | $1.56 | $25.00 | $25.00 | 3/15/2024 | None | NF | BB | 5/26/2025 | 3/15, 6/15, 9/15 & 12/15 | YES",,2026-08-21T20:07:26Z
SF-C,True,Stifel Financial Corp. 6.125% Dep Shares Non-Cumulative Preferred Stock Series C,Traditional Preferred Stock,PREFERRED,SF,860630870,NYSE,USD,False,True,FIXED,6.125,25.0,1.53125,6/15/2025,25.0,,,,,,NF BB,"3/15, 6/15, 9/15 & 12/15",5/26/2025,STFLL,5/22/2020,False,"NYSE | 6.13% | $1.53125 | $25.00 | $25.00 | 6/15/2025 | None | NF | BB | 5/26/2025 | 3/15, 6/15, 9/15 & 12/15 | YES",,2026-08-21T20:07:27Z
SF-D,True,Stifel Financial Corp. 4.50% Dep Shares Non-Cumulative Preferred Stock Series D,Traditional Preferred Stock,PREFERRED,SF,860630862,NYSE,USD,False,True,FIXED,4.5,25.0,1.125,8/15/2026,25.0,,,,,,NF BB,"3/15, 6/15, 9/15 & 12/15",5/26/2025,STFLP,7/28/2021,False,"NYSE | 4.50% | $1.125 | $25.00 | $25.00 | 8/15/2026 | None | NF | BB | 5/26/2025 | 3/15, 6/15, 9/15 & 12/15 | YES",,2026-08-21T20:07:28Z
SFB,True,"Stifel Financial Corp., 5.20% Senior Notes due 10/15/2047",Exchange-Traded Debt Security,BABY_BOND,SF,860630607,NYSE,USD,,False,FIXED,5.2,25.0,1.3,10/15/2022,25.0,10/15/2047,,,,,NF BBB,"1/15, 4/15, 7/15 & 10/15",4/21/2025,,,False,"NYSE | 5.20% | $1.30 | $25.00 | $25.00 | 10/15/2022 | 10/15/2047 | NF | BBB | 4/21/2025 | 1/15, 4/15, 7/15 & 10/15 | No",,2026-08-21T20:07:30Z
SHO-H,True,"Sunstone Hotel Investors, Inc. 6.125% Series H Cumulative Preferred Stock",Traditional Preferred Stock,PREFERRED,SHO,867892804,NYSE,USD,True,False,FIXED,6.125,25.0,1.53125,5/24/2026,25.0,,,,,,NR NF,"1/15, 4/15, 7/15 & 10/15",4/21/2024,SNTHP,5/26/2021,False,"NYSE | 6.13% | $1.53125 | $25.00 | $25.00 | 5/24/2026 | None | NR NF | 4/21/2024 | 1/15, 4/15, 7/15 & 10/15 | No",,2026-08-21T20:07:31Z
SHO-I,True,"Sunstone Hotel Investors, Inc. 5.70% Series I Cumulative Preferred Stock",Traditional Preferred Stock,PREFERRED,SHO,867892887,NYSE,USD,True,False,FIXED,5.7,25.0,1.425,7/16/2026,25.0,,,,,,NR NF,"1/15, 4/15, 7/15 & 10/15",3/19/2024,SNSHP,7/20/2021,False,"NYSE | 5.70% | $1.425 | $25.00 | $25.00 | 7/16/2026 | None | NR NF | 3/19/2024 | 1/15, 4/15, 7/15 & 10/15 | No",,2026-08-21T20:07:33Z
SICPL,True,,,,,,,,,,,,,,,,,,,,,,,,,,,,no_ticker_label,2026-08-21T20:07:34Z
SIGIP,True,"Selective Insurance Group, Inc. 4.60% Dep Shares Non-Cumul Prfd Stock Ser B",Traditional Preferred Stock,PREFERRED,SIGI,816300503,NGS,USD,False,True,FIXED,4.6,25.0,1.15,12/15/2025,25.0,,,,,,Ba1 BB+,"3/15, 6/15, 9/15 & 12/15",6/15/2025,SLIG,12/09/2020,False,"NGS | 4.60% | $1.15 | $25.00 | $25.00 | 12/15/2025 | None | Ba1 | BB+ | 6/15/2025 | 3/15, 6/15, 9/15 & 12/15 | YES",,2026-08-21T20:07:36Z
SITC-A,True,"SITE Centers Corp., 6.375% Dep Shares Cl A Cumul Redeemable Preferred Shares",Traditional Preferred Stock,PREFERRED,SITC,23317H870,NYSE,USD,True,False,FIXED,6.375,25.0,1.59,6/5/2022,25.0,,,,,,Called for 11/26/2024 None Ba1 BBB-,"1/15, 4/15, 7/15 & 10/15",2/20/2024,DDR-A,10/12/2018,False,"NYSE | 6.38% | $1.59 | $25.00 | $25.00 | Called for | 11/26/2024 | None | Ba1 | BBB- | 2/20/2024 | 1/15, 4/15, 7/15 & 10/15 | No",,2026-08-21T20:07:37Z
SKRUF,True,"Scottish Re Group Ltd, Fixed/Adj Non-cumul Perpetual Preferred Shares",Traditional Preferred Stock,PREFERRED,SKRRF*,G73537402,OTOTC,USD,False,True,FIXED,7.25,25.0,,7/15/2010,,,,,,,Variable $1.81 $25.00 $25.00 7/15/2010 None WR NF 3/19/2024 Suspended!,"1/15, 4/15, 7/15 & 10/15",,SCT-B,3/13/2008,False,"OTOTCn | OTOTCps | Variable | $1.81 | $25.00 | $25.00 | 7/15/2010 | None | WR | NF | 3/19/2024 | Suspended! | 1/15, 4/15, 7/15 & 10/15 | YES",,2026-08-21T20:07:39Z
SLFIF,True,Sun Life Financial Inc. 4.45% Non-Cumulative Class A Series 4,Traditional Preferred Stock,PREFERRED,SLF,866796501,OTOTC,CAD,False,False,FIXED,4.45,25.0,,12/31/2010,,,,,,,4.45% $1.1125 $25.00 $25.00 12/31/2014 None WR A-,"3/31, 6/30, 9/30 & 12/31",4/21/2024,,,False,"OTOTCn | OTOTCps | 4.45% | $1.1125 | $25.00 | $25.00 | 12/31/2014 | None | WR | A- | 4/21/2024 | 3/31, 6/30, 9/30 & 12/31 | No",,2026-08-21T20:07:40Z
SLG-I,True,"SL Green Realty Corp., 6.50% Series I Cumulative Redeemable Preferred Stock",Traditional Preferred Stock,PREFERRED,SLG,78440X507,NYSE,USD,True,False,FIXED,6.5,25.0,1.63,8/10/2017,25.0,,,,,,B1 B+,"1/15, 4/15, 7/15 & 10/15",3/19/2024,SLGPP,8/13/2012,False,"NYSE | 6.50% | $1.63 | $25.00 | $25.00 | 8/10/2017 | None | B1 | B+ | 3/19/2024 | 1/15, 4/15, 7/15 & 10/15 | No",,2026-08-21T20:07:41Z
SLHPF,True,Skylight Health Group Inc. 9.25% Series A Cumulative Redeemable Preferred Shares,Traditional Preferred Stock,PREFERRED,SLHGF,83086L304,OTOTC,USD,True,True,FIXED,9.25,25.0,,12/03/2024,,,,,,,9.25% $2.3125 $25.00 $25.00 12/03/2024 None NF NF 4/18/2025 Suspended! 20th day of the month,,,SLHGP,9/01/2022,False,OTOTCn | OTOTCps | 9.25% | $2.3125 | $25.00 | $25.00 | 12/03/2024 | None | NF NF | 4/18/2025 | Suspended! | 20th day of the month | YES,,2026-08-21T20:07:43Z
SLMBP,True,"SLM Corp., Floating Rate Non-Cumulative Preferred Stock, Series B",Traditional Preferred Stock,PREFERRED,SLM,78442P502,NGS,USD,False,True,VARIABLE,,100.0,,6/15/2010,,,3M_LIBOR,70.0,,,$100.00 $100.00 6/15/2010 None Ba3 NR,"3/15, 6/15, 9/15 & 12/15",6/15/2025,SLM-B,12/12/2011,False,"NGS | Variable | n.a. | $100.00 | $100.00 | 6/15/2010 | None | Ba3 | NR | 6/15/2025 | 3/15, 6/15, 9/15 & 12/15 | YES",coupon_pct,2026-08-21T20:07:44Z
SLMNP,True,"A. Schulman, 6.00% Cumulative Perpetual Convertible Special Stock",Traditional Preferred Stock,PREFERRED,LYB,808194302,OTOTC,USD,True,True,CONVERTIBLE,6.0,1000.0,,any time,,,,,,,"6.00% $60.00 $1,000.00 $1,000.00 Not Redeemable None NR NF","2/1, 5/1, 8/1 & 11/1",3/19/2024,,,False,"OTOTCn | OTOTCps | 6.00% | $60.00 | $1,000.00 | $1,000.00 | Not Redeemable | None | NR NF | 3/19/2024 | 2/1, 5/1, 8/1 & 11/1 | YES",,2026-08-21T20:07:46Z
SLNHP,True,"Soluna Holdings, Inc. 9.0% Series A Cumulative Preferred Stock",Traditional Preferred Stock,PREFERRED,SLNH,583543202,NCM,USD,True,True,FIXED,9.0,25.0,2.25,8/23/2026,25.0,,,,,,NF NF 4/21/2024 Suspended! Last Day of the Month,,,MKTYP,11/04/2021,False,NCM | 9.00% | $2.25 | $25.00 | $25.00 | 8/23/2026 | None | NF NF | 4/21/2024 | Suspended! | Last Day of the Month | YES,,2026-08-21T20:07:47Z
SMCIP,True,"Super Micro Computer, Inc 7.0% Series A Mandatory Convertible Preferred Stock",Mandatory Convertible Security,PREFERRED,SMCI,86800U500,NGS,USD,False,True,MAND_CONVERT,7.0,50.0,3.5,,,,,,,,N/A Not Callable 6/01/2029 NR NR 6/11/2026 1.5152@$32.9989+ 1.8182@$27.4997-,"3/1, 6/1, 9/1 & 12/1",,,,False,"NGS | 7.00% | $3.5 | $50.00 | N/A | Not Callable | 6/01/2029 | NR NR | 6/11/2026 | 1.5152@$32.9989+ | 1.8182@$27.4997- | 3/1, 6/1, 9/1 & 12/1 | YES",,2026-08-21T20:07:49Z
SNCRL,True,"Synchronoss Technologies, Inc. 8.375% Senior Notes due 06/30/2026",Exchange-Traded Debt Security,BABY_BOND,SNCR,87157B301,NGS,USD,,False,FIXED,8.375,25.0,2.09375,06/30/2022,25.25,,,,,,Called for 5/11/2025 6/30/2026 NR NF,"1/31, 4/30, 7/31 & 10/31",4/21/2024,,,True,"NGS | 8.38% | $2.09375 | $25.00 | $25.25 | Called for | 5/11/2025 | 6/30/2026 | NR NF | 4/21/2024 | 1/31, 4/30, 7/31 & 10/31 | No",,2026-08-21T20:07:50Z
SNV-D,True,Pinnacle Financial 6.30% Fixed-To-Floating Non-Cumul Perp Pfd Stock Ser A,Traditional Preferred Stock,PREFERRED,PNFP,87161C600,NYSE,USD,False,True,FIX_TO_FLOAT,6.3,25.0,1.58,6/21/2023,25.0,,3M_LIBOR,,,,NR BB-,"3/21, 6/21, 9/21 & 12/21",3/19/2024,SNV-D,1/02/2026,False,"NYSE | FixFloat | $1.58 | $25.00 | $25.00 | 6/21/2023 | None | NR | BB- | 3/19/2024 | 3/21, 6/21, 9/21 & 12/21 | YES",float_spread_bps,2026-08-21T20:07:52Z
SNV-E,True,"Pinnacle Financial., 5.875% Fixed-Rate Reset Non-Cumul Preferred Stock Ser E",Traditional Preferred Stock,PREFERRED,PNFP,87161C709,NYSE,USD,False,True,RESET,5.875,25.0,,7/1/2024,,,,412.7,,,$25.00 $25.00 7/01/2024 None NR BB-,"1/1, 4/1, 7/1 & 10/1",3/19/2024,SNV-E,1/02/2026,False,"NYSE | Reset Rate | n.a. | $25.00 | $25.00 | 7/01/2024 | None | NR | BB- | 3/19/2024 | 1/1, 4/1, 7/1 & 10/1 | YES",reference_rate,2026-08-21T20:07:53Z
SOCGM,True,"Southern California Gas Co., 6% Series Cumul Preferred Stock",Traditional Preferred Stock,PREFERRED,SRE,842434201,OTOTC,USD,True,True,FIXED,6.0,25.0,,,,,,,,,6.00% $1.50 $25.00 N/A Noncallable None Baa1 BBB,"1/15, 4/15, 7/15 & 10/15",6/15/2025,,,True,"OTOTCn | OTOTCps | 6.00% | $1.50 | $25.00 | N/A | Noncallable | None | Baa1 | BBB | 6/15/2025 | 1/15, 4/15, 7/15 & 10/15 | YES",,2026-08-21T20:07:55Z
SOCGP,True,"Southern California Gas Co., 6% Series A Cumulative Preferred Stock",Traditional Preferred Stock,PREFERRED,SRE,842434300,OTOTC,USD,True,True,FIXED,6.0,25.0,,,,,,,,,6.00% $1.50 $25.00 N/A Noncallable None Baa1 BBB,"1/15, 4/15, 7/15 & 10/15",6/15/2025,,,True,"OTOTCn | OTOTCps | 6.00% | $1.50 | $25.00 | N/A | Noncallable | None | Baa1 | BBB | 6/15/2025 | 1/15, 4/15, 7/15 & 10/15 | YES",,2026-08-21T20:07:56Z
SOHOB,True,"Sotherly Hotels, 8.00% Series B Cumulative Redeemable Perpetual Preferred Stock",Traditional Preferred Stock,PREFERRED,SOHO,83600C301,NGM,USD,True,False,FIXED,8.0,25.0,2.0,8/23/2021,25.0,,,,,,NF NF 6/15/2025 Suspended!,"1/15, 4/15, 7/15 & 10/15",,SOHYP,8/30/2016,False,"NGM | 8.00% | $2.00 | $25.00 | $25.00 | 8/23/2021 | None | NF NF | 6/15/2025 | Suspended! | 1/15, 4/15, 7/15 & 10/15 | No",,2026-08-21T20:07:58Z
SOHON,True,"Sotherly Hotels, 8.25% Series D Cumulative Redeemable Perpetual Preferred Stock",Traditional Preferred Stock,PREFERRED,SOHO,83600C509,NGM,USD,True,False,FIXED,8.25,25.0,2.06,4/18/2024,25.0,,,,,,NR NR 6/15/2025 Suspended!,"1/15, 4/15, 7/15 & 10/15",,SOHEP,4/25/2019,False,"NGM | 8.25% | $2.06 | $25.00 | $25.00 | 4/18/2024 | None | NR NR | 6/15/2025 | Suspended! | 1/15, 4/15, 7/15 & 10/15 | No",,2026-08-21T20:07:59Z
SOHOO,True,"Sotherly Hotels, 7.875% Series C Cumulative Redeemable Perpetual Preferred Stock",Traditional Preferred Stock,PREFERRED,SOHO,83600C400,NGM,USD,True,False,FIXED,7.875,25.0,1.97,10/15/2022,25.0,,,,,,NF NF 6/15/2025 Suspended!,"1/15, 4/15, 7/15 & 10/15",,SOHPP,10/16/2017,False,"NGM | 7.88% | $1.97 | $25.00 | $25.00 | 10/15/2022 | None | NF NF | 6/15/2025 | Suspended! | 1/15, 4/15, 7/15 & 10/15 | No",,2026-08-21T20:08:01Z
SOJC,True,"Southern Co., 5.25% Series 2017B Junior Subordinated Notes due 12/1/2077",Exchange-Traded Debt Security,BABY_BOND,SO,842587404,NYSE,USD,,False,FIXED,5.25,25.0,1.31,12/01/2022,25.0,12/01/2077,,,,,Baa2 BBB,"3/1, 6/1, 9/1 & 12/1",4/21/2025,,,False,"NYSE | 5.25% | $1.31 | $25.00 | $25.00 | 12/01/2022 | 12/01/2077 | Baa2 | BBB | 4/21/2025 | 3/1, 6/1, 9/1 & 12/1 | No",,2026-08-21T20:08:02Z
SOJD,True,Southern Co. Series 2020A 4.95% Junior Subordinated Notes due 01/30/2080,Exchange-Traded Debt Security,BABY_BOND,SO,842587800,NYSE,USD,,False,FIXED,4.95,25.0,1.2375,1/30/2025,25.0,1/30/2080,,,,,Baa2 BBB,"1/30, 4/30, 7/30 & 10/30",4/20/2025,STHNP,1/10/2020,False,"NYSE | 4.95% | $1.2375 | $25.00 | $25.00 | 1/30/2025 | 1/30/2080 | Baa2 | BBB | 4/20/2025 | 1/30, 4/30, 7/30 & 10/30 | No",,2026-08-21T20:08:03Z
SOJE,True,Southern Co. Series 2020C 4.20% Junior Subordinated Notes due 10/15/2060,Exchange-Traded Debt Security,BABY_BOND,SO,842587883,NYSE,USD,,False,FIXED,4.2,25.0,1.05,10/15/2025,25.0,10/15/2060,,,,,Baa2 BBB,"1/15, 4/15, 7/15 & 10/15",4/20/2025,,,False,"NYSE | 4.20% | $1.05 | $25.00 | $25.00 | 10/15/2025 | 10/15/2060 | Baa2 | BBB | 4/20/2025 | 1/15, 4/15, 7/15 & 10/15 | No",,2026-08-21T20:08:05Z
SOJF,True,Southern Co. Series 2025A 6.50% Junior Subordinated Notes due 03/15/2085,Exchange-Traded Debt Security,BABY_BOND,SO,842587867,NYSE,USD,,False,FIXED,6.5,25.0,1.625,3/15/2030,25.0,3/15/2085,,,,,Baa2 BBB,"3/15, 6/15, 9/15 & 12/15",1/10/2025,,,False,"NYSE | 6.50% | $1.625 | $25.00 | $25.00 | 3/15/2030 | 3/15/2085 | Baa2 | BBB | 1/10/2025 | 3/15, 6/15, 9/15 & 12/15 | No",,2026-08-21T20:08:06Z
SOMN,True,Southern Co 7.125% 2025 Series A Equity Units Due 12/15/2028,Mandatory Convertible Security,PREFERRED,SO,842587842,NYSE,USD,,False,FIXED,7.125,50.0,3.5625,,50.0,,,,,,Not Callable 12/15/2028 NR NR 11/04/2025 0.4294@116.44+ 0.5368@93.15-,"3/15, 6/15, 9/15 & 12/15",,STHNU,11/12/2025,False,"NYSE | 7.13% | $3.5625 | $50.00 | $50.00 | Not Callable | 12/15/2028 | NR NR | 11/04/2025 | 0.4294@116.44+ | 0.5368@93.15- | 3/15, 6/15, 9/15 & 12/15 | No",cumulative,2026-08-21T20:08:08Z
SPE-C,True,Preferred Ticker Symbols & Names,Traditional Convertible Preferred Stock,PREFERRED,SPE,84741T401,NYSE,USD,True,,FIXED,2.75,25.0,0.6875,1/21/2024,25.0,1/21/2027,,,,,NF NF 4/21/2024 1.2195 $20.50 Variable,"3/31, 6/30, 9/30 & 12/31",,,,False,"NYSE | 2.75% | $0.6875 | $25.00 | $25.00 | 1/21/2024 | 1/21/2027 | NF NF | 4/21/2024 | 1.2195 | $20.50 | 3/31, 6/30, 9/30 & 12/31 | Variable",qdi_eligible,2026-08-21T20:08:09Z
SPG-J,True,"Simon Property Group, 8 3/8% Series J Cumul Preferred Shares",Traditional Preferred Stock,PREFERRED,SPG,828806885,NYSE,USD,True,False,FIXED,8.0,50.0,4.19,10/15/2027,50.0,,,,,,WR BBB,"3/31, 6/30, 9/30 & 12/31",6/15/2025,CPGXP,12/15/2004,False,"NYSE | 8.38% | $4.19 | $50.00 | $50.00 | 10/15/2027 | None | WR | BBB | 6/15/2025 | 3/31, 6/30, 9/30 & 12/31 | No",,2026-08-21T20:08:11Z
SPLP-A,True,Steel Partners Holdings LP 6.00% Ser A Cumulative Preferred Units Due 2/07/2026,Traditional Preferred Stock,PREFERRED,SPLP,85814R206,OTOTC,USD,True,False,FIXED,6.0,25.0,,,,,,,,,6.00% $1.50 $25.00 $25.00 Called for 11/24/2025 2/07/2026 NF NF,"3/15, 6/15, 9/15 & 12/15",3/19/2024,SPLP-A,5/02/2025,True,"OTOTCn | OTOTCps | 6.00% | $1.50 | $25.00 | $25.00 | Called for | 11/24/2025 | 2/07/2026 | NF NF | 3/19/2024 | 3/15, 6/15, 9/15 & 12/15 | No",,2026-08-21T20:08:13Z
SPMA,True,Sound Point Meridian Capital Inc 8% Series A Preferred Shares Due 2029,Traditional Preferred Stock,PREFERRED,SPMC,83617A207,NYSE,USD,True,,FIXED,8.0,25.0,2.0,11/30/2026,25.0,11/30/2029,,,,,NR NR 11/01/2024 Variable,last business day of the month,,SPMCP,11/08/2024,False,NYSE | 8.00% | $2 | $25.00 | $25.00 | 11/30/2026 | 11/30/2029 | NR NR | 11/01/2024 | last business day of the month | Variable,qdi_eligible,2026-08-21T20:08:14Z
SPME,True,Sound Point Meridian Capital Inc 7.875% Series B Preferred Shares Due 7/31/2030,Traditional Preferred Stock,PREFERRED,SPMC,83617A306,NYSE,USD,True,False,FIXED,7.875,25.0,1.96875,7/31/2027,25.0,7/31/2030,,,,,NR NR,Last Business Day of the Month,7/09/2025,SDPMP,,False,NYSE | 7.88% | $1.96875 | $25.00 | $25.00 | 7/31/2027 | 7/31/2030 | NR NR | 7/09/2025 | Last Business Day of the Month | No,,2026-08-21T20:08:15Z
SPNT-B,True,"SiriusPoint Ltd 8% Resettable Fixed Rate Preference Shares, Series B",Traditional Preferred Stock,PREFERRED,SPNT,G8192H155,NYSE,USD,True,True,RESET,8.0,25.0,2.0,,25.0,,,729.8,,,Called for 2/28/2026 None NF BB+,"2/28, 5/31, 8/31 & 11/30",4/21/2024,SRSPF,7/07/2021,True,"NYSE | Reset Rate | $2 | $25.00 | $25.00 | Called for | 2/28/2026 | None | NF | BB+ | 4/21/2024 | 2/28, 5/31, 8/31 & 11/30 | YES",reference_rate,2026-08-21T20:08:17Z
SQFTP,True,Presidio Property Trust 9.375% Series D Cumulative Redeemable Preferred Stock,Traditional Preferred Stock,PREFERRED,SQFT,74102L402,NCM,USD,True,False,FIXED,9.375,25.0,2.34375,6/15/2026,25.0,,,,,,NF NF 4/21/2024 15th day of the Month,,,,,False,NCM | 9.38% | $2.34375 | $25.00 | $25.00 | 6/15/2026 | None | NF NF | 4/21/2024 | 15th day of the Month | No,,2026-08-21T20:08:19Z
SR-A,True,"Spire Inc, 5.90% Dep Shares Ser A Cumulative Redeemable Perp Preferred Stock",Traditional Preferred Stock,PREFERRED,SR,84857L309,NYSE,USD,True,True,FIXED,5.9,25.0,1.48,8/15/2024,25.0,,,,,,Called for 2/09/2026 None Ba1 BBB,"2/15, 5/15, 8/15 & 11/15",3/19/2024,SIPRY,5/22/2019,False,"NYSE | 5.90% | $1.48 | $25.00 | $25.00 | Called for | 2/09/2026 | None | Ba1 | BBB | 3/19/2024 | 2/15, 5/15, 8/15 & 11/15 | YES",,2026-08-21T20:08:20Z
SRC-A,True,Realty Income Corp 6.00% Series A Cumulative Redeemable Preferred Stock,Traditional Preferred Stock,PREFERRED,O,756109880,NYSE,USD,True,False,FIXED,6.0,25.0,1.5,10/3/2022,25.0,,,,,,Called for 9/30/2024 None Baa1 BBB,"3/31, 6/30, 9/30 & 12/31",1/30/2024,SRC-A,1/23/2024,True,"NYSE | 6.00% | $1.50 | $25.00 | $25.00 | Called for | 9/30/2024 | None | Baa1 | BBB | 1/30/2024 | 3/31, 6/30, 9/30 & 12/31 | No",,2026-08-21T20:08:22Z
SRCU,True,Spire Inc 7.50% Corporate Unit Due 03/01/2024,Mandatory Convertible Security,PREFERRED,SR,84857L606,OTOTC,USD,,False,FIXED,7.5,64.24,,,,,,,,,7.50% $3.75 $50.00 $50.00 Not Callable 3/01/2024 NR NR 2/20/2024 0.6354@$78.6906+ 0.7783@$64.24-,"3/1, 6/1, 9/1 & 12/1",,,,True,"OTOTCn | OTOTCps | 7.50% | $3.75 | $50.00 | $50.00 | Not Callable | 3/01/2024 | NR NR | 2/20/2024 | 0.6354@$78.6906+ | 0.7783@$64.24- | 3/1, 6/1, 9/1 & 12/1 | No",cumulative,2026-08-21T20:08:23Z
SREA,True,"Sempra Energy, 5.75% Junior Subordinated Notes due 7/01/2079",Exchange-Traded Debt Security,BABY_BOND,SRE,816851604,NYSE,USD,,False,FIXED,5.75,25.0,1.44,10/01/2024,25.0,7/01/2079,,,,,Baa2 BBB-,"1/1, 4/1, 7/1 & 10/1",5/26/2025,,,False,"NYSE | 5.75% | $1.44 | $25.00 | $25.00 | 10/01/2024 | 7/01/2079 | Baa2 | BBB- | 5/26/2025 | 1/1, 4/1, 7/1 & 10/1 | No",,2026-08-21T20:08:25Z
SRG-A,True,"Seritage Growth Properties, 7.00% Series A Cumulative Redeem Preferred Shares",Traditional Preferred Stock,PREFERRED,SRG,81752R308,NYSE,USD,True,False,FIXED,7.0,25.0,1.75,12/14/2022,25.0,,,,,,NF NF,"1/15, 4/15, 7/15 & 10/15",4/20/2025,SRGRP,12/19/2017,False,"NYSE | 7.00% | $1.75 | $25.00 | $25.00 | 12/14/2022 | None | NF NF | 4/20/2025 | 1/15, 4/15, 7/15 & 10/15 | No",,2026-08-21T20:08:26Z
SSSSL,True,Sutter Rock Capital Corp 6.00% Notes due 12/30/2026,Exchange-Traded Debt Security,BABY_BOND,SSSS,86887Q208,NCM,USD,,False,FIXED,6.0,25.0,1.5,12/30/2024,25.0,12/30/2026,,,,,NF NF,"3/30, 6/30, 9/30 & 12/30",2/20/2024,,,False,"NCM | 6.00% | $1.5 | $25.00 | $25.00 | 12/30/2024 | 12/30/2026 | NF NF | 2/20/2024 | 3/30, 6/30, 9/30 & 12/30 | No",,2026-08-21T20:08:27Z
STRC,True,MicroStrategy Inc Variable Rate Series A Stretch Preferred Stock,Traditional Preferred Stock,PREFERRED,MSTR,594972853,NGS,USD,,True,VARIABLE,,100.0,,,,,SOFR,,,,$100.00 $101.00 Any Time None NR NR 7/25/2025 Last day of the Month,,,MCSTP,7/30/2025,False,NGS | Variable | n.a. | $100.00 | $101.00 | Any Time | None | NR NR | 7/25/2025 | Last day of the Month | YES,cumulative;coupon_pct;float_spread_bps,2026-08-21T20:08:29Z
STRD,True,MicroStrategy Inc 10.00% Series A Perpetual Stride Preferred Stock,Traditional Preferred Stock,PREFERRED,MSTR,594972861,NGS,USD,False,True,FIXED,10.0,100.0,10.0,,100.0,,,,,,Not Callable None NR NR,"3/31, 6/30, 9/30 & 12/31",6/03/2025,MCSYP,6/11/2025,False,"NGS | 10.00% | $10 | $100.00 | $100.00 | Not Callable | None | NR NR | 6/03/2025 | 3/31, 6/30, 9/30 & 12/31 | YES",,2026-08-21T20:08:30Z
STRF,True,MicroStrategy Inc. 10.00% Series A Perpetual Strike Preferred Stock,Traditional Preferred Stock,PREFERRED,MSTR,594972879,NGS,USD,True,True,FIXED,10.0,100.0,10.0,,100.0,,,,,,Not Callable None NR NR,"3/31, 6/30, 9/30 & 12/31",3/21/2025,MCSAP,3/26/2025,False,"NGS | 10.00% | $10 | $100.00 | $100.00 | Not Callable | None | NR NR | 3/21/2025 | 3/31, 6/30, 9/30 & 12/31 | YES",,2026-08-21T20:08:32Z
STRK,True,"MicroStrategy, Inc. 8.00% Series A Perpetual Strike Preferred Stock",Traditional Convertible Preferred Stock,PREFERRED,MSTR,594972887,NGS,USD,True,True,FIXED,8.0,100.0,8.0,,100.0,,,,,,Not Callable None NR NR 1/31/2025 0.1 $119.03,"3/31, 6/30, 9/30 & 12/31",,MSTEP,2/06/2025,False,"NGS | 8.00% | $8 | $100.00 | $100.00 | Not Callable | None | NR NR | 1/31/2025 | 0.1 | $119.03 | 3/31, 6/30, 9/30 & 12/31 | YES",,2026-08-21T20:08:33Z
STRRP,True,"Star Equity Holdings, Inc.10.00% Series A Cumulative Perpetual Preferred Stock",Traditional Preferred Stock,PREFERRED,STRR,85513Q202,NGM,USD,True,True,FIXED,10.0,10.0,1.0,9/10/2024,10.0,,,,,,NF NF,"3/31, 6/30, 9/30 & 12/31",3/19/2024,HSONP,8/22/2025,False,"NGM | 10.00% | $1.00 | $10.00 | $10.00 | 9/10/2024 | None | NF NF | 3/19/2024 | 3/31, 6/30, 9/30 & 12/31 | YES",,2026-08-21T20:08:35Z
STT-D,True,"State Street Corp., 5.90% Dep Shares Fix/Float Non-Cumul Preferred Stock Ser D",Traditional Preferred Stock,PREFERRED,STT,857477608,NYSE,USD,False,True,FIXED,5.9,25.0,1.475,3/15/2024,25.0,,,,,,Called for 3/15/2024 None Baa1 BBB,"3/15, 6/15, 9/15 & 12/15",4/23/2023,STTLL,3/10/2014,True,"NYSE | 5.90% | $1.475 | $25.00 | $25.00 | Called for | 3/15/2024 | None | Baa1 | BBB | 4/23/2023 | 3/15, 6/15, 9/15 & 12/15 | YES",,2026-08-21T20:08:36Z
STT-G,True,"State Street Corp., 5.35% Dep Shares Fix/Float Non-Cumul Preferred Stock Ser G",Traditional Preferred Stock,PREFERRED,STT,857477855,NYSE,USD,False,True,FIXED,5.35,25.0,1.34,3/15/2026,25.0,,,,,,Baa1 BBB,"3/15, 6/15, 9/15 & 12/15",6/15/2025,SSTTP,4/13/2016,False,"NYSE | 5.35% | $1.34 | $25.00 | $25.00 | 3/15/2026 | None | Baa1 | BBB | 6/15/2025 | 3/15, 6/15, 9/15 & 12/15 | YES",,2026-08-21T20:08:38Z
SWKHL,True,SWK Holdings Corp 9.00% Senior Notes due 01/31/2027,Exchange-Traded Debt Security,BABY_BOND,SWKH*,78501P302,NGM,USD,,False,FIXED,9.0,25.0,2.25,9/30/2025,25.0,1/31/2027,,,,,NR NR,"3/31, 6/30, 9/30 & 12/31",9/29/2023,,,False,"NGM | 9.00% | $2.25 | $25.00 | $25.00 | 9/30/2025 | 1/31/2027 | NR NR | 9/29/2023 | 3/31, 6/30, 9/30 & 12/31 | No",,2026-08-21T20:08:39Z
SXN.B,True,"Structured Obligations, Select Notes Trust LT 2003-2 Certificates",Third Party Trust Preferred,TP,JPM,81619PAB3,AMEX,USD,,False,FIXED,5.8,1000.0,58.0,,,,,,,,N/A any time 2/22/2033 NF NF 4/21/2025 15th day of each month,,,,,False,"AMEX | 5.80% | $58.00 | $1,000.00 | N/A | any time | 2/22/2033 | NF NF | 4/21/2025 | 15th day of each month | No",cumulative,2026-08-21T20:08:41Z
SXN.C,True,"Structured Obligations, Select Notes Trust LT 2003-3 Certificates",Third Party Trust Preferred,TP,JPM,81619PAC1,AMEX,USD,,False,FIXED,5.7,1000.0,57.0,,,,,,,,N/A any time 6/15/2033 NF NF 4/21/2025 15th day of each month,,,,,False,"AMEX | 5.70% | $57.00 | $1,000.00 | N/A | any time | 6/15/2033 | NF NF | 4/21/2025 | 15th day of each month | No",cumulative,2026-08-21T20:08:42Z
SXN.D,True,"Structured Obligations, Select Notes Trust LT 2003-4 Certificates",Third Party Trust Preferred,TP,JPM,81619PAD9,AMEX,USD,,False,FIXED,5.9,1000.0,59.0,,,,,,,,N/A any time 6/15/2033 NF NF 4/21/2025 15th day of each month,,,,,False,"AMEX | 5.90% | $59.00 | $1,000.00 | N/A | any time | 6/15/2033 | NF NF | 4/21/2025 | 15th day of each month | No",cumulative,2026-08-21T20:08:44Z
SXN.E,True,"Structured Obligations, Select Notes Trust LT 2003-5 Certificates",Third Party Trust Preferred,TP,JPM,81619PAE7,AMEX,USD,,False,FIXED,5.875,1000.0,58.75,,,,,,,,N/A any time 2/15/2033 NF NF 4/21/2025 15th day of each month,,,,,False,"AMEX | 5.88% | $58.75 | $1,000.00 | N/A | any time | 2/15/2033 | NF NF | 4/21/2025 | 15th day of each month | No",cumulative,2026-08-21T20:08:45Z
SXN.F,True,"Structured Obligations, Select Notes Trust LT 2004-1 Certificates",Third Party Trust Preferred,TP,JPM,81619PAF4,AMEX,USD,,False,FIXED,6.3,1000.0,63.0,,,,,,,,N/A any time 2/01/2034 NF NF 4/21/2025 1st day of each month,,,,,False,"AMEX | 6.30% | $63.00 | $1,000.00 | N/A | any time | 2/01/2034 | NF NF | 4/21/2025 | 1st day of each month | No",cumulative,2026-08-21T20:08:46Z
SYF-A,True,"Synchrony Financial, 5.625% Dep Share Fixed Rate Non-Cumul Perp Prfd Stock Ser A",Traditional Preferred Stock,PREFERRED,SYF,87165B202,NYSE,USD,False,True,FIXED,5.625,25.0,1.41,11/15/2024,25.0,,,,,,NR BB-,"2/15, 5/15, 8/15 & 11/15",4/15/2025,SNFI,11/21/2019,False,"NYSE | 5.63% | $1.41 | $25.00 | $25.00 | 11/15/2024 | None | NR | BB- | 4/15/2025 | 2/15, 5/15, 8/15 & 11/15 | YES",,2026-08-21T20:08:48Z
SYF-B,True,Synchrony Financial Dep Share Reset Rate Non-Cumul Prfd Series B,Traditional Preferred Stock,PREFERRED,SYF,87165B400,NYSE,USD,False,True,RESET,8.25,25.0,2.0625,5/15/2029,25.0,,,404.4,,,NR BB-,"2/15, 5/15, 8/15 & 11/15",2/16/2024,SYFPL,2/29/2024,False,"NYSE | Reset Rate | $2.0625 | $25.00 | $25.00 | 5/15/2029 | None | NR | BB- | 2/16/2024 | 2/15, 5/15, 8/15 & 11/15 | YES",reference_rate,2026-08-21T20:08:49Z
T-A,True,AT&T Inc. 5.00% Depositary Shares Perpetual Preferred Stock Series A,Traditional Preferred Stock,PREFERRED,T,00206R508,NYSE,USD,True,True,FIXED,5.0,25.0,1.25,12/12/2024,25.0,,,,,,Ba1 BB+,"2/1, 5/1, 8/1 & 11/1",6/15/2025,ATATL,12/18/2019,False,"NYSE | 5.00% | $1.25 | $25.00 | $25.00 | 12/12/2024 | None | Ba1 | BB+ | 6/15/2025 | 2/1, 5/1, 8/1 & 11/1 | YES",,2026-08-21T20:08:51Z
T-C,True,"AT&T, Inc. 4.75% Depositary Shares Perpetual Preferred Stock, Series C",Traditional Preferred Stock,PREFERRED,T,00206R706,NYSE,USD,True,True,FIXED,4.75,25.0,1.1875,2/18/2025,25.0,,,,,,Ba1 BB+,"2/1, 5/1, 8/1 & 11/1",6/15/2025,ATTXL,2/21/2020,False,"NYSE | 4.75% | $1.1875 | $25.00 | $25.00 | 2/18/2025 | None | Ba1 | BB+ | 6/15/2025 | 2/1, 5/1, 8/1 & 11/1 | YES",,2026-08-21T20:08:52Z
TACPF,True,"TransAlta Corp. Cumulative Rate Reset First Preferred Shares, Series C",Traditional Preferred Stock,PREFERRED,TAC,89346D735,OTOTC,CAD,True,False,FIXED,,25.0,,,,,,,,,Reset Rate $1.46352 $25.00 $25.00 6/30/2017 None NR B+,"3/31, 6/30, 9/30 & 12/31",5/21/2023,,,False,"OTOTCn | OTOTCps | Reset Rate | $1.46352 | $25.00 | $25.00 | 6/30/2017 | None | NR | B+ | 5/21/2023 | 3/31, 6/30, 9/30 & 12/31 | No",coupon_pct,2026-08-21T20:08:54Z
TBB,True,"AT&T, Inc., 5.35% Global Notes due 11/1/2066",Exchange-Traded Debt Security,BABY_BOND,T,00206R300,NYSE,USD,,False,FIXED,5.35,25.0,1.34,11/01/2022,25.0,11/01/2066,,,,,Baa2 BBB,"2/1, 5/1, 8/1 & 11/1",5/26/2025,,,False,"NYSE | 5.35% | $1.34 | $25.00 | $25.00 | 11/01/2022 | 11/01/2066 | Baa2 | BBB | 5/26/2025 | 2/1, 5/1, 8/1 & 11/1 | No",,2026-08-21T20:08:55Z
TBC,True,Tasty Baking Co.,,PREFERRED,,876553306,NNM,USD,,,FIXED,,,,,,,,,,,,,,TBC,10/21/2005,True,,no_description;summary_table;qdi_eligible;cumulative;coupon_pct;par,2026-08-21T20:08:57Z
TCBIO,True,"Texas Capital Bancshares 5.75% Dep Shares Non-Cumulative Perp Prfd Stock, Ser B",Traditional Preferred Stock,PREFERRED,TCBI,88224Q305,NGS,USD,False,True,FIXED,5.75,25.0,1.4375,6/15/2026,25.0,,,,,,Ba2 BB-,"3/15, 6/15, 9/15 & 12/15",12/31/2023,TCBLL,3/26/2021,False,"NGS | 5.75% | $1.4375 | $25.00 | $25.00 | 6/15/2026 | None | Ba2 | BB- | 12/31/2023 | 3/15, 6/15, 9/15 & 12/15 | YES",,2026-08-21T20:08:58Z
TCEYF,True,"TC Energy Corp, Cumulative Redeemable First Preferred Shares, Series 1",Traditional Preferred Stock,PREFERRED,TRP,87807B206,OTOTC,CAD,True,False,FIXED,,25.0,,,,,,,,,Reset Rate $1.23475 $25.00 $25.00 12/31/2014 None NR BBB-,"3/31, 6/30, 9/30 & 12/31",10/27/2023,,,False,"OTOTCn | OTOTCps | Reset Rate | $1.23475 | $25.00 | $25.00 | 12/31/2014 | None | NR | BBB- | 10/27/2023 | 3/31, 6/30, 9/30 & 12/31 | No",coupon_pct,2026-08-21T20:08:59Z
TCPA,True,TransCanada PipeLines Ltd 6.250% Junior Subordinated Notes due 11/01/2085,Exchange-Traded Debt Security,BABY_BOND,TRP,893526681,NYSE,USD,,False,FIXED,6.25,25.0,1.5625,11/01/2030,25.0,11/01/2085,,,,,Baa3 BBB=,"2/1, 5/1, 8/1 & 11/1",10/07/2025,,,False,"NYSE | 6.25% | $1.5625 | $25.00 | $25.00 | 11/01/2030 | 11/01/2085 | Baa3 | BBB= | 10/07/2025 | 2/1, 5/1, 8/1 & 11/1 | No",,2026-08-21T20:09:01Z
TDOPF,True,Toronto-Dominion Bank Non-Cumulative Reset Rate Preferred Shares Series 5,Traditional Preferred Stock,PREFERRED,TD,891145658,OTOTC,CAD,False,False,FIXED,,25.0,,01/31/2020,,,,,,,Reset Rate $.969 $25.00 $25.00 1/31/2020 None Baa2 BBB-,"1/31, 4/30, 7/31 & 10/31",4/15/2025,,,False,"OTOTCn | OTOTCps | Reset Rate | $.969 | $25.00 | $25.00 | 1/31/2020 | None | Baa2 | BBB- | 4/15/2025 | 1/31, 4/30, 7/31 & 10/31 | No",coupon_pct,2026-08-21T20:09:02Z
TDS-U,True,Telephone and Data Systems 6.625% Dep Shares Ser UU Cumulative Prfd Stock,Traditional Preferred Stock,PREFERRED,TDS,879433787,NYSE,USD,True,True,FIXED,6.625,25.0,1.65625,3/31/2026,25.0,,,,,,Ba3 B,"3/31, 6/30, 9/30 & 12/31",12/31/2023,TDSUP,3/08/2021,False,"NYSE | 6.63% | $1.65625 | $25.00 | $25.00 | 3/31/2026 | None | Ba3 | B | 12/31/2023 | 3/31, 6/30, 9/30 & 12/31 | YES",,2026-08-21T20:09:04Z
TDS-V,True,Telephone and Data Systems 6.00% Dep Shares Ser VV Cumulative Prfd Stock,Traditional Preferred Stock,PREFERRED,TDS,879433761,NYSE,USD,True,True,FIXED,6.0,25.0,1.5,9/30/2026,25.0,,,,,,Ba3 B,"3/31, 6/30, 9/30 & 12/31",12/31/2023,TDSLL,,False,"NYSE | 6.00% | $1.5 | $25.00 | $25.00 | 9/30/2026 | None | Ba3 | B | 12/31/2023 | 3/31, 6/30, 9/30 & 12/31 | YES",,2026-08-21T20:09:05Z
TECTP,True,"Tectonic Financial, Inc., 9.00% Fix/Float Series B Non-Cumul Perp Pref Stock",Traditional Preferred Stock,PREFERRED,,87217L208,NCM,USD,False,True,FIX_TO_FLOAT,9.0,10.0,0.9,5/15/2024,10.0,,3M_LIBOR,,,,"NF NF 4/18/2025 Notes: As described in further detail in the description of the Series B preferred stock attached to this Form 10-K, the annual dividend rate on the Series B preferred stock commencing on May 15, 2024 will equal three-month CME Term SOFR, plus a spread of 672 basis points per annum. Notwithstanding the foregoing, in the event that three-month CME Term SOFR is less than zero, three-month CME Term SOFR shall be deemed to be zero. Therefore, any dividends declared on or after May 15, 2024 may vary from period to period and could be more or less than the fixed rate for the initial period. We have no control over a number of factors that may affect market interest rates, including geopolitical conditions and economic, financial, political, regulatory, judicial or other events that affect the markets generally and that are important in determining the existence, magnitude and longevity of market rate risk.","2/15, 5/15, 8/15 & 11/15",,,,False,"NCM | FixFloat | $0.90 | $10.00 | $10.00 | 5/15/2024 | None | NF NF | 4/18/2025 | 2/15, 5/15, 8/15 & 11/15 | YES | Notes: As described in further detail in the description of the Series B preferred stock attached to this Form 10-K, the annual dividend rate on the Series B preferred stock commencing on May 15, 2024 will equal three-month CME Term SOFR, plus a spread of 672 basis points per annum. Notwithstanding the foregoing, in the event that three-month CME Term SOFR is less than zero, three-month CME Term SOFR shall be deemed to be zero. Therefore, any dividends declared on or after May 15, 2024 may vary from period to period and could be more or less than the fixed rate for the initial period. We have no control over a number of factors that may affect market interest rates, including geopolitical conditions and economic, financial, political, regulatory, judicial or other events that affect the markets generally and that are important in determining the existence, magnitude and longevity of market rate risk.",float_spread_bps,2026-08-21T20:09:06Z
TELZ,True,Tellurian Inc. 8.25% Senior Notes Due 11/30/2028,Exchange-Traded Debt Security,BABY_BOND,TELL,87968A203,AMEX,USD,,False,FIXED,8.25,25.0,2.0625,,25.75,,,,,,Called for 11/08/2024 11/30/2028 NR NR,"1/31, 4/30, 7/31 & 10/31",4/18/2025,,,True,"AMEX | 8.25% | $2.0625 | $25.00 | $25.75 | Called for | 11/08/2024 | 11/30/2028 | NR NR | 4/18/2025 | 1/31, 4/30, 7/31 & 10/31 | No",,2026-08-21T20:09:08Z
TEMP05,True,"Bank of America, 5.125% Dep Shares Fixed/Float Non-Cumul Preferred Stock, Ser V",Traditional Preferred Stock,PREFERRED,BAC,060505EG5,Security,USD,False,True,FIXED,5.125,1000.0,1000.0,6/17/2019,,,,,,,Baa2 BBB-,6/17 & 12/17,3/19/2024,,,False,"FixFloat | $51.25 | $1,000.00 | $1,000.00 | 6/17/2019 | None | Baa2 | BBB- | 3/19/2024 | 6/17 & 12/17 | YES",,2026-08-21T20:09:09Z
TEMP07,True,"Zions Bancorporation, 5.80% Fixed/Float Series I Non-Cumul Perp Preferred Stock",Traditional Preferred Stock,PREFERRED,ZION,989701BD8,TRACE,USD,False,True,FIXED,5.8,1000.0,1000.0,6/15/2023,,,,,,,NR BB+,6/15 & 12/15,5/26/2025,,,False,"FixFloat | n.a. | $1,000.00 | $1,000.00 | 6/15/2023 | None | NR | BB+ | 5/26/2025 | 6/15 & 12/15 | YES",,2026-08-21T20:09:11Z
TEMP08,True,Truist Financial Corp 4.80% Dep Share Ser N Reset Rate Non-Cumul Perp Prfd Stock,Traditional Preferred Stock,PREFERRED,TFC,89832Q828,Security,USD,False,True,RESET,4.8,1000.0,,9/1/2024,,,,300.3,,,"$1,000.00 $1,000.00 9/01/2024 None Baa3 BBB-","3/1, & 9/1",4/21/2025,,,False,"Reset Rate | n.a. | $1,000.00 | $1,000.00 | 9/01/2024 | None | Baa3 | BBB- | 4/21/2025 | 3/1, & 9/1 | YES",reference_rate,2026-08-21T20:09:12Z
TEMP09,True,M&T Bank Corp. 5% Dep Shares Series G Reset Rate Non-Cumul Perpetual Prfd Stock,Traditional Preferred Stock,PREFERRED,MTB,55261FAL8,Security,USD,False,True,RESET,5.0,1000.0,50.0,8/01/2024,1000.0,,,317.4,,,Baa3 BB+,"2/1, & 8/1",6/15/2025,,,False,"Reset Rate | $50.00 | $1,000.00 | $1,000.00 | 8/01/2024 | None | Baa3 | BB+ | 6/15/2025 | 2/1, & 8/1 | YES",reference_rate,2026-08-21T20:09:14Z
TEMP10,True,"Gaming and Leisure Properties, Inc., 5.25% Senior Notes due 6/1/2025",Exchange-Traded Debt Security,BABY_BOND,GLPI,361841AJ8,Security,USD,,False,FIXED,5.25,1000.0,52.5,any time,1000.0,,,,,,Anytime 6/01/2025 WR NR,6/1 & 12/1,12/31/2023,,,True,"5.25% | $52.50 | $1,000.00 | $1,000.00 | Anytime | 6/01/2025 | WR | NR | 12/31/2023 | 6/1 & 12/1 | No",,2026-08-21T20:09:15Z
TEMP11,True,"Gaming and Leisure Properties, Inc., 5.75% Senior Notes due 6/1/2028",Exchange-Traded Debt Security,BABY_BOND,GLPI,361841AK5,Security,USD,,False,FIXED,5.75,1000.0,57.5,any time,1000.0,,,,,,Anytime 6/01/2028 WR NF,6/1 & 12/1,12/31/2023,,,False,"5.75% | $57.50 | $1,000.00 | $1,000.00 | Anytime | 6/01/2028 | WR | NF | 12/31/2023 | 6/1 & 12/1 | No",,2026-08-21T20:09:16Z
TEMP13,True,"State Street Corp., 5.625% Dep Shares Fix/Float Non-Cumul Preferred Stock Ser H",Traditional Preferred Stock,PREFERRED,STT,857477BA0,Security,USD,False,True,FIXED,5.625,1000.0,1000.0,12/15/2023,,,,,,,Baa1 BBB,6/15 & 12/15,6/15/2025,,,False,"FixFloat | n.a. | $1,000.00 | $1,000.00 | 12/15/2023 | None | Baa1 | BBB | 6/15/2025 | 6/15 & 12/15 | YES",,2026-08-21T20:09:18Z
TEMP14,True,"JP Morgan Chase & Co., 5.0% Dep Shares Fixed/Float Non-Cumul Pfd Stock Series FF",Traditional Preferred Stock,PREFERRED,JPM,48128BAF8,Security,USD,False,True,FIX_TO_FLOAT,5.0,1000.0,1000.0,8/01/2024,,,3M_SOFR,338.0,,2/1/2024,Baa2 BBB-,2/1 & 8/1,4/21/2024,,,False,"FixFloat | $50.00 | $1,000.00 | $1,000.00 | 8/01/2024 | None | Baa2 | BBB- | 4/21/2024 | 2/1 & 8/1 | YES",,2026-08-21T20:09:19Z
TEMP15,True,"Zions Bancorporation, 7.20% Series J Fixed/Float Non-Cumul Perp Preferred Stock",Traditional Preferred Stock,PREFERRED,ZION,989701BF3,TRACE,USD,False,True,FIX_TO_FLOAT,7.2,1000.0,1000.0,9/15/2023,,,3M_TERM_SOFR,444.0,,,NR BB+,3/15 & 9/15,5/26/2025,,,False,"FixFloat | $72.00 | $1,000.00 | $1,000.00 | 9/15/2023 | NONE | NR | BB+ | 5/26/2025 | 3/15 & 9/15 | YES",,2026-08-21T20:09:21Z
TEMP16,True,Lincoln National Corp Dep Shares Reset Rate Non-Cumul Preferred Stock Series C,Traditional Preferred Stock,PREFERRED,LNC,534187BR9,Security,USD,False,True,RESET,9.25,1000.0,92.5,3/01/2028,1000.0,,,531.8,,,Ba1 BBB-,3/1 & 12/1,2/20/2024,,,False,"Reset Rate | $92.5 | $1,000.00 | $1,000.00 | 3/01/2028 | None | Ba1 | BBB- | 2/20/2024 | 3/1 & 12/1 | YES",reference_rate,2026-08-21T20:09:22Z
TEMP17,True,"EnLink Midstream Partners, LP Series B Cumulative Convertible Preferred Units",Traditional Preferred Stock,PREFERRED,,29336UAH0,Security,USD,True,False,CONVERTIBLE,,,15.0,,,,,,,,"N/A N/A N/A - - - n.a. Notes: Jan. 25, 2019 -- EnLink Midstream Partners, LP and EnLink Midstream, LLC (NYSE: ENLC) today announced the completion of the previously announced simplification transaction whereby ENLC acquired all common units of ENLK that ENLC did not previously own. Common units of EnLink Midstream, LLC will continue to trade on the New York Stock Exchange under the ""ENLC"" ticker symbol. According to the terms of the transaction, each ENLK common unit converted into the right to receive 1.15 ENLC common units and the incentive distribution rights in ENLK were eliminated. As a result of the transaction, ENLK's common units will no longer be publicly traded. Changed: 1/25/2019","Series B Preferred Units are exchangeable into ENLC common units on a 1-for-1.15 basis, subject to certain adjustments. Following the closing of the Merger, and beginning with the quarter ended March 31, 2019, the holder of the Series B Preferred Units is entitled to quarterly cash distributions and distributions in-kind of additional Series B Preferred Units as described below. The quarterly in-kind distribution (the “Series B PIK Distribution”) equals the greater of (A) 0.0025 Series B Preferred Units per Series B Preferred Unit and (B) the number of Series B Preferred Units equal to the quotient of (x) the excess (if any) of (1) the distribution that would have been payable by ENLC had the Series B Preferred Units been exchanged for ENLC common units but applying a one-to-one exchange ratio (subject to certain adjustments) instead of the Series B Exchange Ratio, over (2) the Cash Distribution Component, divided by (y) the Issue Price. The quarterly cash distribution consists of the Cash Distribution Component plus an amount in cash that will be determined based on a comparison of the value (applying the Issue Price) of (i) the Series B PIK Distribution and (ii) the Series B Preferred Units that would have been distributed in the Series B PIK Distribution if such calculation applied the Series B Exchange Ratio instead of the one-to-one ratio (subject to certain adjustments).",,,,False,"n.a. | n.a. | $15.00 | N/A | N/A | N/A | - | - | - | n.a. | No | Notes: Jan. 25, 2019 -- EnLink Midstream Partners, LP and EnLink Midstream, LLC (NYSE: ENLC) today announced the completion of the previously announced simplification transaction whereby ENLC acquired all common units of ENLK that ENLC did not previously own. Common units of EnLink Midstream, LLC will continue to trade on the New York Stock Exchange under the ""ENLC"" ticker symbol. According to the terms of the transaction, each ENLK common unit converted into the right to receive 1.15 ENLC common units and the incentive distribution rights in ENLK were eliminated. As a result of the transaction, ENLK's common units will no longer be publicly traded. | Series B Preferred Units are exchangeable into ENLC common units on a 1-for-1.15 basis, subject to certain adjustments. Following the closing of the Merger, and beginning with the quarter ended March 31, 2019, the holder of the Series B Preferred Units is entitled to quarterly cash distributions and distributions in-kind of additional Series B Preferred Units as described below. The quarterly in-kind distribution (the “Series B PIK Distribution”) equals the greater of (A) 0.0025 Series B Preferred Units per Series B Preferred Unit and (B) the number of Series B Preferred Units equal to the quotient of (x) the excess (if any) of (1) the distribution that would have been payable by ENLC had the Series B Preferred Units been exchanged for ENLC common units but applying a one-to-one exchange ratio (subject to certain adjustments) instead of the Series B Exchange Ratio, over (2) the Cash Distribution Component, divided by (y) the Issue Price. The quarterly cash distribution consists of the Cash Distribution Component plus an amount in cash that will be determined based on a comparison of the value (applying the Issue Price) of (i) the Series B PIK Distribution and (ii) the Series B Preferred Units that would have been distributed in the Series B PIK Distribution if such calculation applied the Series B Exchange Ratio instead of the one-to-one ratio (subject to certain adjustments). | Changed: 1/25/2019",coupon_pct;par,2026-08-21T20:09:24Z
TEMP18,True,Frontier Communications Corp 7.05% Debentures Due 10/01/2046,Exchange-Traded Debt Security,BABY_BOND,FYBR,177342AP7,Security,USD,,False,FIXED,7.05,1000.0,70.5,any time,,,,,,,N/A Not Callable 10/01/2046 WR NF 4/15/2025 Suspended!,4/1 & 10/1,,,,False,"7.05% | $70.5 | $1,000.00 | N/A | Not Callable | 10/01/2046 | WR | NF | 4/15/2025 | Suspended! | 4/1 & 10/1 | No",,2026-08-21T20:09:25Z
TEMP19,True,Gladstone Land Corp. 6.00% Series C Cumulative Redeemable Preferred Stock,Traditional Preferred Stock,PREFERRED,LAND,Unknown,6.00%,USD,True,False,FIXED,6.0,25.0,1.5,6/01/2024,25.0,,,,,,NF NF 11/30/2025 5th day of the Month,,,,,False,6.00% | $1.5 | $25.00 | $25.00 | 6/01/2024 | None | NF NF | 11/30/2025 | 5th day of the Month | No,,2026-08-21T20:09:26Z
TEMP23,True,"GM Financial Company, Inc. Fixed-Rate Reset Cumulative Preferred Stock, Ser C",Traditional Preferred Stock,PREFERRED,GM,37045XDB9,Security,USD,True,True,RESET,5.7,1000.0,57.0,9/30/2030,1000.0,,,499.7,,,Ba1 NF,03/30 & 09/30,6/15/2025,,,False,"Reset Rate | $57 | $1,000.00 | $1,000.00 | 9/30/2030 | None | Ba1 | NF | 6/15/2025 | 03/30 & 09/30 | YES",reference_rate,2026-08-21T20:09:28Z
TEMP45,True,KKR & Co. Inc. 6.875% Subordinated Notes due 6/1/2065,Exchange-Traded Debt Security,BABY_BOND,KKR,48251W609,NYSE,USD,,False,FIXED,6.875,25.0,1.71875,6/01/2030,25.0,6/01/2065,,,,,NR BBB+,"3/1, 6/1, 9/1 & 12/1",5/20/2025,,,False,"NYSE | 6.88% | $1.71875 | $25.00 | $25.00 | 6/01/2030 | 6/01/2065 | NR | BBB+ | 5/20/2025 | 3/1, 6/1, 9/1 & 12/1 | No",,2026-08-21T20:09:29Z
TEMP46,True,"Bank of America, 6.25% Dep Shares Fixed/Float Non-Cumul Preferred Stock Series X",Traditional Preferred Stock,PREFERRED,BAC,060505EH3,TRACE,USD,False,True,FIXED,6.25,1000.0,1000.0,9/05/2024,,,,,,,Baa3 BBB-,3/5 & 9/5,3/19/2024,,,False,"FixFloat | $62.50 | $1,000.00 | $1,000.00 | 9/05/2024 | None | Baa3 | BBB- | 3/19/2024 | 3/5 & 9/5 | YES",,2026-08-21T20:09:31Z
TEMP48,True,"DCP Midstream LP, 7.375% Series A Fixed/Float Cumul Redeem Perp Preferred Units",Traditional Preferred Stock,PREFERRED,PSX,23311PAA8,NYSE,USD,True,False,FIX_TO_FLOAT,7.375,1000.0,73.75,12/15/2022,1000.0,,3M_LIBOR,514.8,,,NR NR,6/15 & 12/15,6/15/2025,,,False,"NYSE | FixFloat | $73.75 | $1,000.00 | $1,000.00 | 12/15/2022 | None | NR NR | 6/15/2025 | 6/15 & 12/15 | No",,2026-08-21T20:09:32Z
TEMP49,True,"MetLife, 5.25% Fixed-to-Floating Rate Non-Cumulative Preferred Stock Series C",Traditional Preferred Stock,PREFERRED,MET,59156RBP2,Security,USD,False,True,FIX_TO_FLOAT,5.25,1000.0,1000.0,6/15/2020,,,3M_LIBOR,357.5,,,Baa2 BBB,6/15 & 12/15,4/21/2025,,,False,"FixFloat | $52.50 | $1,000.00 | $1,000.00 | 6/15/2020 | None | Baa2 | BBB | 4/21/2025 | 6/15 & 12/15 | YES",,2026-08-21T20:09:34Z
TEMP52,True,"CenterPoint Energy, 6.125% Fixed/Float Cumul Redeem Perp Preferred Stk, Series A",Traditional Preferred Stock,PREFERRED,CNP,15189TAS6,Security,USD,True,True,FIXED,6.125,1020.0,1000.0,9/01/2023,,,,,,,Baa2 BBB,3/1 & 9/1,3/19/2024,,,False,"FixFloat | $61.25 | $1,000.00 | $1,020.00 | 9/01/2023 | None | Baa2 | BBB | 3/19/2024 | 3/1 & 9/1 | YES",,2026-08-21T20:09:35Z
TEMP53,True,"Summit Midstream Corp, 9.50% Ser A Fixed/Float Cumul Red Perp Prfd Shares",Traditional Preferred Stock,PREFERRED,SMC,866142AA0,NYSE,USD,True,False,FIX_TO_FLOAT,9.5,1000.0,,,,,3M_SOFR,743.0,,,"$1,000.00 $1,000.00 12/15/2022 None WR CCC+ 6/15/2025 Suspended!",6/15 & 12/15,,,,False,"NYSE | FixFloat | n.a. | $1,000.00 | $1,000.00 | 12/15/2022 | None | WR | CCC+ | 6/15/2025 | Suspended! | 6/15 & 12/15 | No",,2026-08-21T20:09:37Z
TEMP60,True,HSBC Holdings plc 6.547% Fixed/Floating Rate Subordinated Notes due 06/30/2034,Exchange-Traded Debt Security,BABY_BOND,HSBC,404280DX4,NYBE,USD,,False,FIX_TO_FLOAT,6.547,25.0,25.0,6/20/2033,,6/20/2034,SOFR,298.0,,,Baa1 BBB,6/20 & 12/20,6/13/2023,,,False,FixFloat | $1.63675 | $25.00 | $25.00 | 6/20/2033 | 6/20/2034 | Baa1 | BBB | 6/13/2023 | 6/20 & 12/20 | No,,2026-08-21T20:09:38Z
TEMP68,True,"Morgan Stanley, 5.875% Fixed/Float Non-Cumul Perp Preferred Stock Ser A",Traditional Preferred Stock,PREFERRED,MS,269246BN3,Security,USD,False,True,FIX_TO_FLOAT,5.875,1000.0,1000.0,9/15/2026,,,3M_LIBOR,443.5,,,Baa3 BBB-,3/15 & 9/15,4/20/2025,,,False,"FixFloat | $58.75 | $1,000.00 | $1,000.00 | 9/15/2026 | None | Baa3 | BBB- | 4/20/2025 | 3/15 & 9/15 | YES",,2026-08-21T20:09:40Z
TEMP82,True,"Synthetic Fixed-Income Sec STRATS 2005-01, Float Rate Goldman Sachs Cap I",Third Party Trust Preferred,TP,,86312BAA5,NYSE,USD,,False,VARIABLE,6.345,1000.0,63.45,,,,,20.0,,,N/A N/A 2/15/2034 - 15th day of the month,,,,,False,"NYSE | Variable | $63.45 | $1,000.00 | N/A | N/A | 2/15/2034 | - | 15th day of the month | No",cumulative;reference_rate,2026-08-21T20:09:41Z
TEMP85,True,"BAC Capital Trust XIII, Floating Rate Preferred HITS Hybrid Term Securities",Trust Preferred Security,TRUPS,BAC,05518UAA5,NYBE,USD,,False,FIXED,100.0,1000.0,1000.0,8/02/2011,,8/02/2055,,,,,Baa2 BBB-,"3/15, 6/15, 9/15 & 12/15",4/21/2024,,,False,"Variable | n.a. | $1,000.00 | $1,000.00 | 8/02/2011 | 8/02/2055 | Baa2 | BBB- | 4/21/2024 | 3/15, 6/15, 9/15 & 12/15 | No",cumulative,2026-08-21T20:09:42Z
TEMP90,True,"Prudential Financial, 5.20% Fixed-to-Floating Junior Subor Notes due 3/15/2044",Exchange-Traded Debt Security,BABY_BOND,PRU,744320AN2,NYBE,USD,,False,RESET,5.2,1000.0,52.0,3/15/2024,1000.0,3/15/2044,3M_LIBOR,304.0,,,Baa1 BBB+,3/15 & 9/15,4/21/2025,,,False,"Fixed/Adj | $52.00 | $1,000.00 | $1,000.00 | 3/15/2024 | 3/15/2044 | Baa1 | BBB+ | 4/21/2025 | 3/15 & 9/15 | No",,2026-08-21T20:09:44Z
TEN-E,True,"Tsakos Energy Navigation Ltd, 9.25% Ser E Fixed/Float Cumul Red Perp Prfd Shares",Traditional Preferred Stock,PREFERRED,TEN,G9108L157,NYSE,USD,True,True,FIX_TO_FLOAT,9.25,25.0,2.31,5/28/2027,25.0,,3M_LIBOR,688.1,,,NF NF,"2/28, 5/28, 8/28 & 11/28",4/21/2024,TNP-E,7/01/2024,False,"NYSE | FixFloat | $2.31 | $25.00 | $25.00 | 5/28/2027 | None | NF NF | 4/21/2024 | 2/28, 5/28, 8/28 & 11/28 | YES",,2026-08-21T20:09:45Z
TEN-F,True,"Tsakos Energy Navigation, 9.50% Ser F Fixed/Float Cumul Red Perp Preferrd Shares",Traditional Preferred Stock,PREFERRED,TEN,G9108L165,NYSE,USD,True,True,FIX_TO_FLOAT,9.5,25.0,2.38,7/30/2028,25.0,,3M_LIBOR,654.0,,,NF NF,"1/30, 4/30, 7/30 & 10/30",4/21/2024,TNP-F,7/01/2024,False,"NYSE | FixFloat | $2.38 | $25.00 | $25.00 | 7/30/2028 | None | NF NF | 4/21/2024 | 1/30, 4/30, 7/30 & 10/30 | YES",,2026-08-21T20:09:47Z
TEUCF,True,"Box Ships, 9.00% Series C Cumulative Redeemable Perpetual Preferred Shares",Traditional Preferred Stock,PREFERRED,TEUFD*,Y09675144,OTOTC,USD,True,True,FIXED,9.0,25.0,,any time,,,,,,,9.00% $2.25 $25.00 $25.00 7/29/2016 None NF NF 3/19/2024 Suspended!,"1/1, 4/1, 7/1 & 10/1",,TEU-C,11/18/2015,False,"OTOTCn | OTOTCps | 9.00% | $2.25 | $25.00 | $25.00 | 7/29/2016 | None | NF NF | 3/19/2024 | Suspended! | 1/1, 4/1, 7/1 & 10/1 | YES",,2026-08-21T20:09:48Z
TFC-I,True,Truist Financial Corp Series I Non-Cumulative Perpetual Preferred Stock,Traditional Preferred Stock,PREFERRED,TFC,89832Q810,NYSE,USD,False,True,VARIABLE,,25.0,,12/15/2024,,,3M_LIBOR,53.0,,,$25.00 $25.00 12/15/2024 None Baa3 BBB-,"3/15, 6/15, 9/15 & 12/15",4/21/2025,,,False,"NYSE | Variable | n.a. | $25.00 | $25.00 | 12/15/2024 | None | Baa3 | BBB- | 4/21/2025 | 3/15, 6/15, 9/15 & 12/15 | YES",coupon_pct,2026-08-21T20:09:50Z
TFC-J,True,Truist Financial Corp Series J Non-Cumulative Perpetual Preferred Stock,Traditional Preferred Stock,PREFERRED,TFC,86800XAA6,NYSE,USD,False,True,VARIABLE,,1000.0,,12/15/2024,,,3M_LIBOR,64.5,,,"$1,000.00 $1,000.00 12/15/2024 None Baa3 BBB-","3/15, 6/15, 9/15 & 12/15",4/21/2025,,,False,"NYSE | Variable | n.a. | $1,000.00 | $1,000.00 | 12/15/2024 | None | Baa3 | BBB- | 4/21/2025 | 3/15, 6/15, 9/15 & 12/15 | YES",coupon_pct,2026-08-21T20:09:51Z
TFC-O,True,Truist Financial Corp. 5.25% Dep Shares Series O Non-Cumul Perpetual Prfd Stock,Traditional Preferred Stock,PREFERRED,TFC,89832Q745,NYSE,USD,False,True,FIXED,5.25,25.0,1.3125,6/01/2025,25.0,,,,,,Baa3 BBB-,"3/1, 6/1, 9/1 & 12/1",4/20/2025,TFCLL,6/01/2020,False,"NYSE | 5.25% | $1.3125 | $25.00 | $25.00 | 6/01/2025 | None | Baa3 | BBB- | 4/20/2025 | 3/1, 6/1, 9/1 & 12/1 | YES",,2026-08-21T20:09:53Z
TFC-R,True,Truist Financial Corp 4.75% Dep Shares Series R Non-Cumulative Preferred Stock,Traditional Preferred Stock,PREFERRED,TFC,89832Q695,NYSE,USD,False,True,FIXED,4.75,25.0,1.1875,9/01/2025,25.0,,,,,,Baa3 BBB-,"3/1, 6/1, 9/1 & 12/1",4/20/2025,TSTFL,8/07/2020,False,"NYSE | 4.75% | $1.1875 | $25.00 | $25.00 | 9/01/2025 | None | Baa3 | BBB- | 4/20/2025 | 3/1, 6/1, 9/1 & 12/1 | YES",,2026-08-21T20:09:54Z
TFINP,True,Triumph Financial Inc 7.125% Dep Shares Non-Cumulative Preferred Stock Series C,Traditional Preferred Stock,PREFERRED,TFIN,89679E409,NGS,USD,False,True,FIXED,7.125,25.0,1.78125,6/30/2025,25.0,,,,,,NF NF,"3/30, 6/30, 9/30 & 12/30",4/21/2024,TBKCP,12/02/2022,False,"NGS | 7.13% | $1.78125 | $25.00 | $25.00 | 6/30/2025 | None | NF NF | 4/21/2024 | 3/30, 6/30, 9/30 & 12/30 | YES",,2026-08-21T20:09:56Z
TFSA,True,"Terra Income Fund 6, Inc. 7.00% Notes Due 3/31/2026",Exchange-Traded Debt Security,BABY_BOND,,88104C202,NYSE,USD,,False,FIXED,7.0,25.0,1.75,2/10/2023,25.0,3/31/2026,,,,,NF NF,"3/30, 6/30, 9/30 & 12/30",11/30/2025,,,False,"NYSE | 7.00% | $1.75 | $25.00 | $25.00 | 2/10/2023 | 3/31/2026 | NF NF | 11/30/2025 | 3/30, 6/30, 9/30 & 12/30 | No",,2026-08-21T20:09:57Z
TGH-B,True,Textainer Group Holdings Ltd 6.25% Series B Cumulative Preference Shares,Traditional Preferred Stock,PREFERRED,TGH*,88314W303,NYSE,USD,True,True,FIXED,6.25,25.0,1.5625,12/15/2026,25.0,,,,,,Called for 4/15/2024 None NR NR,"3/31, 6/30, 9/30 & 12/31",1/06/2023,TGHPL,8/25/2021,True,"NYSE | 6.25% | $1.5625 | $25.00 | $25.00 | Called for | 4/15/2024 | None | NR NR | 1/06/2023 | 3/31, 6/30, 9/30 & 12/31 | YES",,2026-08-21T20:09:58Z
TMUSI,True,T-Mobile US 5.50% Senior Notes due 9/1/2070,Exchange-Traded Debt Security,BABY_BOND,TMUS,87264A303,NGS,USD,,False,FIXED,5.5,25.0,1.375,6/01/2026,25.0,6/01/2070,,,,,Baa2 NR,"3/1, 6/1, 9/1 & 12/1",8/24/2025,,,False,"NGS | 5.50% | $1.375 | $25.00 | $25.00 | 6/01/2026 | 6/01/2070 | Baa2 | NR | 8/24/2025 | 3/1, 6/1, 9/1 & 12/1 | No",,2026-08-21T20:10:00Z
TMUSL,True,"T-Mobile US, Inc. 6.25% Senior Notes due 9/1/2069",Exchange-Traded Debt Security,BABY_BOND,TMUS,87264A105,NGS,USD,,False,FIXED,6.25,25.0,1.5625,9/01/2025,25.0,9/01/2069,,,,,Baa2 NR,"3/1, 6/1, 9/1 & 12/1",8/24/2025,,,False,"NGS | 6.25% | $1.5625 | $25.00 | $25.00 | 9/01/2025 | 9/01/2069 | Baa2 | NR | 8/24/2025 | 3/1, 6/1, 9/1 & 12/1 | No",,2026-08-21T20:10:01Z
TMUSZ,True,"T-Mobile US, Inc. 5.50% Senior Notes due 3/1/2070",Exchange-Traded Debt Security,BABY_BOND,TMUS,87264A204,NGS,USD,,False,FIXED,5.5,25.0,1.375,3/01/2026,25.0,3/01/2070,,,,,Baa2 NR,"3/1, 6/1, 9/1 & 12/1",8/24/2025,,,False,"NGS | 5.50% | $1.375 | $25.00 | $25.00 | 3/01/2026 | 3/01/2070 | Baa2 | NR | 8/24/2025 | 3/1, 6/1, 9/1 & 12/1 | No",,2026-08-21T20:10:03Z
TNCAF,True,"TC Energy Corp, Cumulative Redeemable First Preferred Shares, Series 2",Traditional Preferred Stock,PREFERRED,TRP,87807B305,OTOTC,CAD,True,False,FIXED,,25.0,,,,,,,,,Variable n.a. $25.00 $25.00 12/31/2014 None NR BBB-,"3/31, 6/30, 9/30 & 12/31",10/17/2023,,,False,"OTOTCn | OTOTCps | Variable | n.a. | $25.00 | $25.00 | 12/31/2014 | None | NR | BBB- | 10/17/2023 | 3/31, 6/30, 9/30 & 12/31 | No",coupon_pct,2026-08-21T20:10:04Z
TNP-E,True,"Tsakos Energy Navigation Ltd, 9.25% Ser E Fixed/Float Cumul Red Perp Prfd Shares",Traditional Preferred Stock,PREFERRED,TEN,G9108L157,NYSE,USD,True,True,FIX_TO_FLOAT,9.25,25.0,2.31,5/28/2027,25.0,,3M_LIBOR,688.1,,,NF NF,"2/28, 5/28, 8/28 & 11/28",4/21/2024,TNP-E,7/01/2024,False,"NYSE | FixFloat | $2.31 | $25.00 | $25.00 | 5/28/2027 | None | NF NF | 4/21/2024 | 2/28, 5/28, 8/28 & 11/28 | YES",,2026-08-21T20:10:06Z
TNP-F,True,"Tsakos Energy Navigation, 9.50% Ser F Fixed/Float Cumul Red Perp Preferrd Shares",Traditional Preferred Stock,PREFERRED,TEN,G9108L165,NYSE,USD,True,True,FIX_TO_FLOAT,9.5,25.0,2.38,7/30/2028,25.0,,3M_LIBOR,654.0,,,NF NF,"1/30, 4/30, 7/30 & 10/30",4/21/2024,TNP-F,7/01/2024,False,"NYSE | FixFloat | $2.38 | $25.00 | $25.00 | 7/30/2028 | None | NF NF | 4/21/2024 | 1/30, 4/30, 7/30 & 10/30 | YES",,2026-08-21T20:10:07Z
TPGXL,True,"TPG Operating Group II, L.P. 6.95% Junior Subordinated Notes due 03/15/2064",Exchange-Traded Debt Security,BABY_BOND,TPG,872652102,NGS,USD,,False,FIXED,6.95,25.0,1.7375,3/15/2029,25.0,3/15/2064,,,,,Baa1 BBB-,"3/15, 6/15, 9/15 & 12/15",3/01/2024,,,False,"NGS | 6.95% | $1.7375 | $25.00 | $25.00 | 3/15/2029 | 3/15/2064 | Baa1 | BBB- | 3/01/2024 | 3/15, 6/15, 9/15 & 12/15 | No",,2026-08-21T20:10:09Z
TPTA,True,"Terra Property Trust, Inc. 6.00% Notes due 6/30/2026",Exchange-Traded Debt Security,BABY_BOND,,88104K105,NYSE,USD,,False,FIXED,6.0,25.0,1.5,6/30/2023,25.0,6/30/2026,,,,,NF NF,"3/30, 6/30, 9/30 & 12/30",3/19/2024,,,False,"NYSE | 6.00% | $1.5 | $25.00 | $25.00 | 6/30/2023 | 6/30/2026 | NF NF | 3/19/2024 | 3/30, 6/30, 9/30 & 12/30 | No",,2026-08-21T20:10:10Z
TRINI,True,Trinity Capital Inc. 7.875% Notes Due 9/30/2029,Exchange-Traded Debt Security,BABY_BOND,TRIN,896442704,NGS,USD,,False,FIXED,7.875,25.0,1.96875,9/30/2026,25.0,9/30/2029,,,,,NR NR,"3/30, 6/30, 9/30 & 12/30",8/05/2024,,,False,"NGS | 7.88% | $1.96875 | $25.00 | $25.00 | 9/30/2026 | 9/30/2029 | NR NR | 8/05/2024 | 3/30, 6/30, 9/30 & 12/30 | No",,2026-08-21T20:10:11Z
TRINL,True,Trinity Capital Inc. 7.00% Notes due 01/16/2025,Exchange-Traded Debt Security,BABY_BOND,TRIN,896442506,NGS,USD,,False,FIXED,7.0,25.0,1.75,01/16/2023,25.0,,,,,,Called for 1/16/2025 1/16/2025 NF NF,"3/15, 6/15, 9/15 & 12/15",3/30/2023,,,True,"NGS | 7.00% | $1.75 | $25.00 | $25.00 | Called for | 1/16/2025 | 1/16/2025 | NF NF | 3/30/2023 | 3/15, 6/15, 9/15 & 12/15 | No",,2026-08-21T20:10:13Z
TRINZ,True,Trinity Capital Inc. 7.875% Notes Due 03/30/2029,Exchange-Traded Debt Security,BABY_BOND,TRIN,896442605,NGS,USD,,False,FIXED,7.875,25.0,1.96875,3/30/2026,25.0,3/30/2029,,,,,NR NR,"3/30, 6/30, 9/30 & 12/30",3/29/2024,,,False,"NGS | 7.88% | $1.96875 | $25.00 | $25.00 | 3/30/2026 | 3/30/2029 | NR NR | 3/29/2024 | 3/30, 6/30, 9/30 & 12/30 | No",,2026-08-21T20:10:14Z
TRNPF,True,"TransAlta Corp. Cumulative Rate Reset First Preferred Shares, Series G",Traditional Preferred Stock,PREFERRED,TAC,Unknown,OTOTC,CAD,True,False,FIXED,,25.0,,,,,,,,,Reset Rate $1.247 $25.00 $25.00 9/30/2014 None NR B+,"3/31, 6/30, 9/30 & 12/31",5/21/2023,,,False,"OTOTCn | OTOTCps | Reset Rate | $1.247 | $25.00 | $25.00 | 9/30/2014 | None | NR | B+ | 5/21/2023 | 3/31, 6/30, 9/30 & 12/31 | No",coupon_pct,2026-08-21T20:10:16Z
TRPEF,True,"TC Energy Corp Cumulative Redeemable First Preferred Shares, Series 3",Traditional Preferred Stock,PREFERRED,TRP,87807B404,OTOTC,CAD,True,False,FIXED,,25.0,,,,,,,,,Reset Rate $1.0255 $25.00 $25.00 6/30/2025 None NR BBB-,"3/31, 6/30, 9/30 & 12/31",10/17/2023,,,False,"OTOTCn | OTOTCps | Reset Rate | $1.0255 | $25.00 | $25.00 | 6/30/2025 | None | NR | BBB- | 10/17/2023 | 3/31, 6/30, 9/30 & 12/31 | No",coupon_pct,2026-08-21T20:10:17Z
TRPPF,True,"TC Energy Corp, Cumulative Redeemable First Preferred Shares, Series 7",Traditional Preferred Stock,PREFERRED,TRP,87807B800,OTOTC,CAD,True,False,FIXED,,25.0,,,,,,,,,Reset Rate $1.49625 $25.00 $25.00 4/30/2019 None NR BBB-,"1/31, 4/30, 7/31 & 10/31",10/17/2023,,,False,"OTOTCn | OTOTCps | Reset Rate | $1.49625 | $25.00 | $25.00 | 4/30/2019 | None | NR | BBB- | 10/17/2023 | 1/31, 4/30, 7/31 & 10/31 | No",coupon_pct,2026-08-21T20:10:19Z
TRPRF,True,"TC Energy Corp, Cumulative Redeemable First Preferred Shares, Series 9",Traditional Preferred Stock,PREFERRED,TRP,87807B875,OTOTC,CAD,True,False,FIXED,,25.0,,,,,,,,,Reset Rate $0.9405 $25.00 $25.00 10/30/2019 None NR BBB-,"1/31, 4/30, 7/31 & 10/31",10/17/2023,,,False,"OTOTCn | OTOTCps | Reset Rate | $0.9405 | $25.00 | $25.00 | 10/30/2019 | None | NR | BBB- | 10/17/2023 | 1/31, 4/30, 7/31 & 10/31 | No",coupon_pct,2026-08-21T20:10:20Z
TRTN-A,True,"Triton International Ltd., 8.50% Series A Cumul Red Perp Preference Shares",Traditional Preferred Stock,PREFERRED,BIPC,G9078F123,NYSE,USD,True,True,FIXED,8.5,25.0,2.13,3/15/2024,25.0,,,,,,NF BB+,"3/15, 6/15, 9/15 & 12/15",4/21/2024,TPNRF,3/20/2019,False,"NYSE | 8.50% | $2.13 | $25.00 | $25.00 | 3/15/2024 | None | NF | BB+ | 4/21/2024 | 3/15, 6/15, 9/15 & 12/15 | YES",,2026-08-21T20:10:22Z
TRTN-B,True,"Triton International Ltd., 8.00% Series B Cumul Red Perp Preference Shares",Traditional Preferred Stock,PREFERRED,BIPC,G9078F131,NYSE,USD,True,True,FIXED,8.0,25.0,2.0,9/15/2024,25.0,,,,,,NF BB+,"3/15, 6/15, 9/15 & 12/15",4/21/2024,TTONF,7/03/2019,False,"NYSE | 8.00% | $2.00 | $25.00 | $25.00 | 9/15/2024 | None | NF | BB+ | 4/21/2024 | 3/15, 6/15, 9/15 & 12/15 | YES",,2026-08-21T20:10:23Z
TRTN-C,True,"Triton International Ltd., 7.375% Series C Cumul Red Perp Preference Shares",Traditional Preferred Stock,PREFERRED,BIPC,G9078F149,NYSE,USD,True,True,FIXED,7.375,25.0,1.84,12/15/2024,25.0,,,,,,NF BB+,"3/15, 6/15, 9/15 & 12/15",4/15/2025,TRTOF,11/13/2019,False,"NYSE | 7.38% | $1.84 | $25.00 | $25.00 | 12/15/2024 | None | NF | BB+ | 4/15/2025 | 3/15, 6/15, 9/15 & 12/15 | YES",,2026-08-21T20:10:24Z
TRTN-D,True,Triton International Ltd. 6.875% Ser D Cumul Redeemable Perp Preference Shares,Traditional Preferred Stock,PREFERRED,BIPC,G9078F206,NYSE,USD,True,True,FIXED,6.875,25.0,1.71875,3/15/2025,25.0,,,,,,NF BB+,"3/15, 6/15, 9/15 & 12/15",4/21/2024,TRTDP,1/29/2020,False,"NYSE | 6.88% | $1.71875 | $25.00 | $25.00 | 3/15/2025 | None | NF | BB+ | 4/21/2024 | 3/15, 6/15, 9/15 & 12/15 | YES",,2026-08-21T20:10:26Z
TRTN-E,True,Triton International Ltd. 5.75% Ser E Cumul Redeemable Perp Preference Shares,Traditional Preferred Stock,PREFERRED,BIPC,G9078F156,NYSE,USD,True,True,FIXED,5.75,25.0,1.4375,9/15/2026,25.0,,,,,,NR BB+,"3/15, 6/15, 9/15 & 12/15",4/21/2024,TTRNF,8/23/2021,False,"NYSE | 5.75% | $1.4375 | $25.00 | $25.00 | 9/15/2026 | None | NR | BB+ | 4/21/2024 | 3/15, 6/15, 9/15 & 12/15 | YES",,2026-08-21T20:10:27Z
TRTN-F,True,"Triton International Ltd., 7.625% Series F Cumul Red Perp Preference Shares",Traditional Preferred Stock,PREFERRED,BIPC,G9078F164,NYSE,USD,True,True,FIXED,7.625,25.0,1.90625,3/15/2030,25.0,,,,,,NR BB+,"3/15, 6/15, 9/15 & 12/15",1/30/2025,,,False,"NYSE | 7.63% | $1.90625 | $25.00 | $25.00 | 3/15/2030 | None | NR | BB+ | 1/30/2025 | 3/15, 6/15, 9/15 & 12/15 | YES",,2026-08-21T20:10:29Z
TRTN-G,True,Triton International Ltd 7.50% Series G Cumulative Preference Shares,Traditional Preferred Stock,PREFERRED,BIPC,G9078F305,NYSE,USD,True,False,FIXED,7.5,25.0,1.875,3/15/2031,25.0,,,,,,NR NR,"3/15, 6/15, 9/15 & 12/15",1/08/2026,TRTGF,1/16/2026,False,"NYSE | 7.50% | $1.875 | $25.00 | $25.00 | 3/15/2031 | None | NR NR | 1/08/2026 | 3/15, 6/15, 9/15 & 12/15 | No",,2026-08-21T20:10:30Z
TRTX-C,True,"TPG RE Finance Trust, Inc. 6.25% Series C Cumulative Redeemable Preferred Stock",Traditional Preferred Stock,PREFERRED,TRTX,87266M206,NYSE,USD,True,False,FIXED,6.25,25.0,1.5625,6/14/2026,25.0,,,,,,NR NR,"3/30, 6/30, 9/30 & 12/30",6/15/2025,TRTXP,7/12/2021,False,"NYSE | 6.25% | $1.5625 | $25.00 | $25.00 | 6/14/2026 | None | NR NR | 6/15/2025 | 3/30, 6/30, 9/30 & 12/30 | No",,2026-08-21T20:10:31Z
TSLTF,True,"TransAlta Corp. Cumulative Rate Reset First Preferred Shares, Series E",Traditional Preferred Stock,PREFERRED,TAC,89346D727,OTOTC,CAD,True,False,FIXED,,25.0,,,,,,,,,Reset Rate $1.7235 $25.00 $25.00 9/30/2017 None NR B+,"3/31, 6/30, 9/30 & 12/31",5/21/2023,,,False,"OTOTCn | OTOTCps | Reset Rate | $1.7235 | $25.00 | $25.00 | 9/30/2017 | None | NR | B+ | 5/21/2023 | 3/31, 6/30, 9/30 & 12/31 | No",coupon_pct,2026-08-21T20:10:33Z
TVC,True,"Tennessee Valley Authority, Reset Rate Series D PARRS Power Bonds due 6/1/2028",Exchange-Traded Debt Security,BABY_BOND,,880591300,NYSE,USD,,False,RESET,6.75,25.0,0.88,,,,CMT,94.0,,,"N/A Unredeemable 6/01/2028 Aa1 AA+ 6/15/2025 Notes: Pursuant to the terms of the 1998 Series D Offering Circular, TVA conducted the rate reset calculation on Wednesday, May 1, 2024, and determined that the coupon rate on the TVA 1998 Series D Puttable Automatic Rate Reset Securities bonds (NYSE: TVC) will remain at the current rate of 2.134%. The next reset calculation will be performed on Wednesday, April 30, 2025, to determine if the rate will be reset beginning on June 1, 2025.","3/1, 6/1, 9/1 & 12/1",,,,False,"NYSE | Reset Rate | $0.88 | $25.00 | N/A | Unredeemable | 6/01/2028 | Aa1 | AA+ | 6/15/2025 | 3/1, 6/1, 9/1 & 12/1 | No | Notes: Pursuant to the terms of the 1998 Series D Offering Circular, TVA conducted the rate reset calculation on Wednesday, May 1, 2024, and determined that the coupon rate on the TVA 1998 Series D Puttable Automatic Rate Reset Securities bonds (NYSE: TVC) will remain at the current rate of 2.134%. The next reset calculation will be performed on Wednesday, April 30, 2025, to determine if the rate will be reset beginning on June 1, 2025.",,2026-08-21T20:10:34Z
TVE,True,"Tennessee Valley Authority, Reset Rate Series A PARRS Power Bonds due 5/1/2029",Exchange-Traded Debt Security,BABY_BOND,,880591409,NYSE,USD,,False,RESET,6.5,25.0,0.554,,,,CMT,84.0,,,"N/A Unredeemable 5/01/2029 Aa1 AA+ 6/15/2025 Notes: Pursuant to the terms of the 1999 Series A Offering Circular, TVA conducted the rate reset calculation on Wednesday, April 2, 2025, and determined that the coupon rate on the TVA 1999 Series A Puttable Automatic Rate Reset Securities bonds (NYSE: TVE) will remain at the current rate of 2.216%.","2/1, 5/1, 8/1 & 11/1",,,,False,"NYSE | Reset Rate | $0.554 | $25.00 | N/A | Unredeemable | 5/01/2029 | Aa1 | AA+ | 6/15/2025 | 2/1, 5/1, 8/1 & 11/1 | No | Notes: Pursuant to the terms of the 1999 Series A Offering Circular, TVA conducted the rate reset calculation on Wednesday, April 2, 2025, and determined that the coupon rate on the TVA 1999 Series A Puttable Automatic Rate Reset Securities bonds (NYSE: TVE) will remain at the current rate of 2.216%.",,2026-08-21T20:10:36Z
TWO-A,True,"Two Harbors Investment Corp., 8.125% Series A Fix/Float Cumul Red Preferred Stk",Traditional Preferred Stock,PREFERRED,TWO,90187B200,NYSE,USD,True,False,FIX_TO_FLOAT,8.125,25.0,2.03,4/27/2027,25.0,,3M_LIBOR,566.0,,,NR NF,"1/27, 4/27, 7/27 & 10/27",6/15/2025,TWHBP,3/16/2017,False,"NYSE | FixFloat | $2.03 | $25.00 | $25.00 | 4/27/2027 | None | NR NF | 6/15/2025 | 1/27, 4/27, 7/27 & 10/27 | No",,2026-08-21T20:10:37Z
TWO-B,True,"Two Harbors Investment Corp., 7.625% Series B Fix/Float Cumul Red Preferred Stk",Traditional Preferred Stock,PREFERRED,TWO,90187B309,NYSE,USD,True,False,FIX_TO_FLOAT,7.625,25.0,1.91,7/27/2027,25.0,,3M_LIBOR,535.2,,,NR NF,"1/27, 4/27, 7/27 & 10/27",6/15/2025,TWHBP,7/21/2017,False,"NYSE | FixFloat | $1.91 | $25.00 | $25.00 | 7/27/2027 | None | NR NF | 6/15/2025 | 1/27, 4/27, 7/27 & 10/27 | No",,2026-08-21T20:10:38Z
TWO-C,True,"Two Harbors Investment Corp., 7.25% Series C Fix/Float Cumul Red Preferred Stk",Traditional Preferred Stock,PREFERRED,TWO,90187B507,NYSE,USD,True,False,FIX_TO_FLOAT,7.25,25.0,1.81,1/27/2025,25.0,,3M_LIBOR,501.1,,,NR NF,"1/27, 4/27, 7/27 & 10/27",6/15/2025,TWWHP,11/28/2017,False,"NYSE | FixFloat | $1.81 | $25.00 | $25.00 | 1/27/2025 | None | NR NF | 6/15/2025 | 1/27, 4/27, 7/27 & 10/27 | No",,2026-08-21T20:10:40Z
TWOD,True,Two Harbors Investment Corp 9.375% Senior Notes due 8/15/2030,Exchange-Traded Debt Security,BABY_BOND,TWO,90187B887,NYSE,USD,,False,FIXED,9.375,25.0,2.34375,5/15/2027,25.0,8/15/2030,,,,,NR NR,"2/15, 5/15, 8/15 & 11/15",5/07/2025,,,False,"NYSE | 9.38% | $2.34375 | $25.00 | $25.00 | 5/15/2027 | 8/15/2030 | NR NR | 5/07/2025 | 2/15, 5/15, 8/15 & 11/15 | No",,2026-08-21T20:10:41Z
TY-,True,"Tri-Continental Corp., $2.50 Cumulative Preferred Stock",Traditional Preferred Stock,PREFERRED,TY,895436202,NYSE,USD,True,,FIXED,5.0,50.0,2.5,,55.0,,,,,,any time None NF NF 6/15/2025 Variable,"1/1, 4/1, 7/1 & 10/1",,,,False,"NYSE | 5.00% | $2.50 | $50.00 | $55.00 | any time | None | NF NF | 6/15/2025 | 1/1, 4/1, 7/1 & 10/1 | Variable",qdi_eligible,2026-08-21T20:10:43Z
UCB-I,True,"United Community Banks, Inc. 6.875% Dep Shares Non-Cumulative Prfd Stock, Ser I",Traditional Preferred Stock,PREFERRED,UCB,90985F205,NYSE,USD,False,True,FIXED,6.875,25.0,1.71875,09/15/2025,25.0,,,,,,Called for 9/15/2025 None NR NF,"3/15, 6/15, 9/15 & 12/15",4/21/2024,UCBIO,7/26/2024,False,"NYSE | 6.88% | $1.71875 | $25.00 | $25.00 | Called for | 9/15/2025 | None | NR NF | 4/21/2024 | 3/15, 6/15, 9/15 & 12/15 | YES",,2026-08-21T20:10:44Z
UCBIO,True,"United Community Banks, Inc. 6.875% Dep Shares Non-Cumulative Prfd Stock, Ser I",Traditional Preferred Stock,PREFERRED,UCB,90985F205,NYSE,USD,False,True,FIXED,6.875,25.0,1.71875,09/15/2025,25.0,,,,,,Called for 9/15/2025 None NR NF,"3/15, 6/15, 9/15 & 12/15",4/21/2024,UCBIO,7/26/2024,False,"NYSE | 6.88% | $1.71875 | $25.00 | $25.00 | Called for | 9/15/2025 | None | NR NF | 4/21/2024 | 3/15, 6/15, 9/15 & 12/15 | YES",,2026-08-21T20:10:46Z
UELMO,True,"Union Electric Co., $3.70 Series Cumul Preferred Stock",Traditional Preferred Stock,PREFERRED,AEE,906548300,OTOTC,USD,True,True,FIXED,,100.0,,,,,,,,,3.70% $3.70 $100.00 $104.75 any time None Baa3 BBB-,"2/15, 5/15, 8/15 & 11/15",4/21/2025,,,False,"OTOTCn | OTOTCps | 3.70% | $3.70 | $100.00 | $104.75 | any time | None | Baa3 | BBB- | 4/21/2025 | 2/15, 5/15, 8/15 & 11/15 | YES",coupon_pct,2026-08-21T20:10:47Z
UEPCN,True,"Union Electric Co., $4.75 Series Cumul Preferred Stock",Traditional Preferred Stock,PREFERRED,AEE,906548821,OTOTC,USD,True,True,FIXED,,100.0,,,,,,,,,4.75% $4.75 $100.00 $102.18 any time None Baa3 BBB-,"2/15, 5/15, 8/15 & 11/15",4/21/2025,,,False,"OTOTCn | OTOTCps | 4.75% | $4.75 | $100.00 | $102.18 | any time | None | Baa3 | BBB- | 4/21/2025 | 2/15, 5/15, 8/15 & 11/15 | YES",coupon_pct,2026-08-21T20:10:48Z
UEPCO,True,"Union Electric Co., $5.50 Series Cumul Preferred Stock",Traditional Preferred Stock,PREFERRED,AEE,906548813,OTOTC,USD,True,True,FIXED,,100.0,,,,,,,,,5.50% $5.50 $100.00 $110.00 any time None Baa3 BBB-,"2/15, 5/15, 8/15 & 11/15",4/21/2025,,,False,"OTOTCn | OTOTCps | 5.50% | $5.50 | $100.00 | $110.00 | any time | None | Baa3 | BBB- | 4/21/2025 | 2/15, 5/15, 8/15 & 11/15 | YES",coupon_pct,2026-08-21T20:10:50Z
UEPCP,True,"Union Electric Co., $4.30 Series Cumul Preferred Stock",Traditional Preferred Stock,PREFERRED,AEE,906548839,OTOTC,USD,True,True,FIXED,,100.0,,,,,,,,,4.30% $4.30 $100.00 $105.00 any time None Baa3 BBB-,"2/15, 5/15, 8/15 & 11/15",4/21/2025,,,False,"OTOTCn | OTOTCps | 4.30% | $4.30 | $100.00 | $105.00 | any time | None | Baa3 | BBB- | 4/21/2025 | 2/15, 5/15, 8/15 & 11/15 | YES",coupon_pct,2026-08-21T20:10:52Z
UEPEM,True,"Union Electric Co., $4.00 Series Cumul Preferred Stock",Traditional Preferred Stock,PREFERRED,AEE,906548409,OTOTC,USD,True,True,FIXED,,100.0,,,,,,,,,4.00% $4.00 $100.00 $105.63 any time None Baa3 BBB-,"2/15, 5/15, 8/15 & 11/15",4/21/2025,UEP-C,12/05/2007,False,"OTOTCn | OTOTCps | 4.00% | $4.00 | $100.00 | $105.63 | any time | None | Baa3 | BBB- | 4/21/2025 | 2/15, 5/15, 8/15 & 11/15 | YES",coupon_pct,2026-08-21T20:10:53Z
UEPEN,True,"Union Electric Co., $3.50 Series Cumul Preferred Stock",Traditional Preferred Stock,PREFERRED,AEE,906548201,OTOTC,USD,True,True,FIXED,,100.0,,,,,,,,,3.50% $3.50 $100.00 $110.00 any time None Baa3 BBB-,"2/15, 5/15, 8/15 & 11/15",6/15/2025,UEP-A,12/05/2007,False,"OTOTCn | OTOTCps | 3.50% | $3.50 | $100.00 | $110.00 | any time | None | Baa3 | BBB- | 6/15/2025 | 2/15, 5/15, 8/15 & 11/15 | YES",coupon_pct,2026-08-21T20:10:55Z
UEPEO,True,"Union Electric Co., $4.50 Series Cumul Preferred Stock",Traditional Preferred Stock,PREFERRED,AEE,906548508,OTOTC,USD,True,True,FIXED,,100.0,,,,,,,,,4.50% $4.50 $100.00 $110.00 any time None Baa3 BBB-,"2/15, 5/15, 8/15 & 11/15",4/21/2025,UEP-D,12/05/2007,False,"OTOTCn | OTOTCps | 4.50% | $4.50 | $100.00 | $110.00 | any time | None | Baa3 | BBB- | 4/21/2025 | 2/15, 5/15, 8/15 & 11/15 | YES",coupon_pct,2026-08-21T20:10:56Z
UEPEP,True,"Union Electric Co., $4.56 Series Cumul Preferred Stock",Traditional Preferred Stock,PREFERRED,AEE,906548607,OTOTC,USD,True,True,FIXED,,100.0,,,,,,,,,4.56% $4.56 $100.00 $102.47 any time None Baa3 BBB-,"2/15, 5/15, 8/15 & 11/15",4/21/2025,UEP-E,12/05/2007,False,"OTOTCn | OTOTCps | 4.56% | $4.56 | $100.00 | $102.47 | any time | None | Baa3 | BBB- | 4/21/2025 | 2/15, 5/15, 8/15 & 11/15 | YES",coupon_pct,2026-08-21T20:10:57Z
UGIC,True,UGI Corp. Equity Units Due 06/01/2024,Mandatory Convertible Security,PREFERRED,UGI,902681113,NYSE,USD,True,,FIXED,7.25,100.0,7.25,09/03/2024,100.0,,,,,,Not Callable 6/01/2024 NR NF 3/19/2024 N/A N/A Variable,"3/1, 6/1, 9/1 & 12/1",,UGIIU,5/28/2021,True,"NYSE | 7.25% | $7.25 | $100.00 | $100.00 | Not Callable | 6/01/2024 | NR NF | 3/19/2024 | N/A | N/A | 3/1, 6/1, 9/1 & 12/1 | Variable",qdi_eligible,2026-08-21T20:10:59Z
UMBFO,True,"UMB Financial Corp Reset Rate Non-Cumulative Preferred Stock, Series B",Traditional Preferred Stock,PREFERRED,UMBF,902788405,NGS,USD,False,True,RESET,7.75,25.0,1.9375,07/15/2030,25.0,,,374.3,,,Baa3 NR,"1/15, 4/15, 7/15 & 10/15",6/02/2025,UMBXL,6/13/2025,False,"NGS | Reset Rate | $1.9375 | $25.00 | $25.00 | 07/15/2030 | None | Baa3 | NR | 6/02/2025 | 1/15, 4/15, 7/15 & 10/15 | YES",reference_rate,2026-08-21T20:11:00Z
UMH-D,True,"UMH Properties, 6.375% Series D Cumulative Redeemable Preferred Stock",Traditional Preferred Stock,PREFERRED,UMH,903002509,NYSE,USD,True,False,FIXED,6.375,25.0,1.59,1/22/2023,25.0,,,,,,NF NF,"3/15, 6/15, 9/15 & 12/15",4/20/2025,UMHZP,1/25/2018,False,"NYSE | 6.38% | $1.59 | $25.00 | $25.00 | 1/22/2023 | None | NF NF | 4/20/2025 | 3/15, 6/15, 9/15 & 12/15 | No",,2026-08-21T20:11:02Z
UNMA,True,"Unum Group, 6.25% Junior Subordinated Notes due 6/15/2058",Exchange-Traded Debt Security,BABY_BOND,UNM,91529Y601,NYSE,USD,,False,FIXED,6.25,25.0,1.56,6/15/2023,25.0,6/15/2058,,,,,Ba1 BB+,"3/15, 6/15, 9/15 & 12/15",12/31/2023,,,False,"NYSE | 6.25% | $1.56 | $25.00 | $25.00 | 6/15/2023 | 6/15/2058 | Ba1 | BB+ | 12/31/2023 | 3/15, 6/15, 9/15 & 12/15 | No",,2026-08-21T20:11:03Z
USB-A,True,Preferred Ticker Symbols & Names,Traditional Preferred Stock,PREFERRED,USB,902973866,NYSE,USD,False,True,FIX_TO_FLOAT,3.5,1000.0,35.0,4/15/2011,1000.0,,3M_LIBOR,102.0,,,Baa2 BBB,"1/15, 4/15 7/15 & 10/15",6/15/2025,,,False,"NYSE | FixFloat | $35.00 | $1,000.00 | $1,000.00 | 4/15/2011 | None | Baa2 | BBB | 6/15/2025 | 1/15, 4/15 7/15 & 10/15 | YES",,2026-08-21T20:11:05Z
USB-H,True,Preferred Ticker Symbols & Names,Traditional Preferred Stock,PREFERRED,USB,902973155,NYSE,USD,False,True,VARIABLE,5.429,25.0,1.35725,4/15/2011,25.0,,3M_TERM_SOFR,,,,Baa2 BBB,"1/15, 4/15, 7/15 & 10/15",6/15/2025,UBSPZ,3/30/2006,False,"NYSE | Variable | $1.35725 | $25.00 | $25.00 | 4/15/2011 | None | Baa2 | BBB | 6/15/2025 | 1/15, 4/15, 7/15 & 10/15 | YES",float_spread_bps,2026-08-21T20:11:06Z
USB-P,True,Preferred Ticker Symbols & Names,Traditional Preferred Stock,PREFERRED,USB,902973759,NYSE,USD,False,True,FIXED,5.5,25.0,1.38,10/15/2023,25.0,,,,,,Baa1 BBB,"1/15, 4/15, 7/15 & 10/15",6/15/2025,USBLL,8/17/2018,False,"NYSE | 5.50% | $1.38 | $25.00 | $25.00 | 10/15/2023 | None | Baa1 | BBB | 6/15/2025 | 1/15, 4/15, 7/15 & 10/15 | YES",,2026-08-21T20:11:08Z
USB-Q,True,Preferred Ticker Symbols & Names,Traditional Preferred Stock,PREFERRED,USB,902973734,NYSE,USD,False,True,FIXED,3.75,25.0,0.9375,1/15/2026,25.0,,,,,,Baa2 BBB,"1/15, 4/15, 7/15 & 10/15",6/15/2025,UBKPL,10/30/2020,False,"NYSE | 3.75% | $0.9375 | $25.00 | $25.00 | 1/15/2026 | None | Baa2 | BBB | 6/15/2025 | 1/15, 4/15, 7/15 & 10/15 | YES",,2026-08-21T20:11:09Z
USB-R,True,Preferred Ticker Symbols & Names,Traditional Preferred Stock,PREFERRED,USB,902973718,NYSE,USD,False,True,FIXED,4.0,25.0,1.0,4/15/2026,25.0,,,,,,Baa2 BBB,"1/15, 4/15, 7/15 & 10/15",6/15/2025,USBML,,False,"NYSE | 4.00% | $1 | $25.00 | $25.00 | 4/15/2026 | None | Baa2 | BBB | 6/15/2025 | 1/15, 4/15, 7/15 & 10/15 | YES",,2026-08-21T20:11:11Z
USB-S,True,Preferred Ticker Symbols & Names,Traditional Preferred Stock,PREFERRED,USB,902973668,NYSE,USD,False,True,FIXED,4.5,25.0,1.125,4/15/2027,25.0,,,,,,Baa2 BBB,"1/15, 4/15, 7/15 & 10/15",6/15/2025,USBOL,2/25/2022,False,"NYSE | 4.50% | $1.125 | $25.00 | $25.00 | 4/15/2027 | None | Baa2 | BBB | 6/15/2025 | 1/15, 4/15, 7/15 & 10/15 | YES",,2026-08-21T20:11:12Z
UZD,True,"Array Digital Infrastructure, Inc. 6.25% Senior Notes due 9/1/2069",Exchange-Traded Debt Security,BABY_BOND,AD,911684702,NGS,USD,,False,FIXED,6.25,25.0,1.5625,9/01/2025,25.0,9/01/2069,,,,,Ba2 BB,"3/1, 6/1, 9/1 & 12/1",4/20/2025,UZD,,False,"NGS | 6.25% | $1.5625 | $25.00 | $25.00 | 9/01/2025 | 9/01/2069 | Ba2 | BB | 4/20/2025 | 3/1, 6/1, 9/1 & 12/1 | No",,2026-08-21T20:11:14Z
UZE,True,"Array Digital Infrastructure, Inc, 5.50% Senior Notes due 3/1/2070",Exchange-Traded Debt Security,BABY_BOND,AD,911684801,NGS,USD,,False,FIXED,5.5,25.0,1.375,3/01/2026,25.0,3/01/2070,,,,,Ba2 BB,"3/1, 6/1, 9/1 & 12/1",4/20/2025,,,False,"NGS | 5.50% | $1.375 | $25.00 | $25.00 | 3/01/2026 | 3/01/2070 | Ba2 | BB | 4/20/2025 | 3/1, 6/1, 9/1 & 12/1 | No",,2026-08-21T20:11:15Z
UZF,True,"Array Digital Infrastructure, Inc. , 5.50% Senior Notes due 06/01/2070",Exchange-Traded Debt Security,BABY_BOND,AD,911684884,NGS,USD,,False,FIXED,5.5,25.0,1.375,6/01/2026,25.0,6/01/2070,,,,,Ba2 BB,"3/1, 6/1, 9/1 & 12/1",4/20/2025,UZF,,False,"NGS | 5.50% | $1.375 | $25.00 | $25.00 | 6/01/2026 | 6/01/2070 | Ba2 | BB | 4/20/2025 | 3/1, 6/1, 9/1 & 12/1 | No",,2026-08-21T20:11:17Z
VIASP,True,"Via Renewables, Inc 8.75% Series A Fixed/Float Cumulative Perp Preferred Shares",Traditional Preferred Stock,PREFERRED,VIA*,92556D106,NGS,USD,True,True,FIX_TO_FLOAT,8.75,25.0,2.19,4/15/2022,25.0,,3M_LIBOR,657.8,,,NF NF,"1/15, 4/15, 7/15 & 10/15",4/21/2025,SPKEP,8/06/2021,False,"NGS | FixFloat | $2.19 | $25.00 | $25.00 | 4/15/2022 | None | NF NF | 4/21/2025 | 1/15, 4/15, 7/15 & 10/15 | YES",,2026-08-21T20:11:18Z
VLYPN,True,"Valley National Bancorp Reset Ratet Non-Cumulative Preferred Stock, Series C",Traditional Preferred Stock,PREFERRED,VLY,919794404,NGS,USD,False,True,RESET,8.25,25.0,2.0625,9/30/2029,25.0,,,418.2,,,NR BB-,"3/30, 6/30, 9/30 & 12/30",7/30/2024,VLYNP,8/15/2024,False,"NGS | Reset Rate | $2.0625 | $25.00 | $25.00 | 9/30/2029 | None | NR | BB- | 7/30/2024 | 3/30, 6/30, 9/30 & 12/30 | YES",reference_rate,2026-08-21T20:11:20Z
VLYPO,True,"Valley National Bancorp, 5.50% Fixed/Float Non Cumul Perp Preferred Stk Series B",Traditional Preferred Stock,PREFERRED,VLY,919794305,NGS,USD,False,True,FIX_TO_FLOAT,5.5,25.0,1.38,6/30/2022,25.0,,3M_LIBOR,357.8,,6/30/2022,WR BB,"3/30, 6/30, 9/30 & 12/30",2/20/2024,VLY-B,10/08/2018,False,"NGS | FixFloat | $1.38 | $25.00 | $25.00 | 6/30/2022 | None | WR | BB | 2/20/2024 | 3/30, 6/30, 9/30 & 12/30 | YES",,2026-08-21T20:11:21Z
VLYPP,True,"Valley National Bancorp, 6.25% Fixed/Float Non Cumul Perp Preferred Stk Series A",Traditional Preferred Stock,PREFERRED,VLY,919794206,NGS,USD,False,True,FIX_TO_FLOAT,6.25,25.0,1.56,6/30/2025,25.0,,3M_LIBOR,385.0,,6/30/2025,WR BB,"3/30, 6/30, 9/30 & 12/30",2/20/2024,VLY-A,10/08/2018,False,"NGS | FixFloat | $1.56 | $25.00 | $25.00 | 6/30/2025 | None | WR | BB | 2/20/2024 | 3/30, 6/30, 9/30 & 12/30 | YES",,2026-08-21T20:11:22Z
VNO-L,True,"Vornado Realty Trust, 5.40% Series L Cumulative Redeemable Preferred Shares",Traditional Preferred Stock,PREFERRED,VNO,929042844,NYSE,USD,True,False,FIXED,5.4,25.0,1.35,1/25/2018,25.0,,,,,,Ba3 BB,"1/1, 4/1, 7/1 &10/1",4/15/2025,VRNDP,2/01/2013,False,"NYSE | 5.40% | $1.35 | $25.00 | $25.00 | 1/25/2018 | None | Ba3 | BB | 4/15/2025 | 1/1, 4/1, 7/1 &10/1 | No",,2026-08-21T20:11:24Z
VNO-M,True,"Vornado Realty Trust, 5.25% Series M Cumulative Redeemable Preferred Shares",Traditional Preferred Stock,PREFERRED,VNO,929042828,NYSE,USD,True,False,FIXED,5.25,25.0,1.31,12/13/2022,25.0,,,,,,Ba3 B+,"1/1, 4/1, 7/1 & 10/1",4/15/2025,VNNDP,12/15/2017,False,"NYSE | 5.25% | $1.31 | $25.00 | $25.00 | 12/13/2022 | None | Ba3 | B+ | 4/15/2025 | 1/1, 4/1, 7/1 & 10/1 | No",,2026-08-21T20:11:25Z
VNO-N,True,Vornado Realty Trust 5.25% Series N Cumulative Redeemable Preferred Shares,Traditional Preferred Stock,PREFERRED,VNO,929042810,NYSE,USD,True,False,FIXED,5.25,25.0,1.3125,11/24/2025,25.0,,,,,,Ba3 B+,"1/1, 4/1, 7/1 & 10/1",4/21/2024,VORTP,12/03/2020,False,"NYSE | 5.25% | $1.3125 | $25.00 | $25.00 | 11/24/2025 | None | Ba3 | B+ | 4/21/2024 | 1/1, 4/1, 7/1 & 10/1 | No",,2026-08-21T20:11:27Z
VNO-O,True,Vornado Realty Trust 4.45% Series O Cumulative Redeemable Preferred Shares,Traditional Preferred Stock,PREFERRED,VNO,929042794,NYSE,USD,True,False,FIXED,4.45,25.0,1.1125,9/22/2026,25.0,,,,,,Ba3 B+,"1/1, 4/1, 7/1 & 10/1",4/21/2024,VNOOP,9/29/2021,False,"NYSE | 4.45% | $1.1125 | $25.00 | $25.00 | 9/22/2026 | None | Ba3 | B+ | 4/21/2024 | 1/1, 4/1, 7/1 & 10/1 | No",,2026-08-21T20:11:28Z
VNORP,True,"Vornado Realty Trust, $3.25 Series A Convertible Preferred Shares",Traditional Convertible Preferred Stock,PREFERRED,VNO,929042208,OTOTC,USD,,False,CONVERTIBLE,,50.0,,4/01/2001,,,,,,,6.50% $3.25 $50.00 N/A 4/01/2001 None Ba3 NR 4/15/2025 0.68728 $72.75,"1/1, 4/1, 7/1 & 10/1",,VNO-A,3/25/2013,False,"OTOTCn | OTOTCps | 6.50% | $3.25 | $50.00 | N/A | 4/01/2001 | None | Ba3 | NR | 4/15/2025 | 0.68728 | $72.75 | 1/1, 4/1, 7/1 & 10/1 | No",cumulative;coupon_pct,2026-08-21T20:11:29Z
VOYA-B,True,"Voya Financial, 5.35% Dep Sh Fixed-Rate Reset Non-Cumul Preferred Stock Series B",Traditional Preferred Stock,PREFERRED,VOYA,929089209,NYSE,USD,False,True,RESET,5.35,25.0,1.34,9/15/2029,25.0,,,321.0,,9/15/2029,Ba2 BBB-,"3/15, 6/15, 9/15 & 12/15",4/18/2025,VOYXL,6/20/2019,False,"NYSE | Reset Rate | $1.34 | $25.00 | $25.00 | 9/15/2029 | None | Ba2 | BBB- | 4/18/2025 | 3/15, 6/15, 9/15 & 12/15 | YES",reference_rate,2026-08-21T20:11:31Z
VSECU,True,VSE Corp 5.750% Tangible Equity Units Due 02/01/2029,Mandatory Convertible Security,PREFERRED,VSEC,918284209,NGS,USD,,False,FIXED,5.75,50.0,2.875,,50.0,,,,,,Not Callable 2/01/2029 NR NR 2/03/2026 0.2171@230.3086+ 0.2660@188.00-,"2/1, 5/1, 8/1 & 11/1",,,,False,"NGS | 5.75% | $2.875 | $50.00 | $50.00 | Not Callable | 2/01/2029 | NR NR | 2/03/2026 | 0.2171@230.3086+ | 0.2660@188.00- | 2/1, 5/1, 8/1 & 11/1 | No",cumulative,2026-08-21T20:11:32Z
WAFDP,True,"Washington Federal Dep Shares 4.875% Non-Cumulative Preferred Stock, Series A",Traditional Preferred Stock,PREFERRED,WAFD,938824307,NGM,USD,False,True,FIXED,4.875,25.0,1.21875,4/15/2026,25.0,,,,,,Ba1 NR,"1/15, 4/15, 7/15 & 10/15",12/31/2023,WSHAP,2/11/2021,False,"NGM | 4.88% | $1.21875 | $25.00 | $25.00 | 4/15/2026 | None | Ba1 | NR | 12/31/2023 | 1/15, 4/15, 7/15 & 10/15 | YES",,2026-08-21T20:11:34Z
WAL-A,True,Western Alliance Bancorporation Dep Shares Reset Rate Non-Cumul Prfd Stock Ser A,Traditional Preferred Stock,PREFERRED,WAL,957638406,NYSE,USD,False,True,RESET,4.25,25.0,1.0625,9/30/2026,25.0,,,345.2,,,Ba3 NR,"3/30, 6/30, 9/30 & 12/30",4/21/2024,WALPL,9/27/2021,False,"NYSE | Reset Rate | $1.0625 | $25.00 | $25.00 | 9/30/2026 | None | Ba3 | NR | 4/21/2024 | 3/30, 6/30, 9/30 & 12/30 | YES",reference_rate,2026-08-21T20:11:35Z
WBS-F,True,"Webster Financial Corp., 5.25% Dep Shares Series F Non-Cumul Perp Preferred Stk",Traditional Preferred Stock,PREFERRED,WBS,947890505,NYSE,USD,False,True,FIXED,5.25,25.0,1.31,12/15/2022,25.0,,,,,,Ba1 BB,"3/15, 6/15, 9/15 & 12/15",6/15/2025,WEBFP,12/20/2017,False,"NYSE | 5.25% | $1.31 | $25.00 | $25.00 | 12/15/2022 | None | Ba1 | BB | 6/15/2025 | 3/15, 6/15, 9/15 & 12/15 | YES",,2026-08-21T20:11:37Z
WBS-G,True,"Webster Financial Corp, 6.50% Non-Cumulative Perpetual Preferred Stock Series G",Traditional Preferred Stock,PREFERRED,WBS,85917A209,NYSE,USD,False,True,FIXED,6.5,25.0,1.63,10/15/2022,25.0,,,,,,NR NR,"1/15, 4/15, 7/15 & 10/15",6/15/2025,STL-A,1/21/2022,False,"NYSE | 6.50% | $1.63 | $25.00 | $25.00 | 10/15/2022 | None | NR NR | 6/15/2025 | 1/15, 4/15, 7/15 & 10/15 | YES",,2026-08-21T20:11:38Z
WCC-A,True,"WESCO Intl, Inc. Dep Shares Ser A Rate Reset Cumulative Preferred Stock",Traditional Preferred Stock,PREFERRED,WCC,95082P303,NYSE,USD,True,True,RESET,10.625,25.0,2.65625,,25.0,,,1032.5,,,Called for 6/22/2025 None NR NR,"3/31, 6/30, 9/30 & 12/31",4/21/2024,,,False,"NYSE | Reset Rate | $2.65625 | $25.00 | $25.00 | Called for | 6/22/2025 | None | NR NR | 4/21/2024 | 3/31, 6/30, 9/30 & 12/31 | YES",reference_rate,2026-08-21T20:11:40Z
WELPM,True,"Wisconsin Electric Power Co., 6.00% Preferred Stock",Traditional Preferred Stock,PREFERRED,WEC,976656207,OTOTC,USD,,True,FIXED,6.0,100.0,,,,,,,,,6.00% $6.00 $100.00 N/A non-redeem? None Baa1 NR,"1/31, 4/30, 7/31 & 10/31",6/15/2025,,,False,"OTOTCn | OTOTCps | 6.00% | $6.00 | $100.00 | N/A | non-redeem? | None | Baa1 | NR | 6/15/2025 | 1/31, 4/30, 7/31 & 10/31 | YES",cumulative,2026-08-21T20:11:41Z
WELPP,True,"Wisconsin Electric Power Co., 3.60% Serial Preferred Stock",Traditional Preferred Stock,PREFERRED,WEC,976656306,OTOTC,USD,,True,FIXED,3.6,100.0,,,,,,,,,3.60% $3.60 $100.00 $101.00 any time None Baa1 NR,"3/1, 6/1, 9/1 & 12/1",6/15/2025,,,False,"OTOTCn | OTOTCps | 3.60% | $3.60 | $100.00 | $101.00 | any time | None | Baa1 | NR | 6/15/2025 | 3/1, 6/1, 9/1 & 12/1 | YES",cumulative,2026-08-21T20:11:42Z
WFC-A,True,"Wells Fargo & Co., 4.70% Dep Shares Non-Cumul Class A Preferred Stock Series AA",Traditional Preferred Stock,PREFERRED,WFC,94988U128,NYSE,USD,False,True,FIXED,4.7,25.0,1.175,12/15/2025,25.0,,,,,,Baa2 BB+,"3/15, 6/15, 9/15 & 12/15",4/20/2025,WFCCL,10/30/2020,False,"NYSE | 4.70% | $1.175 | $25.00 | $25.00 | 12/15/2025 | None | Baa2 | BB+ | 4/20/2025 | 3/15, 6/15, 9/15 & 12/15 | YES",,2026-08-21T20:11:44Z
WFC-C,True,"Wells Fargo & Co., 4.375% Dep Shares Non-Cumul Class A Preferred Stock Series CC",Traditional Preferred Stock,PREFERRED,WFC,95002Y202,NYSE,USD,False,True,FIXED,4.375,25.0,1.09375,3/15/2026,25.0,,,,,,Baa2 BB+,"3/15, 6/15, 9/15 & 12/15",4/20/2025,FRGOL,2/03/2021,False,"NYSE | 4.38% | $1.09375 | $25.00 | $25.00 | 3/15/2026 | None | Baa2 | BB+ | 4/20/2025 | 3/15, 6/15, 9/15 & 12/15 | YES",,2026-08-21T20:11:45Z
WFC-D,True,Wells Fargo & Co 4.25% Dep Shares Non-Cumul Perp Cls A Preferred Stock Series DD,Traditional Preferred Stock,PREFERRED,WFC,95002Y400,NYSE,USD,False,True,FIXED,4.25,25.0,1.0625,7/20/2026,25.0,,,,,,Baa2 BB+,"3/15, 6/15, 9/15 & 12/15",4/20/2025,WFPDP,7/29/2021,False,"NYSE | 4.25% | $1.0625 | $25.00 | $25.00 | 7/20/2026 | None | Baa2 | BB+ | 4/20/2025 | 3/15, 6/15, 9/15 & 12/15 | YES",,2026-08-21T20:11:47Z
WFC-L,True,"Wells Fargo & Co., 7.50% Non-Cumul Perp Conv Cl A Preferred Stock, Series L",Traditional Convertible Preferred Stock,PREFERRED,WFC,949746804,NYSE,USD,False,True,FIXED,7.5,1000.0,75.0,any time,1000.0,,,,,,Noncallable None Baa2 BB+ 4/20/2025 6.3814 $156.71,"3/15, 6/15, 9/15 & 12/15",,WB-T,1/02/2009,False,"NYSE | 7.50% | $75.00 | $1,000.00 | $1,000.00 | Noncallable | None | Baa2 | BB+ | 4/20/2025 | 6.3814 | $156.71 | 3/15, 6/15, 9/15 & 12/15 | YES",,2026-08-21T20:11:48Z
WFC-R,True,"Wells Fargo & Co., 6.625% Dep Shares Fixed/Float Non-Cumul Perp Pfd Stock Ser R",Traditional Preferred Stock,PREFERRED,WFC,949746465,NYSE,USD,False,True,FIX_TO_FLOAT,6.625,25.0,1.66,3/15/2024,25.0,,3M_LIBOR,369.0,,,Called for 3/15/2024 None Baa2 BB+,"3/15, 6/15, 9/15 & 12/15",3/30/2023,WEFAL,12/19/2013,True,"NYSE | 6.63% | $1.66 | $25.00 | $25.00 | Called for | 3/15/2024 | None | Baa2 | BB+ | 3/30/2023 | 3/15, 6/15, 9/15 & 12/15 | YES",,2026-08-21T20:11:49Z
WFC-Y,True,"Wells Fargo & Co., 5.625% Dep Shares Non-Cumul Class A Preferred Stock Series Y",Traditional Preferred Stock,PREFERRED,WFC,94988U656,NYSE,USD,False,True,FIXED,5.625,25.0,1.41,6/15/2022,25.0,,,,,,Baa2 BB+,"3/15, 6/15, 9/15 & 12/15",4/21/2025,WFGGP,4/25/2017,False,"NYSE | 5.63% | $1.41 | $25.00 | $25.00 | 6/15/2022 | None | Baa2 | BB+ | 4/21/2025 | 3/15, 6/15, 9/15 & 12/15 | YES",,2026-08-21T20:11:51Z
WFC-Z,True,Wells Fargo & Co. 4.75% Dep Shares Non-Cumul Perp Cls A Preferred Stock Series Z,Traditional Preferred Stock,PREFERRED,WFC,94988U151,NYSE,USD,False,True,FIXED,4.75,25.0,1.1875,3/15/2025,25.0,,,,,,Baa2 BB+,"3/15, 6/15, 9/15 & 12/15",4/20/2025,WFCZL,1/28/2020,False,"NYSE | 4.75% | $1.1875 | $25.00 | $25.00 | 3/15/2025 | NONE | Baa2 | BB+ | 4/20/2025 | 3/15, 6/15, 9/15 & 12/15 | YES",,2026-08-21T20:11:53Z
WHFCL,True,"WhiteHorse Finance, Inc. 7.875% Notes Due 09/15/2028",Exchange-Traded Debt Security,BABY_BOND,WHF,96524V403,NGS,USD,,False,FIXED,7.875,25.0,1.96875,9/15/2025,25.0,9/15/2028,,,,,NR NR,"3/15, 6/15, 9/15 & 12/15",8/18/2023,,,False,"NGS | 7.88% | $1.96875 | $25.00 | $25.00 | 9/15/2025 | 9/15/2028 | NR NR | 8/18/2023 | 3/15, 6/15, 9/15 & 12/15 | No",,2026-08-21T20:11:54Z
WHLRD,True,"Wheeler Real Estate Investment Trust, 8.75% Series D Cumul Conv Preferred Stock",Traditional Convertible Preferred Stock,PREFERRED,WHLR,963025606,NCM,USD,True,False,FIXED,8.75,25.0,2.19,9/21/2021,25.0,,,,,,NF NF 5/26/2025 2.12 $$2.12 Suspended!,"1/15, 4/15, 7/15 & 10/15",,,,False,"NCM | 8.75% | $2.19 | $25.00 | $25.00 | 9/21/2021 | None | NF NF | 5/26/2025 | 2.12 | $$2.12 | Suspended! | 1/15, 4/15, 7/15 & 10/15 | No",,2026-08-21T20:11:55Z
WHLRL,True,Wheeler Real Estate Investment Trust Senior Sub Convertible Notes Due 2031,Exchange-Traded Debt Security,BABY_BOND,WHLR,963025804,NCM,USD,,False,CONVERTIBLE,7.0,25.0,1.75,1/01/2024,25.0,12/31/2031,,,,,NF NF,6/30 & 12/31,2/20/2024,,,False,NCM | 7.00% | $1.75 | $25.00 | $25.00 | 1/01/2024 | 12/31/2031 | NF NF | 2/20/2024 | 6/30 & 12/31 | No,,2026-08-21T20:11:57Z
WHLRP,True,"Wheeler Real Estate Investment Trust, 9.00% Series B Cumul Conv Preferred Stock",Traditional Convertible Preferred Stock,PREFERRED,WHLR,963025309,NCM,USD,True,False,FIXED,9.0,25.0,2.25,any time,25.0,,,,,,NF NF 6/15/2025 5 $5 Suspended!,"1/15, 4/15, 7/15 & 10/15",,,,False,"NCM | 9.00% | $2.25 | $25.00 | $25.00 | None | None | NF NF | 6/15/2025 | 5 | $5 | Suspended! | 1/15, 4/15, 7/15 & 10/15 | No",,2026-08-21T20:11:58Z
WHR-A,True,Whirlpool Corp 8.50% Dep Shares Ser A Mandatory Convertible Prfd Stock Due 2029,Mandatory Convertible Security,PREFERRED,WHR,963320205,NYSE,USD,True,True,MAND_CONVERT,8.5,50.0,4.25,,,,,,,,N/A Not Callable 2/05/2029 NR NR 2/25/2026 0.6167@$81.0767+ 0.7246@$69.0036-,"2/15, 5/15, 8/15 & 11/15",,WHRDL,3/03/2026,False,"NYSE | 8.50% | $4.25 | $50.00 | N/A | Not Callable | 2/05/2029 | NR NR | 2/25/2026 | 0.6167@$81.0767+ | 0.7246@$69.0036- | 2/15, 5/15, 8/15 & 11/15 | YES",,2026-08-21T20:12:00Z
WLMCP,True,"Williams Cos. Inc., 5.5% Junior Subor Convertible Debentures due 6/1/2033",Exchange-Traded Debt Security,BABY_BOND,WMB,969457845,OTOTC,USD,,False,CONVERTIBLE,5.5,,,,,,,,,,5.50% $2.75 $50.00 N/A 6/01/2010 6/01/2033 NR NR,"3/1, 6/1, 9/1 & 12/1",12/31/2023,,,False,"OTOTCn | OTOTCps | 5.50% | $2.75 | $50.00 | N/A | 6/01/2010 | 6/01/2033 | NR NR | 12/31/2023 | 3/1, 6/1, 9/1 & 12/1 | No",par,2026-08-21T20:12:01Z
WRB-E,True,"W.R. Berkley Corp., 5.70% Subordinated Debentures due 3/30/2058",Exchange-Traded Debt Security,BABY_BOND,WRB,084423706,NYSE,USD,,False,FIXED,5.7,25.0,1.43,3/30/2023,25.0,3/30/2058,,,,,Baa3 BBB-,"3/30, 6/30, 9/30 & 12/30",6/11/2025,,,False,"NYSE | 5.70% | $1.43 | $25.00 | $25.00 | 3/30/2023 | 3/30/2058 | Baa3 | BBB- | 6/11/2025 | 3/30, 6/30, 9/30 & 12/30 | No",,2026-08-21T20:12:03Z
WRB-F,True,"W.R. Berkley Corp., 5.10% Subordinated Debentures due 12/30/2059",Exchange-Traded Debt Security,BABY_BOND,WRB,084423805,NYSE,USD,,False,FIXED,5.1,25.0,1.28,12/30/2024,25.0,12/30/2059,,,,,Baa3 BBB-,"3/30, 6/30, 9/30 & 12/30",6/11/2025,,,False,"NYSE | 5.10% | $1.28 | $25.00 | $25.00 | 12/30/2024 | 12/30/2059 | Baa3 | BBB- | 6/11/2025 | 3/30, 6/30, 9/30 & 12/30 | No",,2026-08-21T20:12:04Z
WRB-G,True,W.R. Berkley Corp. 4.25% Subordinated Debentures due 9/30/2060,Exchange-Traded Debt Security,BABY_BOND,WRB,084423888,NYSE,USD,,False,FIXED,4.25,25.0,1.0625,9/30/2025,25.0,9/30/2060,,,,,Baa3 BBB-,"3/30, 6/30, 9/30 & 12/30",6/11/2025,,,False,"NYSE | 4.25% | $1.0625 | $25.00 | $25.00 | 9/30/2025 | 9/30/2060 | Baa3 | BBB- | 6/11/2025 | 3/30, 6/30, 9/30 & 12/30 | No",,2026-08-21T20:12:06Z
WRB-H,True,W.R. Berkley Corp. 4.125% Subordinated Debentures due 3/30/2061,Exchange-Traded Debt Security,BABY_BOND,WRB,084423870,NYSE,USD,,False,FIXED,4.125,25.0,1.03125,3/30/2026,25.0,3/30/2061,,,,,Baa3 BBB-,"3/30, 6/30, 9/30 & 12/30",6/11/2025,,,False,"NYSE | 4.13% | $1.03125 | $25.00 | $25.00 | 3/30/2026 | 3/30/2061 | Baa3 | BBB- | 6/11/2025 | 3/30, 6/30, 9/30 & 12/30 | No",,2026-08-21T20:12:07Z
WSBCO,True,"WesBanco, Inc Reset Rate Non-Cumulative Preferred Stock Series B",Traditional Preferred Stock,PREFERRED,WSBC,950810887,NGS,USD,False,True,FIXED,7.375,25.0,1.84375,10/01/2030,25.0,,,,,,Ba2 NR,"1/1, 4/1, 7/1 & 10/1",9/11/2025,WSBCL,10/06/2025,False,"NGS | 7.38% | $1.84375 | $25.00 | $25.00 | 10/01/2030 | None | Ba2 | NR | 9/11/2025 | 1/1, 4/1, 7/1 & 10/1 | YES",,2026-08-21T20:12:09Z
WSBCP,True,"WesBanco, Inc Rate Reset Non-Cumulative Preferred Stock Series A",Traditional Preferred Stock,PREFERRED,WSBC,950810705,NGS,USD,False,True,RESET,6.75,25.0,1.6875,11/15/2025,25.0,,,655.7,,,NR NF,"2/15, 5/15, 8/15 & 11/15",11/30/2025,WSBKL,8/12/2020,False,"NGS | Reset Rate | $1.6875 | $25.00 | $25.00 | 11/15/2025 | None | NR NF | 11/30/2025 | 2/15, 5/15, 8/15 & 11/15 | YES",reference_rate,2026-08-21T20:12:10Z
WTFCM,True,"Wintrust Financial Corp., 6.50% Fixed/Float Non-Cumul Perp Preferred Stk Ser D",Traditional Preferred Stock,PREFERRED,WTFC,97650W405,NGS,USD,False,True,FIX_TO_FLOAT,6.5,25.0,1.63,7/15/2025,25.0,,3M_LIBOR,406.0,,7/15/2025,NF NF,"1/15, 4/15, 7/15 & 10/15",2/20/2024,WTRTP,7/09/2015,False,"NGS | FixFloat | $1.63 | $25.00 | $25.00 | 7/15/2025 | None | NF NF | 2/20/2024 | 1/15, 4/15, 7/15 & 10/15 | YES",,2026-08-21T20:12:12Z
WTFCN,True,Wintrust Financial Corp. 7.875% Dep Shares Rate Reset Non Cumul Prfd Stock Ser F,Traditional Preferred Stock,PREFERRED,WTFC,97650W702,NGS,USD,False,True,RESET,7.875,25.0,1.96875,7/15/2030,25.0,,,387.8,,,NR NR,"1/15, 4/15, 7/15 & 10/15",5/08/2025,WTFPL,5/22/2025,False,"NGS | Reset Rate | $1.96875 | $25.00 | $25.00 | 7/15/2030 | None | NR NR | 5/08/2025 | 1/15, 4/15, 7/15 & 10/15 | YES",reference_rate,2026-08-21T20:12:13Z
WTFCP,True,Wintrust Financial Corp. 6.875% Dep Shares Rate Reset Non Cumul Prfd Stock Ser E,Traditional Preferred Stock,PREFERRED,WTFC,97650W504,NGS,USD,False,True,RESET,6.875,25.0,1.72,,25.0,,,650.7,,,Called for 7/15/2025 None NF NF,"1/15, 4/15, 7/15 & 10/15",12/31/2023,WTFNL,5/29/2020,True,"NGS | Reset Rate | $1.72 | $25.00 | $25.00 | Called for | 7/15/2025 | None | NF NF | 12/31/2023 | 1/15, 4/15, 7/15 & 10/15 | YES",reference_rate,2026-08-21T20:12:15Z
WVVIP,True,"Willamette Valley Vineyards, 5.30% Series A Cumulative Red Preferred Stock",Traditional Preferred Stock,PREFERRED,WVVI,969136209,NCM,USD,True,False,FIXED,5.3,4.15,0.22,6/01/2021,4.15,,,,,,NF NF 6/15/2025 Annually in December,,,,,False,NCM | 5.30% | $0.22 | $4.15 | $4.15 | 6/01/2021 | None | NF NF | 6/15/2025 | Annually in December | No,,2026-08-21T20:12:16Z
XELAP,True,"Exela Technologies, Inc. Series B Cumulative Convertible Preferred Stock",Traditional Convertible Preferred Stock,PREFERRED,XELA,30162V607,OTOTC,USD,True,False,CONVERTIBLE,6.0,25.0,,,,,,,,,6.00% $1.5 $25.00 $25.00 N/A None NF NF 6/15/2025 N/A $1.25,"3/15, 6/15, 9/15 & 12/15",,,,False,"OTOTCn | OTOTCps | 6.00% | $1.5 | $25.00 | $25.00 | N/A | None | NF NF | 6/15/2025 | N/A | $1.25 | 3/15, 6/15, 9/15 & 12/15 | No",,2026-08-21T20:12:17Z
XELLL,True,Xcel Energy Inc 6.25% Junior Subordinated Notes Due 10/15/2085,Exchange-Traded Debt Security,BABY_BOND,XEL,98389B878,NGS,USD,,False,FIXED,6.25,25.0,1.5625,10/15/2030,25.0,10/15/2085,,,,,Baa2 BBB-,"1/15, 4/15, 7/15 & 10/15",9/30/2025,,,False,"NGS | 6.25% | $1.5625 | $25.00 | $25.00 | 10/15/2030 | 10/15/2085 | Baa2 | BBB- | 9/30/2025 | 1/15, 4/15, 7/15 & 10/15 | No",,2026-08-21T20:12:19Z
XFLT-A,True,XAI Octagon Float Rate & Alternative Income Term Trust Series 2026 Term Prfd,Traditional Preferred Stock,PREFERRED,XFLT,98400T205,NYSE,USD,True,,FIXED,6.5,25.0,1.625,03/31/2023,25.0,,,,,,Called for 10/31/2025 3/31/2026 NF NF 12/31/2023 Variable,"1/31, 4/30, 7/31 & 10/31",,,,False,"NYSE | 6.50% | $1.625 | $25.00 | $25.00 | Called for | 10/31/2025 | 3/31/2026 | NF NF | 12/31/2023 | 1/31, 4/30, 7/31 & 10/31 | Variable",qdi_eligible,2026-08-21T20:12:20Z
XOMAO,True,XOMA Corp 8.375% Depositary Shares Series B Cumulative Perpetual Preferred Stock,Traditional Preferred Stock,PREFERRED,XOMA,98419J404,NGM,USD,True,True,FIXED,8.375,25.0,2.09375,04/15/2022,26.0,,,,,,Called for 7/14/2026 None NR NR,"1/15, 4/15, 7/15 & 10/15",3/19/2024,,,False,"NGM | 8.38% | $2.09375 | $25.00 | $26.00 | Called for | 7/14/2026 | None | NR NR | 3/19/2024 | 1/15, 4/15, 7/15 & 10/15 | YES",,2026-08-21T20:12:22Z
XOMAP,True,XOMA Corp 8.625% Series A Cumulative Perpetual Preferred Stock,Traditional Preferred Stock,PREFERRED,XOMA,98419J305,NGM,USD,True,True,FIXED,8.625,25.0,2.15625,12/15/2021,25.0,,,,,,Called for 7/14/2026 None NR NR,"1/15, 4/15, 7/15 & 10/15",3/19/2024,,,False,"NGM | 8.63% | $2.15625 | $25.00 | $25.00 | Called for | 7/14/2026 | None | NR NR | 3/19/2024 | 1/15, 4/15, 7/15 & 10/15 | YES",,2026-08-21T20:12:23Z
XRN-A,True,"Chiron Real Estate Inc., 7.50% Series A Cumulative Redeemable Preferred Stock",Traditional Preferred Stock,PREFERRED,XRN,37957W203,NYSE,USD,True,False,FIXED,7.5,25.0,1.88,9/15/2022,25.0,,,,,,NF NF,"1/31, 4/30, 7/31 & 10/31",6/15/2025,GMRE-A,2/23/2026,False,"NYSE | 7.50% | $1.88 | $25.00 | $25.00 | 9/15/2022 | None | NF NF | 6/15/2025 | 1/31, 4/30, 7/31 & 10/31 | No",,2026-08-21T20:12:25Z
XRN-B,True,Chiron Real Estate Inc. 8.00% Series B Cumulative Redeemable Preferred Stock,Traditional Preferred Stock,PREFERRED,XRN,37954A402,NYSE,USD,True,False,FIXED,8.0,25.0,2.0,11/20/2030,25.0,,,,,,NR NR,"1/31, 4/30, 7/31 & 10/31",11/14/2025,GMRE-B,2/23/2026,False,"NYSE | 8.00% | $2 | $25.00 | $25.00 | 11/20/2030 | None | NR NR | 11/14/2025 | 1/31, 4/30, 7/31 & 10/31 | No",,2026-08-21T20:12:26Z
YCBD-A,True,"cbdMD, Inc. 8.0% Series A Cumulative Convertible Preferred Stock",Traditional Convertible Preferred Stock,PREFERRED,YCBD,12482W200,AMEX,USD,True,True,CONVERTIBLE,8.0,10.0,0.8,10/16/2023,10.0,,,,,,Called for 5/06/2025 None NF NF 12/31/2023 1.667 N/A Suspended! 15th of the Month,,,,,True,AMEX | 8.00% | $0.80 | $10.00 | $10.00 | Called for | 5/06/2025 | None | NF NF | 12/31/2023 | 1.667 | N/A | Suspended! | 15th of the Month | YES,,2026-08-21T20:12:28Z
YGYIP,True,"Youngevity International, Inc. 9.75% Ser D Cumul Redeemable Perpetual Pref Stock",Traditional Preferred Stock,PREFERRED,YGYI*,987537305,OTOTC,USD,True,True,FIXED,9.75,25.0,2.44,9/23/2022,25.0,,,,,,NF NF 4/23/2023 Suspended! 15th day of the Month,,,,,True,Delisted | 9.75% | $2.44 | $25.00 | $25.00 | 9/23/2022 | None | NF NF | 4/23/2023 | Suspended! | 15th day of the Month | YES,,2026-08-21T20:12:29Z
ZIONL,True,"Zions Bancorporation, Dep Shares Non-Cumul Perp Preferred Stock, Series E",Traditional Preferred Stock,PREFERRED,ZION,989701875,NYSE,USD,False,True,FIXED,11.0,25.0,2.75,,25.0,,,,,,Called for 6/15/2012 None B3 BB,"3/15, 6/15, 9/15 & 12/15",2/20/2012,ZIONL,6/18/2010,True,"NYSE | 11.00% | $2.75 | $25.00 | $25.00 | Called for | 6/15/2012 | None | B3 | BB | 2/20/2012 | 3/15, 6/15, 9/15 & 12/15 | YES",,2026-08-21T20:12:30Z
ZIONO,True,"Zions Bancorporation, 6.30% Dep Shares Fixed/Float Non-cum Pfd Stock, Series G",Traditional Preferred Stock,PREFERRED,ZION,989701859,NGS,USD,False,True,FIX_TO_FLOAT,6.3,25.0,1.58,3/15/2023,25.0,,3M_TERM_SOFR,424.0,,,Called for 12/16/2024 None NR BB+,"3/15, 6/15, 9/15 & 12/15",4/09/2023,ZB-G,1/02/2020,True,"NGS | FixFloat | $1.58 | $25.00 | $25.00 | Called for | 12/16/2024 | None | NR | BB+ | 4/09/2023 | 3/15, 6/15, 9/15 & 12/15 | YES",,2026-08-21T20:12:32Z
ZIONP,True,"Zions Bancorporation, Floating Rate Series A Non-cumul Perp Preferred Stock",Traditional Preferred Stock,PREFERRED,ZION,98973A104,NGS,USD,False,True,VARIABLE,,25.0,,12/15/2011,,,3M_TERM_SOFR,52.0,,,$25.00 $25.00 12/15/2011 None Baa3 BB+,"3/15, 6/15, 9/15 & 12/15",5/26/2025,ZB-A,1/02/2020,False,"NGS | Variable | n.a. | $25.00 | $25.00 | 12/15/2011 | None | Baa3 | BB+ | 5/26/2025 | 3/15, 6/15, 9/15 & 12/15 | YES",coupon_pct,2026-08-21T20:12:33Z
